{
  "model": "claude-opus-4-6",
  "template": "PS3_KI2",
  "total_samples": 50,
  "valid_json_count": 50,
  "json_validity_rate": 1.0,
  "overall_accuracy": 0.8300000000000001,
  "overall_accuracy_micro": 0.83,
  "overall_precision": 0.8517450211968847,
  "overall_precision_micro": 0.8521560574948666,
  "overall_recall": 0.9687655129619415,
  "overall_recall_micro": 0.969626168224299,
  "overall_f1": 0.9024125491078481,
  "overall_f1_micro": 0.907103825136612,
  "overall_hallucination_rate": 0.018480492813141684,
  "avg_latency_seconds": 15.791656265258789,
  "field_metrics": {
    "organizations[0].name": {
      "accuracy": 0.9574468085106383,
      "precision": 1.0,
      "recall": 0.9574468085106383,
      "f1_score": 0.9782608695652174,
      "correct": 45,
      "incorrect": 0,
      "missing": 2,
      "hallucinated": 0
    },
    "organizations[0].role": {
      "accuracy": 0.8085106382978723,
      "precision": 0.8444444444444444,
      "recall": 0.95,
      "f1_score": 0.8941176470588236,
      "correct": 38,
      "incorrect": 7,
      "missing": 2,
      "hallucinated": 0
    },
    "organizations[1].name": {
      "accuracy": 0.8181818181818182,
      "precision": 0.9642857142857143,
      "recall": 0.84375,
      "f1_score": 0.8999999999999999,
      "correct": 27,
      "incorrect": 1,
      "missing": 5,
      "hallucinated": 0
    },
    "organizations[1].role": {
      "accuracy": 0.45454545454545453,
      "precision": 0.5357142857142857,
      "recall": 0.75,
      "f1_score": 0.6250000000000001,
      "correct": 15,
      "incorrect": 13,
      "missing": 5,
      "hallucinated": 0
    },
    "organizations[2].name": {
      "accuracy": 0.3333333333333333,
      "precision": 1.0,
      "recall": 0.3333333333333333,
      "f1_score": 0.5,
      "correct": 5,
      "incorrect": 0,
      "missing": 10,
      "hallucinated": 0
    },
    "organizations[2].role": {
      "accuracy": 0.3333333333333333,
      "precision": 1.0,
      "recall": 0.3333333333333333,
      "f1_score": 0.5,
      "correct": 5,
      "incorrect": 0,
      "missing": 10,
      "hallucinated": 0
    },
    "ai_system.name": {
      "accuracy": 0.88,
      "precision": 0.88,
      "recall": 1.0,
      "f1_score": 0.9361702127659575,
      "correct": 44,
      "incorrect": 3,
      "missing": 0,
      "hallucinated": 3
    },
    "ai_system.system_type": {
      "accuracy": 0.78,
      "precision": 0.78,
      "recall": 1.0,
      "f1_score": 0.8764044943820225,
      "correct": 39,
      "incorrect": 11,
      "missing": 0,
      "hallucinated": 0
    },
    "ai_system.developer": {
      "accuracy": 0.9,
      "precision": 0.9782608695652174,
      "recall": 0.9183673469387755,
      "f1_score": 0.9473684210526316,
      "correct": 45,
      "incorrect": 1,
      "missing": 4,
      "hallucinated": 0
    },
    "ai_system.deployer": {
      "accuracy": 0.7,
      "precision": 0.7777777777777778,
      "recall": 0.875,
      "f1_score": 0.823529411764706,
      "correct": 35,
      "incorrect": 4,
      "missing": 5,
      "hallucinated": 6
    },
    "harm.severity": {
      "accuracy": 0.62,
      "precision": 0.6326530612244898,
      "recall": 0.96875,
      "f1_score": 0.7654320987654322,
      "correct": 31,
      "incorrect": 18,
      "missing": 1,
      "hallucinated": 0
    },
    "harm.harm_type": {
      "accuracy": 0.86,
      "precision": 0.86,
      "recall": 1.0,
      "f1_score": 0.924731182795699,
      "correct": 43,
      "incorrect": 7,
      "missing": 0,
      "hallucinated": 0
    },
    "harm.affected_parties": {
      "accuracy": 0.7,
      "precision": 0.7291666666666666,
      "recall": 0.9459459459459459,
      "f1_score": 0.8235294117647058,
      "correct": 35,
      "incorrect": 13,
      "missing": 2,
      "hallucinated": 0
    },
    "event.event_location": {
      "accuracy": 1.0,
      "precision": 1.0,
      "recall": 1.0,
      "f1_score": 1.0,
      "correct": 50,
      "incorrect": 0,
      "missing": 0,
      "hallucinated": 0
    },
    "event.event_type": {
      "accuracy": 0.9,
      "precision": 0.9,
      "recall": 1.0,
      "f1_score": 0.9473684210526316,
      "correct": 45,
      "incorrect": 5,
      "missing": 0,
      "hallucinated": 0
    },
    "event.event_date": {
      "accuracy": 0.96,
      "precision": 0.9795918367346939,
      "recall": 0.9795918367346939,
      "f1_score": 0.9795918367346939,
      "correct": 48,
      "incorrect": 1,
      "missing": 1,
      "hallucinated": 0
    },
    "organizations[h0].name": {
      "accuracy": 0.0,
      "precision": 0.0,
      "recall": 0.0,
      "f1_score": 0.0,
      "correct": 0,
      "incorrect": 0,
      "missing": 0,
      "hallucinated": 5
    },
    "organizations[h0].role": {
      "accuracy": 0.0,
      "precision": 0.0,
      "recall": 0.0,
      "f1_score": 0.0,
      "correct": 0,
      "incorrect": 0,
      "missing": 0,
      "hallucinated": 5
    },
    "organizations[h1].name": {
      "accuracy": 0.0,
      "precision": 0.0,
      "recall": 0.0,
      "f1_score": 0.0,
      "correct": 0,
      "incorrect": 0,
      "missing": 0,
      "hallucinated": 18
    },
    "organizations[h1].role": {
      "accuracy": 0.0,
      "precision": 0.0,
      "recall": 0.0,
      "f1_score": 0.0,
      "correct": 0,
      "incorrect": 0,
      "missing": 0,
      "hallucinated": 18
    },
    "organizations[h2].name": {
      "accuracy": 0.0,
      "precision": 0.0,
      "recall": 0.0,
      "f1_score": 0.0,
      "correct": 0,
      "incorrect": 0,
      "missing": 0,
      "hallucinated": 15
    },
    "organizations[h2].role": {
      "accuracy": 0.0,
      "precision": 0.0,
      "recall": 0.0,
      "f1_score": 0.0,
      "correct": 0,
      "incorrect": 0,
      "missing": 0,
      "hallucinated": 15
    },
    "organizations[h3].name": {
      "accuracy": 0.0,
      "precision": 0.0,
      "recall": 0.0,
      "f1_score": 0.0,
      "correct": 0,
      "incorrect": 0,
      "missing": 0,
      "hallucinated": 9
    },
    "organizations[h3].role": {
      "accuracy": 0.0,
      "precision": 0.0,
      "recall": 0.0,
      "f1_score": 0.0,
      "correct": 0,
      "incorrect": 0,
      "missing": 0,
      "hallucinated": 9
    },
    "organizations[3].name": {
      "accuracy": 0.3333333333333333,
      "precision": 1.0,
      "recall": 0.3333333333333333,
      "f1_score": 0.5,
      "correct": 1,
      "incorrect": 0,
      "missing": 2,
      "hallucinated": 0
    },
    "organizations[3].role": {
      "accuracy": 0.3333333333333333,
      "precision": 1.0,
      "recall": 0.3333333333333333,
      "f1_score": 0.5,
      "correct": 1,
      "incorrect": 0,
      "missing": 2,
      "hallucinated": 0
    },
    "organizations[4].name": {
      "accuracy": 0.0,
      "precision": 0.0,
      "recall": 0.0,
      "f1_score": 0.0,
      "correct": 0,
      "incorrect": 0,
      "missing": 1,
      "hallucinated": 0
    },
    "organizations[4].role": {
      "accuracy": 0.0,
      "precision": 0.0,
      "recall": 0.0,
      "f1_score": 0.0,
      "correct": 0,
      "incorrect": 0,
      "missing": 1,
      "hallucinated": 0
    },
    "organizations[h4].name": {
      "accuracy": 0.0,
      "precision": 0.0,
      "recall": 0.0,
      "f1_score": 0.0,
      "correct": 0,
      "incorrect": 0,
      "missing": 0,
      "hallucinated": 1
    },
    "organizations[h4].role": {
      "accuracy": 0.0,
      "precision": 0.0,
      "recall": 0.0,
      "f1_score": 0.0,
      "correct": 0,
      "incorrect": 0,
      "missing": 0,
      "hallucinated": 1
    },
    "organizations[h5].name": {
      "accuracy": 0.0,
      "precision": 0.0,
      "recall": 0.0,
      "f1_score": 0.0,
      "correct": 0,
      "incorrect": 0,
      "missing": 0,
      "hallucinated": 1
    },
    "organizations[h5].role": {
      "accuracy": 0.0,
      "precision": 0.0,
      "recall": 0.0,
      "f1_score": 0.0,
      "correct": 0,
      "incorrect": 0,