{
  "model": "claude-haiku-4-5-20251001",
  "template": "PS2_KI3",
  "total_samples": 50,
  "valid_json_count": 50,
  "json_validity_rate": 1.0,
  "overall_accuracy": 0.6001972920696325,
  "overall_precision": 0.7692920628311992,
  "overall_recall": 0.7006127433157043,
  "overall_f1": 0.700609769566088,
  "overall_hallucination_rate": 0.12138728323699421,
  "avg_latency_seconds": 2.2784948682785036,
  "field_metrics": {
    "ai_system.developer": {
      "accuracy": 0.88,
      "precision": 0.9565217391304348,
      "recall": 0.9166666666666666,
      "f1_score": 0.9361702127659574,
      "correct": 44,
      "incorrect": 1,
      "missing": 4,
      "hallucinated": 1
    },
    "ai_system.deployer": {
      "accuracy": 0.76,
      "precision": 0.8837209302325582,
      "recall": 0.8444444444444444,
      "f1_score": 0.8636363636363636,
      "correct": 38,
      "incorrect": 2,
      "missing": 7,
      "hallucinated": 3
    },
    "ai_system.system_type": {
      "accuracy": 0.72,
      "precision": 0.7346938775510204,
      "recall": 0.972972972972973,
      "f1_score": 0.8372093023255813,
      "correct": 36,
      "incorrect": 12,
      "missing": 1,
      "hallucinated": 1
    },
    "ai_system.name": {
      "accuracy": 0.82,
      "precision": 0.8367346938775511,
      "recall": 0.9761904761904762,
      "f1_score": 0.9010989010989012,
      "correct": 41,
      "incorrect": 1,
      "missing": 1,
      "hallucinated": 7
    },
    "organizations[0].name": {
      "accuracy": 0.9574468085106383,
      "precision": 1.0,
      "recall": 0.9574468085106383,
      "f1_score": 0.9782608695652174,
      "correct": 45,
      "incorrect": 0,
      "missing": 2,
      "hallucinated": 0
    },
    "organizations[0].role": {
      "accuracy": 0.7446808510638298,
      "precision": 0.7777777777777778,
      "recall": 0.9459459459459459,
      "f1_score": 0.8536585365853658,
      "correct": 35,
      "incorrect": 9,
      "missing": 2,
      "hallucinated": 1
    },
    "organizations[1].name": {
      "accuracy": 0.7878787878787878,
      "precision": 0.9285714285714286,
      "recall": 0.8387096774193549,
      "f1_score": 0.8813559322033899,
      "correct": 26,
      "incorrect": 2,
      "missing": 5,
      "hallucinated": 0
    },
    "organizations[1].role": {
      "accuracy": 0.3939393939393939,
      "precision": 0.4642857142857143,
      "recall": 0.7222222222222222,
      "f1_score": 0.5652173913043479,
      "correct": 13,
      "incorrect": 14,
      "missing": 5,
      "hallucinated": 1
    },
    "organizations[2].name": {
      "accuracy": 0.4,
      "precision": 1.0,
      "recall": 0.4,
      "f1_score": 0.5714285714285715,
      "correct": 6,
      "incorrect": 0,
      "missing": 9,
      "hallucinated": 0
    },
    "organizations[2].role": {
      "accuracy": 0.3333333333333333,
      "precision": 0.8333333333333334,
      "recall": 0.35714285714285715,
      "f1_score": 0.5,
      "correct": 5,
      "incorrect": 1,
      "missing": 9,
      "hallucinated": 0
    },
    "event.event_date": {
      "accuracy": 0.96,
      "precision": 0.96,
      "recall": 1.0,
      "f1_score": 0.9795918367346939,
      "correct": 48,
      "incorrect": 2,
      "missing": 0,
      "hallucinated": 0
    },
    "event.event_location": {
      "accuracy": 0.66,
      "precision": 0.9705882352941176,
      "recall": 0.673469387755102,
      "f1_score": 0.7951807228915663,
      "correct": 33,
      "incorrect": 1,
      "missing": 16,
      "hallucinated": 0
    },
    "event.event_type": {
      "accuracy": 0.9,
      "precision": 0.9,
      "recall": 1.0,
      "f1_score": 0.9473684210526316,
      "correct": 45,
      "incorrect": 5,
      "missing": 0,
      "hallucinated": 0
    },
    "harm.affected_parties": {
      "accuracy": 0.66,
      "precision": 0.717391304347826,
      "recall": 0.8918918918918919,
      "f1_score": 0.7951807228915664,
      "correct": 33,
      "incorrect": 13,
      "missing": 4,
      "hallucinated": 0
    },
    "harm.severity": {
      "accuracy": 0.56,
      "precision": 0.6222222222222222,
      "recall": 0.8484848484848485,
      "f1_score": 0.7179487179487178,
      "correct": 28,
      "incorrect": 17,
      "missing": 5,
      "hallucinated": 0
    },
    "harm.harm_type": {
      "accuracy": 0.8,
      "precision": 0.8,
      "recall": 1.0,
      "f1_score": 0.888888888888889,
      "correct": 40,
      "incorrect": 10,
      "missing": 0,
      "hallucinated": 0
    },
    "organizations[h0].name": {
      "accuracy": 0.0,
      "precision": 0.0,
      "recall": 0.0,
      "f1_score": 0.0,
      "correct": 0,
      "incorrect": 0,
      "missing": 0,
      "hallucinated": 6
    },
    "organizations[h0].role": {
      "accuracy": 0.0,
      "precision": 0.0,
      "recall": 0.0,
      "f1_score": 0.0,
      "correct": 0,
      "incorrect": 0,
      "missing": 0,
      "hallucinated": 6
    },
    "organizations[h1].name": {
      "accuracy": 0.0,
      "precision": 0.0,
      "recall": 0.0,
      "f1_score": 0.0,
      "correct": 0,
      "incorrect": 0,
      "missing": 0,
      "hallucinated": 15
    },
    "organizations[h1].role": {
      "accuracy": 0.0,
      "precision": 0.0,
      "recall": 0.0,
      "f1_score": 0.0,
      "correct": 0,
      "incorrect": 0,
      "missing": 0,
      "hallucinated": 15
    },
    "organizations[h2].name": {
      "accuracy": 0.0,
      "precision": 0.0,
      "recall": 0.0,
      "f1_score": 0.0,
      "correct": 0,
      "incorrect": 0,
      "missing": 0,
      "hallucinated": 10
    },
    "organizations[h2].role": {
      "accuracy": 0.0,
      "precision": 0.0,
      "recall": 0.0,
      "f1_score": 0.0,
      "correct": 0,
      "incorrect": 0,
      "missing": 0,
      "hallucinated": 10
    },
    "organizations[h3].name": {
      "accuracy": 0.0,
      "precision": 0.0,
      "recall": 0.0,
      "f1_score": 0.0,
      "correct": 0,
      "incorrect": 0,
      "missing": 0,
      "hallucinated": 4
    },
    "organizations[h3].role": {
      "accuracy": 0.0,
      "precision": 0.0,
      "recall": 0.0,
      "f1_score": 0.0,
      "correct": 0,
      "incorrect": 0,
      "missing": 0,
      "hallucinated": 4
    },
    "organizations[3].name": {
      "accuracy": 0.3333333333333333,
      "precision": 1.0,
      "recall": 0.3333333333333333,
      "f1_score": 0.5,
      "correct": 1,
      "incorrect": 0,
      "missing": 2,
      "hallucinated": 0
    },
    "organizations[3].role": {
      "accuracy": 0.3333333333333333,
      "precision": 1.0,
      "recall": 0.3333333333333333,
      "f1_score": 0.5,
      "correct": 1,
      "incorrect": 0,
      "missing": 2,
      "hallucinated": 0
    },
    "organizations[4].name": {
      "accuracy": 0.0,
      "precision": 0.0,
      "recall": 0.0,
      "f1_score": 0.0,
      "correct": 0,
      "incorrect": 0,
      "missing": 1,
      "hallucinated": 0
    },
    "organizations[4].role": {
      "accuracy": 0.0,
      "precision": 0.0,
      "recall": 0.0,
      "f1_score": 0.0,
      "correct": 0,
      "incorrect": 0,
      "missing": 1,
      "hallucinated": 0
    }
  },
  "error_count": 0
}