{
  "model": "llama3.1:8b",
  "template": "PS1_KI1",
  "total_samples": 50,
  "valid_json_count": 50,
  "json_validity_rate": 1.0,
  "overall_accuracy": 0.30885493230174077,
  "overall_accuracy_micro": 0.42620481927710846,
  "overall_precision": 0.4255983260779554,
  "overall_precision_micro": 0.49217391304347824,
  "overall_recall": 0.4919071187408253,
  "overall_recall_micro": 0.6970443349753694,
  "overall_f1": 0.3914124025030689,
  "overall_f1_micro": 0.5769622833843018,
  "overall_hallucination_rate": 0.1765601217656012,
  "avg_latency_seconds": 7.87722538471222,
  "field_metrics": {
    "ai_system.name": {
      "accuracy": 0.68,
      "precision": 0.68,
      "recall": 1.0,
      "f1_score": 0.8095238095238095,
      "correct": 34,
      "incorrect": 2,
      "missing": 0,
      "hallucinated": 14
    },
    "ai_system.system_type": {
      "accuracy": 0.12,
      "precision": 0.12244897959183673,
      "recall": 0.8571428571428571,
      "f1_score": 0.21428571428571427,
      "correct": 6,
      "incorrect": 43,
      "missing": 1,
      "hallucinated": 0
    },
    "ai_system.developer": {
      "accuracy": 0.74,
      "precision": 0.8809523809523809,
      "recall": 0.8222222222222222,
      "f1_score": 0.8505747126436781,
      "correct": 37,
      "incorrect": 3,
      "missing": 8,
      "hallucinated": 2
    },
    "ai_system.deployer": {
      "accuracy": 0.4,
      "precision": 0.46511627906976744,
      "recall": 0.7407407407407407,
      "f1_score": 0.5714285714285714,
      "correct": 20,
      "incorrect": 6,
      "missing": 7,
      "hallucinated": 17
    },
    "organizations[0].name": {
      "accuracy": 0.7446808510638298,
      "precision": 1.0,
      "recall": 0.7446808510638298,
      "f1_score": 0.8536585365853657,
      "correct": 35,
      "incorrect": 0,
      "missing": 12,
      "hallucinated": 0
    },
    "organizations[0].role": {
      "accuracy": 0.2978723404255319,
      "precision": 0.4,
      "recall": 0.5384615384615384,
      "f1_score": 0.45901639344262296,
      "correct": 14,
      "incorrect": 21,
      "missing": 12,
      "hallucinated": 0
    },
    "organizations[1].name": {
      "accuracy": 0.5757575757575758,
      "precision": 1.0,
      "recall": 0.5757575757575758,
      "f1_score": 0.7307692307692308,
      "correct": 19,
      "incorrect": 0,
      "missing": 14,
      "hallucinated": 0
    },
    "organizations[1].role": {
      "accuracy": 0.21212121212121213,
      "precision": 0.3684210526315789,
      "recall": 0.3333333333333333,
      "f1_score": 0.35,
      "correct": 7,
      "incorrect": 12,
      "missing": 14,
      "hallucinated": 0
    },
    "organizations[2].name": {
      "accuracy": 0.2,
      "precision": 1.0,
      "recall": 0.2,
      "f1_score": 0.33333333333333337,
      "correct": 3,
      "incorrect": 0,
      "missing": 12,
      "hallucinated": 0
    },
    "organizations[2].role": {
      "accuracy": 0.06666666666666667,
      "precision": 0.3333333333333333,
      "recall": 0.07692307692307693,
      "f1_score": 0.125,
      "correct": 1,
      "incorrect": 2,
      "missing": 12,
      "hallucinated": 0
    },
    "harm.harm_type": {
      "accuracy": 0.04,
      "precision": 0.04,
      "recall": 1.0,
      "f1_score": 0.07692307692307693,
      "correct": 2,
      "incorrect": 48,
      "missing": 0,
      "hallucinated": 0
    },
    "harm.severity": {
      "accuracy": 0.04,
      "precision": 0.06060606060606061,
      "recall": 0.10526315789473684,
      "f1_score": 0.07692307692307693,
      "correct": 2,
      "incorrect": 31,
      "missing": 17,
      "hallucinated": 0
    },
    "harm.affected_parties": {
      "accuracy": 0.38,
      "precision": 0.3877551020408163,
      "recall": 0.95,
      "f1_score": 0.5507246376811594,
      "correct": 19,
      "incorrect": 29,
      "missing": 1,
      "hallucinated": 1
    },
    "event.event_date": {
      "accuracy": 0.84,
      "precision": 0.9333333333333333,
      "recall": 0.8936170212765957,
      "f1_score": 0.9130434782608695,
      "correct": 42,
      "incorrect": 3,
      "missing": 5,
      "hallucinated": 0
    },
    "event.event_type": {
      "accuracy": 0.0,
      "precision": 0.0,
      "recall": 0.0,
      "f1_score": 0.0,
      "correct": 0,
      "incorrect": 50,
      "missing": 0,
      "hallucinated": 0
    },
    "event.event_location": {
      "accuracy": 0.84,
      "precision": 0.84,
      "recall": 1.0,
      "f1_score": 0.9130434782608696,
      "correct": 42,
      "incorrect": 8,
      "missing": 0,
      "hallucinated": 0
    },
    "organizations[h0].name": {
      "accuracy": 0.0,
      "precision": 0.0,
      "recall": 0.0,
      "f1_score": 0.0,
      "correct": 0,
      "incorrect": 0,
      "missing": 0,
      "hallucinated": 12
    },
    "organizations[h0].role": {
      "accuracy": 0.0,
      "precision": 0.0,
      "recall": 0.0,
      "f1_score": 0.0,
      "correct": 0,
      "incorrect": 0,
      "missing": 0,
      "hallucinated": 12
    },
    "organizations[h1].name": {
      "accuracy": 0.0,
      "precision": 0.0,
      "recall": 0.0,
      "f1_score": 0.0,
      "correct": 0,
      "incorrect": 0,
      "missing": 0,
      "hallucinated": 19
    },
    "organizations[h1].role": {
      "accuracy": 0.0,
      "precision": 0.0,
      "recall": 0.0,
      "f1_score": 0.0,
      "correct": 0,
      "incorrect": 0,
      "missing": 0,
      "hallucinated": 19
    },
    "organizations[3].name": {
      "accuracy": 0.0,
      "precision": 0.0,
      "recall": 0.0,
      "f1_score": 0.0,
      "correct": 0,
      "incorrect": 0,
      "missing": 3,
      "hallucinated": 0
    },
    "organizations[3].role": {
      "accuracy": 0.0,
      "precision": 0.0,
      "recall": 0.0,
      "f1_score": 0.0,
      "correct": 0,
      "incorrect": 0,
      "missing": 3,
      "hallucinated": 0
    },
    "organizations[h2].name": {
      "accuracy": 0.0,
      "precision": 0.0,
      "recall": 0.0,
      "f1_score": 0.0,
      "correct": 0,
      "incorrect": 0,
      "missing": 0,
      "hallucinated": 8
    },
    "organizations[h2].role": {
      "accuracy": 0.0,
      "precision": 0.0,
      "recall": 0.0,
      "f1_score": 0.0,
      "correct": 0,
      "incorrect": 0,
      "missing": 0,
      "hallucinated": 8
    },
    "organizations[4].name": {
      "accuracy": 0.0,
      "precision": 0.0,
      "recall": 0.0,
      "f1_score": 0.0,
      "correct": 0,
      "incorrect": 0,
      "missing": 1,
      "hallucinated": 0
    },
    "organizations[4].role": {
      "accuracy": 0.0,
      "precision": 0.0,
      "recall": 0.0,
      "f1_score": 0.0,
      "correct": 0,
      "incorrect": 0,
      "missing": 1,
      "hallucinated": 0
    },
    "organizations[h3].name": {
      "accuracy": 0.0,
      "precision": 0.0,
      "recall": 0.0,
      "f1_score": 0.0,
      "correct": 0,
      "incorrect": 0,
      "missing": 0,
      "hallucinated": 1
    },
    "organizations[h3].role": {
      "accuracy": 0.0,
      "precision": 0.0,
      "recall": 0.0,
      "f1_score": 0.0,
      "correct": 0,
      "incorrect": 0,
      "missing": 0,
      "hallucinated": 1
    },
    "organizations[h4].name": {
      "accuracy": 0.0,
      "precision": 0.0,
      "recall": 0.0,
      "f1_score": 0.0,
      "correct": 0,
      "incorrect": 0,
      "missing": 0,
      "hallucinated": 1
    },
    "organizations[h4].role": {
      "accuracy": 0.0,
      "precision": 0.0,
      "recall": 0.0,
      "f1_score": 0.0,
      "correct": 0,
      "incorrect": 0,
      "missing": 0,
      "hallucinated": 1
    }
  },
  "error_count": 0
}