{
  "model": "llama3.1:8b",
  "template": "PS3_KI4",
  "total_samples": 50,
  "valid_json_count": 50,
  "json_validity_rate": 1.0,
  "overall_accuracy": 0.364,
  "overall_accuracy_micro": 0.364,
  "overall_precision": 0.5483219954648526,
  "overall_precision_micro": 0.5928338762214984,
  "overall_recall": 0.49613346883468834,
  "overall_recall_micro": 0.48533333333333334,
  "overall_f1": 0.4392543839544052,
  "overall_f1_micro": 0.533724340175953,
  "overall_hallucination_rate": 0.05863192182410423,
  "avg_latency_seconds": 15.545891103744507,
  "field_metrics": {
    "organizations[0].name": {
      "accuracy": 0.851063829787234,
      "precision": 1.0,
      "recall": 0.851063829787234,
      "f1_score": 0.9195402298850576,
      "correct": 40,
      "incorrect": 0,
      "missing": 7,
      "hallucinated": 0
    },
    "organizations[0].role": {
      "accuracy": 0.3404255319148936,
      "precision": 0.43243243243243246,
      "recall": 0.6153846153846154,
      "f1_score": 0.5079365079365079,
      "correct": 16,
      "incorrect": 21,
      "missing": 10,
      "hallucinated": 0
    },
    "organizations[1].name": {
      "accuracy": 0.6363636363636364,
      "precision": 0.9545454545454546,
      "recall": 0.65625,
      "f1_score": 0.7777777777777778,
      "correct": 21,
      "incorrect": 1,
      "missing": 11,
      "hallucinated": 0
    },
    "organizations[1].role": {
      "accuracy": 0.21212121212121213,
      "precision": 0.3333333333333333,
      "recall": 0.3684210526315789,
      "f1_score": 0.35,
      "correct": 7,
      "incorrect": 14,
      "missing": 12,
      "hallucinated": 0
    },
    "organizations[2].name": {
      "accuracy": 0.4,
      "precision": 1.0,
      "recall": 0.4,
      "f1_score": 0.5714285714285715,
      "correct": 6,
      "incorrect": 0,
      "missing": 9,
      "hallucinated": 0
    },
    "organizations[2].role": {
      "accuracy": 0.06666666666666667,
      "precision": 0.16666666666666666,
      "recall": 0.1,
      "f1_score": 0.125,
      "correct": 1,
      "incorrect": 5,
      "missing": 9,
      "hallucinated": 0
    },
    "event.event_type": {
      "accuracy": 0.0,
      "precision": 0.0,
      "recall": 0.0,
      "f1_score": 0.0,
      "correct": 0,
      "incorrect": 3,
      "missing": 47,
      "hallucinated": 0
    },
    "event.event_date": {
      "accuracy": 0.96,
      "precision": 0.96,
      "recall": 1.0,
      "f1_score": 0.9795918367346939,
      "correct": 48,
      "incorrect": 2,
      "missing": 0,
      "hallucinated": 0
    },
    "event.event_location": {
      "accuracy": 0.94,
      "precision": 0.94,
      "recall": 1.0,
      "f1_score": 0.9690721649484536,
      "correct": 47,
      "incorrect": 3,
      "missing": 0,
      "hallucinated": 0
    },
    "harm.severity": {
      "accuracy": 0.02,
      "precision": 0.1,
      "recall": 0.024390243902439025,
      "f1_score": 0.03921568627450981,
      "correct": 1,
      "incorrect": 9,
      "missing": 40,
      "hallucinated": 0
    },
    "harm.harm_type": {
      "accuracy": 0.02,
      "precision": 0.023809523809523808,
      "recall": 0.1111111111111111,
      "f1_score": 0.0392156862745098,
      "correct": 1,
      "incorrect": 41,
      "missing": 8,
      "hallucinated": 0
    },
    "harm.affected_parties": {
      "accuracy": 0.14,
      "precision": 0.7777777777777778,
      "recall": 0.14583333333333334,
      "f1_score": 0.24561403508771928,
      "correct": 7,
      "incorrect": 2,
      "missing": 41,
      "hallucinated": 0
    },
    "ai_system.name": {
      "accuracy": 0.6,
      "precision": 0.6,
      "recall": 1.0,
      "f1_score": 0.7499999999999999,
      "correct": 30,
      "incorrect": 2,
      "missing": 0,
      "hallucinated": 18
    },
    "ai_system.system_type": {
      "accuracy": 0.08,
      "precision": 0.08163265306122448,
      "recall": 0.8,
      "f1_score": 0.1481481481481481,
      "correct": 4,
      "incorrect": 45,
      "missing": 1,
      "hallucinated": 0
    },
    "ai_system.developer": {
      "accuracy": 0.42,
      "precision": 1.0,
      "recall": 0.42,
      "f1_score": 0.5915492957746479,
      "correct": 21,
      "incorrect": 0,
      "missing": 29,
      "hallucinated": 0
    },
    "ai_system.deployer": {
      "accuracy": 0.46,
      "precision": 1.0,
      "recall": 0.46,
      "f1_score": 0.6301369863013699,
      "correct": 23,
      "incorrect": 0,
      "missing": 27,
      "hallucinated": 0
    },
    "organizations[h0].name": {
      "accuracy": 0.0,
      "precision": 0.0,
      "recall": 0.0,
      "f1_score": 0.0,
      "correct": 0,
      "incorrect": 0,
      "missing": 0,
      "hallucinated": 11
    },
    "organizations[h0].role": {
      "accuracy": 0.0,
      "precision": 0.0,
      "recall": 0.0,
      "f1_score": 0.0,
      "correct": 0,
      "incorrect": 0,
      "missing": 0,
      "hallucinated": 11
    },
    "organizations[h1].name": {
      "accuracy": 0.0,
      "precision": 0.0,
      "recall": 0.0,
      "f1_score": 0.0,
      "correct": 0,
      "incorrect": 0,
      "missing": 0,
      "hallucinated": 5
    },
    "organizations[h1].role": {
      "accuracy": 0.0,
      "precision": 0.0,
      "recall": 0.0,
      "f1_score": 0.0,
      "correct": 0,
      "incorrect": 0,
      "missing": 0,
      "hallucinated": 5
    },
    "organizations[h2].name": {
      "accuracy": 0.0,
      "precision": 0.0,
      "recall": 0.0,
      "f1_score": 0.0,
      "correct": 0,
      "incorrect": 0,
      "missing": 0,
      "hallucinated": 4
    },
    "organizations[h2].role": {
      "accuracy": 0.0,
      "precision": 0.0,
      "recall": 0.0,
      "f1_score": 0.0,
      "correct": 0,
      "incorrect": 0,
      "missing": 0,
      "hallucinated": 4
    },
    "harm.Psychological.Distress.severity": {
      "accuracy": 0.0,
      "precision": 0.0,
      "recall": 0.0,
      "f1_score": 0.0,
      "correct": 0,
      "incorrect": 0,
      "missing": 0,
      "hallucinated": 1
    },
    "organizations[3].name": {
      "accuracy": 0.0,
      "precision": 0.0,
      "recall": 0.0,
      "f1_score": 0.0,
      "correct": 0,
      "incorrect": 0,
      "missing": 3,
      "hallucinated": 0
    },
    "organizations[3].role": {
      "accuracy": 0.0,
      "precision": 0.0,
      "recall": 0.0,
      "f1_score": 0.0,
      "correct": 0,
      "incorrect": 0,
      "missing": 3,
      "hallucinated": 0
    },
    "harm.physical": {
      "accuracy": 0.0,
      "precision": 0.0,
      "recall": 0.0,
      "f1_score": 0.0,
      "correct": 0,
      "incorrect": 0,
      "missing": 0,
      "hallucinated": 1
    },
    "harm.Physical.Death": {
      "accuracy": 0.0,
      "precision": 0.0,
      "recall": 0.0,
      "f1_score": 0.0,
      "correct": 0,
      "incorrect": 0,
      "missing": 0,
      "hallucinated": 2
    },
    "organizations[4].name": {
      "accuracy": 0.0,
      "precision": 0.0,
      "recall": 0.0,
      "f1_score": 0.0,
      "correct": 0,
      "incorrect": 0,
      "missing": 1,
      "hallucinated": 0
    },
    "organizations[4].role": {
      "accuracy": 0.0,
      "precision": 0.0,
      "recall": 0.0,
      "f1_score": 0.0,
      "correct": 0,
      "incorrect": 0,
      "missing": 1,
      "hallucinated": 0
    }
  },
  "error_count": 0
}