{
  "model": "llama3.1:8b",
  "template": "PS2_KI1",
  "total_samples": 50,
  "valid_json_count": 50,
  "json_validity_rate": 1.0,
  "overall_accuracy": 0.42261960025789813,
  "overall_precision": 0.5412639587193323,
  "overall_recall": 0.5778209012725564,
  "overall_f1": 0.5249519736924764,
  "overall_hallucination_rate": 0.1490015360983103,
  "avg_latency_seconds": 9.346949787139893,
  "field_metrics": {
    "organizations[0].name": {
      "accuracy": 0.8936170212765957,
      "precision": 1.0,
      "recall": 0.8936170212765957,
      "f1_score": 0.9438202247191011,
      "correct": 42,
      "incorrect": 0,
      "missing": 5,
      "hallucinated": 0
    },
    "organizations[0].role": {
      "accuracy": 0.5957446808510638,
      "precision": 0.6666666666666666,
      "recall": 0.8484848484848485,
      "f1_score": 0.7466666666666666,
      "correct": 28,
      "incorrect": 13,
      "missing": 5,
      "hallucinated": 1
    },
    "organizations[1].name": {
      "accuracy": 0.6666666666666666,
      "precision": 0.9565217391304348,
      "recall": 0.6875,
      "f1_score": 0.8,
      "correct": 22,
      "incorrect": 1,
      "missing": 10,
      "hallucinated": 0
    },
    "organizations[1].role": {
      "accuracy": 0.30303030303030304,
      "precision": 0.43478260869565216,
      "recall": 0.5,
      "f1_score": 0.46511627906976744,
      "correct": 10,
      "incorrect": 12,
      "missing": 10,
      "hallucinated": 1
    },
    "organizations[2].name": {
      "accuracy": 0.4,
      "precision": 1.0,
      "recall": 0.4,
      "f1_score": 0.5714285714285715,
      "correct": 6,
      "incorrect": 0,
      "missing": 9,
      "hallucinated": 0
    },
    "organizations[2].role": {
      "accuracy": 0.13333333333333333,
      "precision": 0.3333333333333333,
      "recall": 0.18181818181818182,
      "f1_score": 0.23529411764705885,
      "correct": 2,
      "incorrect": 4,
      "missing": 9,
      "hallucinated": 0
    },
    "event.event_type": {
      "accuracy": 0.7,
      "precision": 0.7,
      "recall": 1.0,
      "f1_score": 0.8235294117647058,
      "correct": 35,
      "incorrect": 15,
      "missing": 0,
      "hallucinated": 0
    },
    "event.event_location": {
      "accuracy": 0.32,
      "precision": 0.8421052631578947,
      "recall": 0.3404255319148936,
      "f1_score": 0.48484848484848486,
      "correct": 16,
      "incorrect": 3,
      "missing": 31,
      "hallucinated": 0
    },
    "event.event_date": {
      "accuracy": 0.96,
      "precision": 0.9795918367346939,
      "recall": 0.9795918367346939,
      "f1_score": 0.9795918367346939,
      "correct": 48,
      "incorrect": 1,
      "missing": 1,
      "hallucinated": 0
    },
    "ai_system.developer": {
      "accuracy": 0.72,
      "precision": 0.9230769230769231,
      "recall": 0.7659574468085106,
      "f1_score": 0.8372093023255814,
      "correct": 36,
      "incorrect": 3,
      "missing": 11,
      "hallucinated": 0
    },
    "ai_system.system_type": {
      "accuracy": 0.14,
      "precision": 0.1891891891891892,
      "recall": 0.35,
      "f1_score": 0.24561403508771934,
      "correct": 7,
      "incorrect": 29,
      "missing": 13,
      "hallucinated": 1
    },
    "ai_system.name": {
      "accuracy": 0.78,
      "precision": 0.7959183673469388,
      "recall": 0.975,
      "f1_score": 0.8764044943820225,
      "correct": 39,
      "incorrect": 2,
      "missing": 1,
      "hallucinated": 8
    },
    "ai_system.deployer": {
      "accuracy": 0.64,
      "precision": 0.7804878048780488,
      "recall": 0.7804878048780488,
      "f1_score": 0.7804878048780488,
      "correct": 32,
      "incorrect": 3,
      "missing": 9,
      "hallucinated": 6
    },
    "harm.severity": {
      "accuracy": 0.4,
      "precision": 0.4166666666666667,
      "recall": 0.9090909090909091,
      "f1_score": 0.5714285714285715,
      "correct": 20,
      "incorrect": 28,
      "missing": 2,
      "hallucinated": 0
    },
    "harm.harm_type": {
      "accuracy": 0.34,
      "precision": 0.3469387755102041,
      "recall": 0.9444444444444444,
      "f1_score": 0.5074626865671642,
      "correct": 17,
      "incorrect": 32,
      "missing": 1,
      "hallucinated": 0
    },
    "harm.affected_parties": {
      "accuracy": 0.46,
      "precision": 0.46,
      "recall": 1.0,
      "f1_score": 0.6301369863013699,
      "correct": 23,
      "incorrect": 25,
      "missing": 0,
      "hallucinated": 2
    },
    "organizations[h0].name": {
      "accuracy": 0.0,
      "precision": 0.0,
      "recall": 0.0,
      "f1_score": 0.0,
      "correct": 0,
      "incorrect": 0,
      "missing": 0,
      "hallucinated": 11
    },
    "organizations[h0].role": {
      "accuracy": 0.0,
      "precision": 0.0,
      "recall": 0.0,
      "f1_score": 0.0,
      "correct": 0,
      "incorrect": 0,
      "missing": 0,
      "hallucinated": 11
    },
    "organizations[h1].name": {
      "accuracy": 0.0,
      "precision": 0.0,
      "recall": 0.0,
      "f1_score": 0.0,
      "correct": 0,
      "incorrect": 0,
      "missing": 0,
      "hallucinated": 18
    },
    "organizations[h1].role": {
      "accuracy": 0.0,
      "precision": 0.0,
      "recall": 0.0,
      "f1_score": 0.0,
      "correct": 0,
      "incorrect": 0,
      "missing": 0,
      "hallucinated": 18
    },
    "organizations[h2].name": {
      "accuracy": 0.0,
      "precision": 0.0,
      "recall": 0.0,
      "f1_score": 0.0,
      "correct": 0,
      "incorrect": 0,
      "missing": 0,
      "hallucinated": 5
    },
    "organizations[h2].role": {
      "accuracy": 0.0,
      "precision": 0.0,
      "recall": 0.0,
      "f1_score": 0.0,
      "correct": 0,
      "incorrect": 0,
      "missing": 0,
      "hallucinated": 5
    },
    "organizations[3].name": {
      "accuracy": 0.0,
      "precision": 0.0,
      "recall": 0.0,
      "f1_score": 0.0,
      "correct": 0,
      "incorrect": 0,
      "missing": 3,
      "hallucinated": 0
    },
    "organizations[3].role": {
      "accuracy": 0.0,
      "precision": 0.0,
      "recall": 0.0,
      "f1_score": 0.0,
      "correct": 0,
      "incorrect": 0,
      "missing": 3,
      "hallucinated": 0
    },
    "organizations[h3].name": {
      "accuracy": 0.0,
      "precision": 0.0,
      "recall": 0.0,
      "f1_score": 0.0,
      "correct": 0,
      "incorrect": 0,
      "missing": 0,
      "hallucinated": 3
    },
    "organizations[h3].role": {
      "accuracy": 0.0,
      "precision": 0.0,
      "recall": 0.0,
      "f1_score": 0.0,
      "correct": 0,
      "incorrect": 0,
      "missing": 0,
      "hallucinated": 3
    },
    "organizations[4].name": {
      "accuracy": 0.0,
      "precision": 0.0,
      "recall": 0.0,
      "f1_score": 0.0,
      "correct": 0,
      "incorrect": 0,
      "missing": 1,
      "hallucinated": 0
    },
    "organizations[4].role": {
      "accuracy": 0.0,
      "precision": 0.0,
      "recall": 0.0,
      "f1_score": 0.0,
      "correct": 0,
      "incorrect": 0,
      "missing": 1,
      "hallucinated": 0
    },
    "organizations[h4].name": {
      "accuracy": 0.0,
      "precision": 0.0,
      "recall": 0.0,
      "f1_score": 0.0,
      "correct": 0,
      "incorrect": 0,
      "missing": 0,
      "hallucinated": 2
    },
    "organizations[h4].role": {
      "accuracy": 0.0,
      "precision": 0.0,
      "recall": 0.0,
      "f1_score": 0.0,
      "correct": 0,
      "incorrect": 0,
      "missing": 0,
      "hallucinated": 2
    }
  },
  "error_count": 0
}