{
  "model": "llama3.1:8b",
  "template": "PS1_KI3",
  "total_samples": 50,
  "valid_json_count": 50,
  "json_validity_rate": 1.0,
  "overall_accuracy": 0.45594003868471955,
  "overall_precision": 0.6708152228976697,
  "overall_recall": 0.6016357054203111,
  "overall_f1": 0.5797898744457458,
  "overall_hallucination_rate": 0.15309446254071662,
  "avg_latency_seconds": 8.130375351905823,
  "field_metrics": {
    "ai_system.developer": {
      "accuracy": 0.72,
      "precision": 0.75,
      "recall": 0.9473684210526315,
      "f1_score": 0.8372093023255814,
      "correct": 36,
      "incorrect": 5,
      "missing": 2,
      "hallucinated": 7
    },
    "ai_system.deployer": {
      "accuracy": 0.42,
      "precision": 0.5,
      "recall": 0.7241379310344828,
      "f1_score": 0.591549295774648,
      "correct": 21,
      "incorrect": 8,
      "missing": 8,
      "hallucinated": 13
    },
    "ai_system.system_type": {
      "accuracy": 0.78,
      "precision": 0.78,
      "recall": 1.0,
      "f1_score": 0.8764044943820225,
      "correct": 39,
      "incorrect": 10,
      "missing": 0,
      "hallucinated": 1
    },
    "ai_system.name": {
      "accuracy": 0.76,
      "precision": 0.76,
      "recall": 1.0,
      "f1_score": 0.8636363636363636,
      "correct": 38,
      "incorrect": 2,
      "missing": 0,
      "hallucinated": 10
    },
    "organizations[0].name": {
      "accuracy": 0.851063829787234,
      "precision": 1.0,
      "recall": 0.851063829787234,
      "f1_score": 0.9195402298850576,
      "correct": 40,
      "incorrect": 0,
      "missing": 7,
      "hallucinated": 0
    },
    "organizations[0].role": {
      "accuracy": 0.5531914893617021,
      "precision": 0.65,
      "recall": 0.7878787878787878,
      "f1_score": 0.7123287671232875,
      "correct": 26,
      "incorrect": 13,
      "missing": 7,
      "hallucinated": 1
    },
    "organizations[1].name": {
      "accuracy": 0.6666666666666666,
      "precision": 0.9166666666666666,
      "recall": 0.7096774193548387,
      "f1_score": 0.7999999999999999,
      "correct": 22,
      "incorrect": 2,
      "missing": 9,
      "hallucinated": 0
    },
    "organizations[1].role": {
      "accuracy": 0.45454545454545453,
      "precision": 0.625,
      "recall": 0.625,
      "f1_score": 0.625,
      "correct": 15,
      "incorrect": 8,
      "missing": 9,
      "hallucinated": 1
    },
    "organizations[2].name": {
      "accuracy": 0.3333333333333333,
      "precision": 1.0,
      "recall": 0.3333333333333333,
      "f1_score": 0.5,
      "correct": 5,
      "incorrect": 0,
      "missing": 10,
      "hallucinated": 0
    },
    "organizations[2].role": {
      "accuracy": 0.13333333333333333,
      "precision": 0.4,
      "recall": 0.16666666666666666,
      "f1_score": 0.23529411764705882,
      "correct": 2,
      "incorrect": 3,
      "missing": 10,
      "hallucinated": 0
    },
    "event.event_date": {
      "accuracy": 0.12,
      "precision": 1.0,
      "recall": 0.12,
      "f1_score": 0.21428571428571425,
      "correct": 6,
      "incorrect": 0,
      "missing": 44,
      "hallucinated": 0
    },
    "event.event_location": {
      "accuracy": 0.32,
      "precision": 0.5714285714285714,
      "recall": 0.42105263157894735,
      "f1_score": 0.48484848484848486,
      "correct": 16,
      "incorrect": 12,
      "missing": 22,
      "hallucinated": 0
    },
    "event.event_type": {
      "accuracy": 0.72,
      "precision": 0.75,
      "recall": 0.9473684210526315,
      "f1_score": 0.8372093023255814,
      "correct": 36,
      "incorrect": 12,
      "missing": 2,
      "hallucinated": 0
    },
    "harm.affected_parties": {
      "accuracy": 0.58,
      "precision": 0.6170212765957447,
      "recall": 0.90625,
      "f1_score": 0.7341772151898734,
      "correct": 29,
      "incorrect": 17,
      "missing": 3,
      "hallucinated": 1
    },
    "harm.severity": {
      "accuracy": 0.46,
      "precision": 0.4791666666666667,
      "recall": 0.92,
      "f1_score": 0.6301369863013699,
      "correct": 23,
      "incorrect": 25,
      "missing": 2,
      "hallucinated": 0
    },
    "harm.harm_type": {
      "accuracy": 0.58,
      "precision": 0.6170212765957447,
      "recall": 0.90625,
      "f1_score": 0.7341772151898734,
      "correct": 29,
      "incorrect": 18,
      "missing": 3,
      "hallucinated": 0
    },
    "organizations[h0].name": {
      "accuracy": 0.0,
      "precision": 0.0,
      "recall": 0.0,
      "f1_score": 0.0,
      "correct": 0,
      "incorrect": 0,
      "missing": 0,
      "hallucinated": 11
    },
    "organizations[h0].role": {
      "accuracy": 0.0,
      "precision": 0.0,
      "recall": 0.0,
      "f1_score": 0.0,
      "correct": 0,
      "incorrect": 0,
      "missing": 0,
      "hallucinated": 11
    },
    "organizations[h1].name": {
      "accuracy": 0.0,
      "precision": 0.0,
      "recall": 0.0,
      "f1_score": 0.0,
      "correct": 0,
      "incorrect": 0,
      "missing": 0,
      "hallucinated": 16
    },
    "organizations[h1].role": {
      "accuracy": 0.0,
      "precision": 0.0,
      "recall": 0.0,
      "f1_score": 0.0,
      "correct": 0,
      "incorrect": 0,
      "missing": 0,
      "hallucinated": 16
    },
    "organizations[h2].name": {
      "accuracy": 0.0,
      "precision": 0.0,
      "recall": 0.0,
      "f1_score": 0.0,
      "correct": 0,
      "incorrect": 0,
      "missing": 0,
      "hallucinated": 3
    },
    "organizations[h2].role": {
      "accuracy": 0.0,
      "precision": 0.0,
      "recall": 0.0,
      "f1_score": 0.0,
      "correct": 0,
      "incorrect": 0,
      "missing": 0,
      "hallucinated": 3
    },
    "organizations[3].name": {
      "accuracy": 0.3333333333333333,
      "precision": 1.0,
      "recall": 0.3333333333333333,
      "f1_score": 0.5,
      "correct": 1,
      "incorrect": 0,
      "missing": 2,
      "hallucinated": 0
    },
    "organizations[3].role": {
      "accuracy": 0.3333333333333333,
      "precision": 1.0,
      "recall": 0.3333333333333333,
      "f1_score": 0.5,
      "correct": 1,
      "incorrect": 0,
      "missing": 2,
      "hallucinated": 0
    },
    "organizations[4].name": {
      "accuracy": 0.0,
      "precision": 0.0,
      "recall": 0.0,
      "f1_score": 0.0,
      "correct": 0,
      "incorrect": 0,
      "missing": 1,
      "hallucinated": 0
    },
    "organizations[4].role": {
      "accuracy": 0.0,
      "precision": 0.0,
      "recall": 0.0,
      "f1_score": 0.0,
      "correct": 0,
      "incorrect": 0,
      "missing": 1,
      "hallucinated": 0
    }
  },
  "error_count": 0
}