{
  "model": "llama3.1:8b",
  "template": "PS2_KI3",
  "total_samples": 50,
  "valid_json_count": 50,
  "json_validity_rate": 1.0,
  "overall_accuracy": 0.47643133462282394,
  "overall_precision": 0.6106199213297432,
  "overall_recall": 0.6096544180235762,
  "overall_f1": 0.5840700792251632,
  "overall_hallucination_rate": 0.11146496815286625,
  "avg_latency_seconds": 10.512258434295655,
  "field_metrics": {
    "ai_system.developer": {
      "accuracy": 0.68,
      "precision": 0.9714285714285714,
      "recall": 0.6938775510204082,
      "f1_score": 0.8095238095238094,
      "correct": 34,
      "incorrect": 1,
      "missing": 15,
      "hallucinated": 0
    },
    "ai_system.deployer": {
      "accuracy": 0.56,
      "precision": 0.7,
      "recall": 0.7368421052631579,
      "f1_score": 0.717948717948718,
      "correct": 28,
      "incorrect": 4,
      "missing": 10,
      "hallucinated": 8
    },
    "ai_system.system_type": {
      "accuracy": 0.42,
      "precision": 0.5121951219512195,
      "recall": 0.7,
      "f1_score": 0.5915492957746479,
      "correct": 21,
      "incorrect": 20,
      "missing": 9,
      "hallucinated": 0
    },
    "ai_system.name": {
      "accuracy": 0.84,
      "precision": 0.8571428571428571,
      "recall": 0.9767441860465116,
      "f1_score": 0.9130434782608695,
      "correct": 42,
      "incorrect": 2,
      "missing": 1,
      "hallucinated": 5
    },
    "organizations[0].name": {
      "accuracy": 0.9148936170212766,
      "precision": 1.0,
      "recall": 0.9148936170212766,
      "f1_score": 0.9555555555555556,
      "correct": 43,
      "incorrect": 0,
      "missing": 4,
      "hallucinated": 0
    },
    "organizations[0].role": {
      "accuracy": 0.5319148936170213,
      "precision": 0.5813953488372093,
      "recall": 0.8620689655172413,
      "f1_score": 0.6944444444444445,
      "correct": 25,
      "incorrect": 17,
      "missing": 4,
      "hallucinated": 1
    },
    "organizations[1].name": {
      "accuracy": 0.7272727272727273,
      "precision": 0.96,
      "recall": 0.75,
      "f1_score": 0.8421052631578947,
      "correct": 24,
      "incorrect": 1,
      "missing": 8,
      "hallucinated": 0
    },
    "organizations[1].role": {
      "accuracy": 0.45454545454545453,
      "precision": 0.6,
      "recall": 0.6521739130434783,
      "f1_score": 0.6250000000000001,
      "correct": 15,
      "incorrect": 9,
      "missing": 8,
      "hallucinated": 1
    },
    "organizations[2].name": {
      "accuracy": 0.4666666666666667,
      "precision": 1.0,
      "recall": 0.4666666666666667,
      "f1_score": 0.6363636363636364,
      "correct": 7,
      "incorrect": 0,
      "missing": 8,
      "hallucinated": 0
    },
    "organizations[2].role": {
      "accuracy": 0.3333333333333333,
      "precision": 0.7142857142857143,
      "recall": 0.38461538461538464,
      "f1_score": 0.5,
      "correct": 5,
      "incorrect": 2,
      "missing": 8,
      "hallucinated": 0
    },
    "event.event_date": {
      "accuracy": 0.94,
      "precision": 0.9591836734693877,
      "recall": 0.9791666666666666,
      "f1_score": 0.9690721649484536,
      "correct": 47,
      "incorrect": 2,
      "missing": 1,
      "hallucinated": 0
    },
    "event.event_location": {
      "accuracy": 0.34,
      "precision": 0.9444444444444444,
      "recall": 0.3469387755102041,
      "f1_score": 0.5074626865671642,
      "correct": 17,
      "incorrect": 1,
      "missing": 32,
      "hallucinated": 0
    },
    "event.event_type": {
      "accuracy": 0.7,
      "precision": 0.7,
      "recall": 1.0,
      "f1_score": 0.8235294117647058,
      "correct": 35,
      "incorrect": 15,
      "missing": 0,
      "hallucinated": 0
    },
    "harm.affected_parties": {
      "accuracy": 0.5,
      "precision": 0.5208333333333334,
      "recall": 0.9259259259259259,
      "f1_score": 0.6666666666666667,
      "correct": 25,
      "incorrect": 22,
      "missing": 2,
      "hallucinated": 1
    },
    "harm.severity": {
      "accuracy": 0.48,
      "precision": 0.5106382978723404,
      "recall": 0.8888888888888888,
      "f1_score": 0.6486486486486487,
      "correct": 24,
      "incorrect": 23,
      "missing": 3,
      "hallucinated": 0
    },
    "harm.harm_type": {
      "accuracy": 0.64,
      "precision": 0.6808510638297872,
      "recall": 0.9142857142857143,
      "f1_score": 0.7804878048780487,
      "correct": 32,
      "incorrect": 15,
      "missing": 3,
      "hallucinated": 0
    },
    "organizations[h0].name": {
      "accuracy": 0.0,
      "precision": 0.0,
      "recall": 0.0,
      "f1_score": 0.0,
      "correct": 0,
      "incorrect": 0,
      "missing": 0,
      "hallucinated": 6
    },
    "organizations[h0].role": {
      "accuracy": 0.0,
      "precision": 0.0,
      "recall": 0.0,
      "f1_score": 0.0,
      "correct": 0,
      "incorrect": 0,
      "missing": 0,
      "hallucinated": 6
    },
    "organizations[h1].name": {
      "accuracy": 0.0,
      "precision": 0.0,
      "recall": 0.0,
      "f1_score": 0.0,
      "correct": 0,
      "incorrect": 0,
      "missing": 0,
      "hallucinated": 16
    },
    "organizations[h1].role": {
      "accuracy": 0.0,
      "precision": 0.0,
      "recall": 0.0,
      "f1_score": 0.0,
      "correct": 0,
      "incorrect": 0,
      "missing": 0,
      "hallucinated": 16
    },
    "organizations[h2].name": {
      "accuracy": 0.0,
      "precision": 0.0,
      "recall": 0.0,
      "f1_score": 0.0,
      "correct": 0,
      "incorrect": 0,
      "missing": 0,
      "hallucinated": 4
    },
    "organizations[h2].role": {
      "accuracy": 0.0,
      "precision": 0.0,
      "recall": 0.0,
      "f1_score": 0.0,
      "correct": 0,
      "incorrect": 0,
      "missing": 0,
      "hallucinated": 4
    },
    "organizations[3].name": {
      "accuracy": 0.0,
      "precision": 0.0,
      "recall": 0.0,
      "f1_score": 0.0,
      "correct": 0,
      "incorrect": 0,
      "missing": 3,
      "hallucinated": 0
    },
    "organizations[3].role": {
      "accuracy": 0.0,
      "precision": 0.0,
      "recall": 0.0,
      "f1_score": 0.0,
      "correct": 0,
      "incorrect": 0,
      "missing": 3,
      "hallucinated": 0
    },
    "organizations[h3].name": {
      "accuracy": 0.0,
      "precision": 0.0,
      "recall": 0.0,
      "f1_score": 0.0,
      "correct": 0,
      "incorrect": 0,
      "missing": 0,
      "hallucinated": 1
    },
    "organizations[h3].role": {
      "accuracy": 0.0,
      "precision": 0.0,
      "recall": 0.0,
      "f1_score": 0.0,
      "correct": 0,
      "incorrect": 0,
      "missing": 0,
      "hallucinated": 1
    },
    "organizations[4].name": {
      "accuracy": 0.0,
      "precision": 0.0,
      "recall": 0.0,
      "f1_score": 0.0,
      "correct": 0,
      "incorrect": 0,
      "missing": 1,
      "hallucinated": 0
    },
    "organizations[4].role": {
      "accuracy": 0.0,
      "precision": 0.0,
      "recall": 0.0,
      "f1_score": 0.0,
      "correct": 0,
      "incorrect": 0,
      "missing": 1,
      "hallucinated": 0
    }
  },
  "error_count": 0
}