{
  "model": "llama3.1:8b",
  "template": "PS3_KI3",
  "total_samples": 50,
  "valid_json_count": 50,
  "json_validity_rate": 1.0,
  "overall_accuracy": 0.7,
  "overall_accuracy_micro": 0.7,
  "overall_precision": 0.7021316240275584,
  "overall_precision_micro": 0.7172897196261683,
  "overall_recall": 0.896892736892737,
  "overall_recall_micro": 0.9136904761904762,
  "overall_f1": 0.7808494781375391,
  "overall_f1_micro": 0.8036649214659687,
  "overall_hallucination_rate": 0.06074766355140187,
  "avg_latency_seconds": 31.90067090034485,
  "field_metrics": {
    "ai_system.deployer": {
      "accuracy": 0.5,
      "precision": 0.4482758620689655,
      "recall": 0.5909090909090909,
      "f1_score": 0.5098039215686274,
      "correct": 13,
      "true_negative": 12,
      "incorrect": 6,
      "missing": 9,
      "hallucinated": 10
    },
    "ai_system.system_type": {
      "accuracy": 0.8,
      "precision": 0.8,
      "recall": 1.0,
      "f1_score": 0.888888888888889,
      "correct": 40,
      "true_negative": 0,
      "incorrect": 10,
      "missing": 0,
      "hallucinated": 0
    },
    "ai_system.developer": {
      "accuracy": 0.66,
      "precision": 0.6470588235294118,
      "recall": 0.8148148148148148,
      "f1_score": 0.7213114754098361,
      "correct": 22,
      "true_negative": 11,
      "incorrect": 4,
      "missing": 5,
      "hallucinated": 8
    },
    "ai_system.name": {
      "accuracy": 0.8,
      "precision": 0.6875,
      "recall": 1.0,
      "f1_score": 0.8148148148148148,
      "correct": 22,
      "true_negative": 18,
      "incorrect": 3,
      "missing": 0,
      "hallucinated": 7
    },
    "harm.harm_type": {
      "accuracy": 0.62,
      "precision": 0.6458333333333334,
      "recall": 0.9393939393939394,
      "f1_score": 0.7654320987654321,
      "correct": 31,
      "true_negative": 0,
      "incorrect": 17,
      "missing": 2,
      "hallucinated": 0
    },
    "harm.severity": {
      "accuracy": 0.48,
      "precision": 0.5217391304347826,
      "recall": 0.8571428571428571,
      "f1_score": 0.6486486486486486,
      "correct": 24,
      "true_negative": 0,
      "incorrect": 22,
      "missing": 4,
      "hallucinated": 0
    },
    "harm.affected_parties": {
      "accuracy": 0.56,
      "precision": 0.5909090909090909,
      "recall": 0.8666666666666667,
      "f1_score": 0.7027027027027029,
      "correct": 26,
      "true_negative": 2,
      "incorrect": 17,
      "missing": 4,
      "hallucinated": 1
    },
    "event.event_location": {
      "accuracy": 0.9,
      "precision": 1.0,
      "recall": 0.9,
      "f1_score": 0.9473684210526316,
      "correct": 45,
      "true_negative": 0,
      "incorrect": 0,
      "missing": 5,
      "hallucinated": 0
    },
    "event.event_date": {
      "accuracy": 1.0,
      "precision": 1.0,
      "recall": 1.0,
      "f1_score": 1.0,
      "correct": 50,
      "true_negative": 0,
      "incorrect": 0,
      "missing": 0,
      "hallucinated": 0
    },
    "event.event_type": {
      "accuracy": 0.68,
      "precision": 0.68,
      "recall": 1.0,
      "f1_score": 0.8095238095238095,
      "correct": 34,
      "true_negative": 0,
      "incorrect": 16,
      "missing": 0,
      "hallucinated": 0
    },
    "organizations[0].name": {
      "accuracy": 0.9148936170212766,
      "precision": 1.0,
      "recall": 0.9148936170212766,
      "f1_score": 0.9555555555555556,
      "correct": 43,
      "true_negative": 0,
      "incorrect": 0,
      "missing": 4,
      "hallucinated": 0
    },
    "organizations[0].role": {
      "accuracy": 0.5957446808510638,
      "precision": 0.6511627906976745,
      "recall": 0.875,
      "f1_score": 0.7466666666666667,
      "correct": 28,
      "true_negative": 0,
      "incorrect": 15,
      "missing": 4,
      "hallucinated": 0
    },
    "organizations[1].name": {
      "accuracy": 0.6666666666666666,
      "precision": 0.9166666666666666,
      "recall": 0.7096774193548387,
      "f1_score": 0.7999999999999999,
      "correct": 22,
      "true_negative": 0,
      "incorrect": 2,
      "missing": 9,
      "hallucinated": 0
    },
    "organizations[1].role": {
      "accuracy": 0.36363636363636365,
      "precision": 0.5,
      "recall": 0.5714285714285714,
      "f1_score": 0.5333333333333333,
      "correct": 12,
      "true_negative": 0,
      "incorrect": 12,
      "missing": 9,
      "hallucinated": 0
    },
    "organizations[2].name": {
      "accuracy": 0.2,
      "precision": 1.0,
      "recall": 0.2,
      "f1_score": 0.33333333333333337,
      "correct": 3,
      "true_negative": 0,
      "incorrect": 0,
      "missing": 12,
      "hallucinated": 0
    },
    "organizations[2].role": {
      "accuracy": 0.13333333333333333,
      "precision": 0.6666666666666666,
      "recall": 0.14285714285714285,
      "f1_score": 0.23529411764705882,
      "correct": 2,
      "true_negative": 0,
      "incorrect": 1,
      "missing": 12,
      "hallucinated": 0
    },
    "organizations[h0].name": {
      "accuracy": 0.0,
      "precision": 0.0,
      "recall": 0.0,
      "f1_score": 0.0,
      "correct": 0,
      "true_negative": 0,
      "incorrect": 0,
      "missing": 0,
      "hallucinated": 9
    },
    "organizations[h0].role": {
      "accuracy": 0.0,
      "precision": 0.0,
      "recall": 0.0,
      "f1_score": 0.0,
      "correct": 0,
      "true_negative": 0,
      "incorrect": 0,
      "missing": 0,
      "hallucinated": 9
    },
    "organizations[h1].name": {
      "accuracy": 0.0,
      "precision": 0.0,
      "recall": 0.0,
      "f1_score": 0.0,
      "correct": 0,
      "true_negative": 0,
      "incorrect": 0,
      "missing": 0,
      "hallucinated": 17
    },
    "organizations[h1].role": {
      "accuracy": 0.0,
      "precision": 0.0,
      "recall": 0.0,
      "f1_score": 0.0,
      "correct": 0,
      "true_negative": 0,
      "incorrect": 0,
      "missing": 0,
      "hallucinated": 17
    },
    "organizations[h2].name": {
      "accuracy": 0.0,
      "precision": 0.0,
      "recall": 0.0,
      "f1_score": 0.0,
      "correct": 0,
      "true_negative": 0,
      "incorrect": 0,
      "missing": 0,
      "hallucinated": 2
    },
    "organizations[h2].role": {
      "accuracy": 0.0,
      "precision": 0.0,
      "recall": 0.0,
      "f1_score": 0.0,
      "correct": 0,
      "true_negative": 0,
      "incorrect": 0,
      "missing": 0,
      "hallucinated": 2
    },
    "organizations[3].name": {
      "accuracy": 0.3333333333333333,
      "precision": 1.0,
      "recall": 0.3333333333333333,
      "f1_score": 0.5,
      "correct": 1,
      "true_negative": 0,
      "incorrect": 0,
      "missing": 2,
      "hallucinated": 0
    },
    "organizations[3].role": {
      "accuracy": 0.3333333333333333,
      "precision": 1.0,
      "recall": 0.3333333333333333,
      "f1_score": 0.5,
      "correct": 1,
      "true_negative": 0,
      "incorrect": 0,
      "missing": 2,
      "hallucinated": 0
    },
    "organizations[4].name": {
      "accuracy": 0.0,
      "precision": 0.0,
      "recall": 0.0,
      "f1_score": 0.0,
      "correct": 0,
      "true_negative": 0,
      "incorrect": 0,
      "missing": 1,
      "hallucinated": 0
    },
    "organizations[4].role": {
      "accuracy": 0.0,
      "precision": 0.0,
      "recall": 0.0,
      "f1_score": 0.0,
      "correct": 0,
      "true_negative": 0,
      "incorrect": 0,
      "missing": 1,
      "hallucinated": 0
    }
  },
  "error_count": 0
}