{
  "model": "llama3.1:8b",
  "template": "PS1_KI2",
  "total_samples": 50,
  "valid_json_count": 50,
  "json_validity_rate": 1.0,
  "overall_accuracy": 0.604,
  "overall_accuracy_micro": 0.604,
  "overall_precision": 0.7276762708422644,
  "overall_precision_micro": 0.703962703962704,
  "overall_recall": 0.8325976116570344,
  "overall_recall_micro": 0.8096514745308311,
  "overall_f1": 0.7208972478112171,
  "overall_f1_micro": 0.7531172069825436,
  "overall_hallucination_rate": 0.07459207459207459,
  "avg_latency_seconds": 6.925354933738708,
  "field_metrics": {
    "organizations[0].name": {
      "accuracy": 0.8297872340425532,
      "precision": 1.0,
      "recall": 0.8297872340425532,
      "f1_score": 0.9069767441860465,
      "correct": 39,
      "incorrect": 0,
      "missing": 8,
      "hallucinated": 0
    },
    "organizations[0].role": {
      "accuracy": 0.5531914893617021,
      "precision": 0.6666666666666666,
      "recall": 0.7647058823529411,
      "f1_score": 0.7123287671232877,
      "correct": 26,
      "incorrect": 13,
      "missing": 8,
      "hallucinated": 0
    },
    "organizations[1].name": {
      "accuracy": 0.6666666666666666,
      "precision": 0.9166666666666666,
      "recall": 0.7096774193548387,
      "f1_score": 0.7999999999999999,
      "correct": 22,
      "incorrect": 2,
      "missing": 9,
      "hallucinated": 0
    },
    "organizations[1].role": {
      "accuracy": 0.45454545454545453,
      "precision": 0.625,
      "recall": 0.625,
      "f1_score": 0.625,
      "correct": 15,
      "incorrect": 9,
      "missing": 9,
      "hallucinated": 0
    },
    "organizations[2].name": {
      "accuracy": 0.3333333333333333,
      "precision": 1.0,
      "recall": 0.3333333333333333,
      "f1_score": 0.5,
      "correct": 5,
      "incorrect": 0,
      "missing": 10,
      "hallucinated": 0
    },
    "organizations[2].role": {
      "accuracy": 0.13333333333333333,
      "precision": 0.4,
      "recall": 0.16666666666666666,
      "f1_score": 0.23529411764705882,
      "correct": 2,
      "incorrect": 3,
      "missing": 10,
      "hallucinated": 0
    },
    "organizations[h1].name": {
      "accuracy": 0.0,
      "precision": 0.0,
      "recall": 0.0,
      "f1_score": 0.0,
      "correct": 0,
      "incorrect": 0,
      "missing": 0,
      "hallucinated": 18
    },
    "organizations[h1].role": {
      "accuracy": 0.0,
      "precision": 0.0,
      "recall": 0.0,
      "f1_score": 0.0,
      "correct": 0,
      "incorrect": 0,
      "missing": 0,
      "hallucinated": 18
    },
    "event.event_type": {
      "accuracy": 0.72,
      "precision": 0.75,
      "recall": 0.9473684210526315,
      "f1_score": 0.8372093023255814,
      "correct": 36,
      "incorrect": 12,
      "missing": 2,
      "hallucinated": 0
    },
    "event.event_date": {
      "accuracy": 0.06,
      "precision": 1.0,
      "recall": 0.06,
      "f1_score": 0.11320754716981131,
      "correct": 3,
      "incorrect": 0,
      "missing": 47,
      "hallucinated": 0
    },
    "event.event_location": {
      "accuracy": 1.0,
      "precision": 1.0,
      "recall": 1.0,
      "f1_score": 1.0,
      "correct": 50,
      "incorrect": 0,
      "missing": 0,
      "hallucinated": 0
    },
    "harm.severity": {
      "accuracy": 0.46,
      "precision": 0.5,
      "recall": 0.8518518518518519,
      "f1_score": 0.6301369863013698,
      "correct": 23,
      "incorrect": 23,
      "missing": 4,
      "hallucinated": 0
    },
    "harm.harm_type": {
      "accuracy": 0.64,
      "precision": 0.6956521739130435,
      "recall": 0.8888888888888888,
      "f1_score": 0.7804878048780488,
      "correct": 32,
      "incorrect": 14,
      "missing": 4,
      "hallucinated": 0
    },
    "harm.affected_parties": {
      "accuracy": 0.56,
      "precision": 0.5957446808510638,
      "recall": 0.9032258064516129,
      "f1_score": 0.7179487179487178,
      "correct": 28,
      "incorrect": 18,
      "missing": 3,
      "hallucinated": 1
    },
    "ai_system.system_type": {
      "accuracy": 0.64,
      "precision": 0.64,
      "recall": 1.0,
      "f1_score": 0.7804878048780487,
      "correct": 32,
      "incorrect": 18,
      "missing": 0,
      "hallucinated": 0
    },
    "ai_system.deployer": {
      "accuracy": 0.48,
      "precision": 0.5853658536585366,
      "recall": 0.7272727272727273,
      "f1_score": 0.6486486486486487,
      "correct": 24,
      "incorrect": 5,
      "missing": 9,
      "hallucinated": 12
    },
    "ai_system.name": {
      "accuracy": 0.76,
      "precision": 0.76,
      "recall": 1.0,
      "f1_score": 0.8636363636363636,
      "correct": 38,
      "incorrect": 1,
      "missing": 0,
      "hallucinated": 11
    },
    "ai_system.developer": {
      "accuracy": 0.72,
      "precision": 0.75,
      "recall": 0.9473684210526315,
      "f1_score": 0.8372093023255814,
      "correct": 36,
      "incorrect": 4,
      "missing": 2,
      "hallucinated": 8
    },
    "organizations[h0].name": {
      "accuracy": 0.0,
      "precision": 0.0,
      "recall": 0.0,
      "f1_score": 0.0,
      "correct": 0,
      "incorrect": 0,
      "missing": 0,
      "hallucinated": 11
    },
    "organizations[h0].role": {
      "accuracy": 0.0,
      "precision": 0.0,
      "recall": 0.0,
      "f1_score": 0.0,
      "correct": 0,
      "incorrect": 0,
      "missing": 0,
      "hallucinated": 11
    },
    "organizations[h2].name": {
      "accuracy": 0.0,
      "precision": 0.0,
      "recall": 0.0,
      "f1_score": 0.0,
      "correct": 0,
      "incorrect": 0,
      "missing": 0,
      "hallucinated": 3
    },
    "organizations[h2].role": {
      "accuracy": 0.0,
      "precision": 0.0,
      "recall": 0.0,
      "f1_score": 0.0,
      "correct": 0,
      "incorrect": 0,
      "missing": 0,
      "hallucinated": 3
    },
    "organizations[3].name": {
      "accuracy": 0.3333333333333333,
      "precision": 1.0,
      "recall": 0.3333333333333333,
      "f1_score": 0.5,
      "correct": 1,
      "incorrect": 0,
      "missing": 2,
      "hallucinated": 0
    },
    "organizations[3].role": {
      "accuracy": 0.3333333333333333,
      "precision": 1.0,
      "recall": 0.3333333333333333,
      "f1_score": 0.5,
      "correct": 1,
      "incorrect": 0,
      "missing": 2,
      "hallucinated": 0
    },
    "organizations[4].name": {
      "accuracy": 0.0,
      "precision": 0.0,
      "recall": 0.0,
      "f1_score": 0.0,
      "correct": 0,
      "incorrect": 0,
      "missing": 1,
      "hallucinated": 0
    },
    "organizations[4].role": {
      "accuracy": 0.0,
      "precision": 0.0,
      "recall": 0.0,
      "f1_score": 0.0,
      "correct": 0,
      "incorrect": 0,
      "missing": 1,
      "hallucinated": 0
    }
  },
  "error_count": 0
}