{
  "model": "llama3.1:8b",
  "template": "PS2_KI3",
  "total_samples": 50,
  "valid_json_count": 49,
  "json_validity_rate": 0.98,
  "overall_accuracy": 0.3381833090379009,
  "overall_precision": 0.45594889609447653,
  "overall_recall": 0.4399703973614252,
  "overall_f1": 0.4210109145106388,
  "overall_hallucination_rate": 0.1256198347107438,
  "avg_latency_seconds": 11.564194917678833,
  "field_metrics": {
    "organizations[0].name": {
      "accuracy": 0.9387755102040817,
      "precision": 1.0,
      "recall": 0.9387755102040817,
      "f1_score": 0.968421052631579,
      "correct": 46,
      "incorrect": 0,
      "missing": 3,
      "hallucinated": 0
    },
    "organizations[0].role": {
      "accuracy": 0.6122448979591837,
      "precision": 0.6521739130434783,
      "recall": 0.9090909090909091,
      "f1_score": 0.759493670886076,
      "correct": 30,
      "incorrect": 14,
      "missing": 3,
      "hallucinated": 2
    },
    "organizations[1].name": {
      "accuracy": 0.75,
      "precision": 0.96,
      "recall": 0.7741935483870968,
      "f1_score": 0.8571428571428571,
      "correct": 24,
      "incorrect": 1,
      "missing": 7,
      "hallucinated": 0
    },
    "organizations[1].role": {
      "accuracy": 0.4375,
      "precision": 0.56,
      "recall": 0.6666666666666666,
      "f1_score": 0.6086956521739131,
      "correct": 14,
      "incorrect": 10,
      "missing": 7,
      "hallucinated": 1
    },
    "organizations[2].name": {
      "accuracy": 0.4,
      "precision": 1.0,
      "recall": 0.4,
      "f1_score": 0.5714285714285715,
      "correct": 6,
      "incorrect": 0,
      "missing": 9,
      "hallucinated": 0
    },
    "organizations[2].role": {
      "accuracy": 0.13333333333333333,
      "precision": 0.3333333333333333,
      "recall": 0.18181818181818182,
      "f1_score": 0.23529411764705885,
      "correct": 2,
      "incorrect": 4,
      "missing": 9,
      "hallucinated": 0
    },
    "harm.severity": {
      "accuracy": 0.4489795918367347,
      "precision": 0.46808510638297873,
      "recall": 0.9166666666666666,
      "f1_score": 0.619718309859155,
      "correct": 22,
      "incorrect": 25,
      "missing": 2,
      "hallucinated": 0
    },
    "harm.affected_parties": {
      "accuracy": 0.5306122448979592,
      "precision": 0.5416666666666666,
      "recall": 0.9629629629629629,
      "f1_score": 0.6933333333333334,
      "correct": 26,
      "incorrect": 20,
      "missing": 1,
      "hallucinated": 2
    },
    "harm.harm_type": {
      "accuracy": 0.6530612244897959,
      "precision": 0.6808510638297872,
      "recall": 0.9411764705882353,
      "f1_score": 0.7901234567901235,
      "correct": 32,
      "incorrect": 15,
      "missing": 2,
      "hallucinated": 0
    },
    "event.event_type": {
      "accuracy": 0.6938775510204082,
      "precision": 0.6938775510204082,
      "recall": 1.0,
      "f1_score": 0.819277108433735,
      "correct": 34,
      "incorrect": 15,
      "missing": 0,
      "hallucinated": 0
    },
    "event.event_location": {
      "accuracy": 0.7142857142857143,
      "precision": 0.8974358974358975,
      "recall": 0.7777777777777778,
      "f1_score": 0.8333333333333333,
      "correct": 35,
      "incorrect": 4,
      "missing": 10,
      "hallucinated": 0
    },
    "event.event_date": {
      "accuracy": 0.0,
      "precision": 0.0,
      "recall": 0.0,
      "f1_score": 0.0,
      "correct": 0,
      "incorrect": 0,
      "missing": 49,
      "hallucinated": 0
    },
    "ai_system.developer": {
      "accuracy": 0.6938775510204082,
      "precision": 0.9444444444444444,
      "recall": 0.723404255319149,
      "f1_score": 0.8192771084337349,
      "correct": 34,
      "incorrect": 1,
      "missing": 13,
      "hallucinated": 1
    },
    "ai_system.deployer": {
      "accuracy": 0.6122448979591837,
      "precision": 0.75,
      "recall": 0.7692307692307693,
      "f1_score": 0.7594936708860761,
      "correct": 30,
      "incorrect": 3,
      "missing": 9,
      "hallucinated": 7
    },
    "ai_system.system_type": {
      "accuracy": 0.40816326530612246,
      "precision": 0.47619047619047616,
      "recall": 0.7407407407407407,
      "f1_score": 0.5797101449275363,
      "correct": 20,
      "incorrect": 21,
      "missing": 7,
      "hallucinated": 1
    },
    "ai_system.name": {
      "accuracy": 0.7755102040816326,
      "precision": 0.8085106382978723,
      "recall": 0.95,
      "f1_score": 0.8735632183908046,
      "correct": 38,
      "incorrect": 1,
      "missing": 2,
      "hallucinated": 8
    },
    "organizations[h0].name": {
      "accuracy": 0.0,
      "precision": 0.0,
      "recall": 0.0,
      "f1_score": 0.0,
      "correct": 0,
      "incorrect": 0,
      "missing": 0,
      "hallucinated": 8
    },
    "organizations[h0].role": {
      "accuracy": 0.0,
      "precision": 0.0,
      "recall": 0.0,
      "f1_score": 0.0,
      "correct": 0,
      "incorrect": 0,
      "missing": 0,
      "hallucinated": 8
    },
    "organizations[h1].name": {
      "accuracy": 0.0,
      "precision": 0.0,
      "recall": 0.0,
      "f1_score": 0.0,
      "correct": 0,
      "incorrect": 0,
      "missing": 0,
      "hallucinated": 14
    },
    "organizations[h1].role": {
      "accuracy": 0.0,
      "precision": 0.0,
      "recall": 0.0,
      "f1_score": 0.0,
      "correct": 0,
      "incorrect": 0,
      "missing": 0,
      "hallucinated": 14
    },
    "organizations[h2].name": {
      "accuracy": 0.0,
      "precision": 0.0,
      "recall": 0.0,
      "f1_score": 0.0,
      "correct": 0,
      "incorrect": 0,
      "missing": 0,
      "hallucinated": 3
    },
    "organizations[h2].role": {
      "accuracy": 0.0,
      "precision": 0.0,
      "recall": 0.0,
      "f1_score": 0.0,
      "correct": 0,
      "incorrect": 0,
      "missing": 0,
      "hallucinated": 3
    },
    "organizations[h3].name": {
      "accuracy": 0.0,
      "precision": 0.0,
      "recall": 0.0,
      "f1_score": 0.0,
      "correct": 0,
      "incorrect": 0,
      "missing": 0,
      "hallucinated": 2
    },
    "organizations[h3].role": {
      "accuracy": 0.0,
      "precision": 0.0,
      "recall": 0.0,
      "f1_score": 0.0,
      "correct": 0,
      "incorrect": 0,
      "missing": 0,
      "hallucinated": 2
    },
    "organizations[3].name": {
      "accuracy": 0.3333333333333333,
      "precision": 1.0,
      "recall": 0.3333333333333333,
      "f1_score": 0.5,
      "correct": 1,
      "incorrect": 0,
      "missing": 2,
      "hallucinated": 0
    },
    "organizations[3].role": {
      "accuracy": 0.3333333333333333,
      "precision": 1.0,
      "recall": 0.3333333333333333,
      "f1_score": 0.5,
      "correct": 1,
      "incorrect": 0,
      "missing": 2,
      "hallucinated": 0
    },
    "organizations[4].name": {
      "accuracy": 0.0,
      "precision": 0.0,
      "recall": 0.0,
      "f1_score": 0.0,
      "correct": 0,
      "incorrect": 0,
      "missing": 1,
      "hallucinated": 0
    },
    "organizations[4].role": {
      "accuracy": 0.0,
      "precision": 0.0,
      "recall": 0.0,
      "f1_score": 0.0,
      "correct": 0,
      "incorrect": 0,
      "missing": 1,
      "hallucinated": 0
    }
  },
  "error_count": 0
}