{
  "model": "claude-haiku-4-5-20251001",
  "template": "PS2_KI1",
  "total_samples": 50,
  "valid_json_count": 50,
  "json_validity_rate": 1.0,
  "overall_accuracy": 0.30922262135028095,
  "overall_precision": 0.40857705325383353,
  "overall_recall": 0.42523015951678234,
  "overall_f1": 0.3793547888628949,
  "overall_hallucination_rate": 0.1561051004636785,
  "avg_latency_seconds": 2.344841251373291,
  "field_metrics": {
    "harm.severity": {
      "accuracy": 0.58,
      "precision": 0.6170212765957447,
      "recall": 0.90625,
      "f1_score": 0.7341772151898734,
      "correct": 29,
      "incorrect": 18,
      "missing": 3,
      "hallucinated": 0
    },
    "harm.harm_type": {
      "accuracy": 0.2,
      "precision": 0.20833333333333334,
      "recall": 0.8333333333333334,
      "f1_score": 0.33333333333333337,
      "correct": 10,
      "incorrect": 38,
      "missing": 2,
      "hallucinated": 0
    },
    "harm.affected_parties": {
      "accuracy": 0.66,
      "precision": 0.7021276595744681,
      "recall": 0.9166666666666666,
      "f1_score": 0.7951807228915662,
      "correct": 33,
      "incorrect": 13,
      "missing": 3,
      "hallucinated": 1
    },
    "ai_system.name": {
      "accuracy": 0.78,
      "precision": 0.7959183673469388,
      "recall": 0.975,
      "f1_score": 0.8764044943820225,
      "correct": 39,
      "incorrect": 0,
      "missing": 1,
      "hallucinated": 10
    },
    "ai_system.deployer": {
      "accuracy": 0.7,
      "precision": 0.7777777777777778,
      "recall": 0.875,
      "f1_score": 0.823529411764706,
      "correct": 35,
      "incorrect": 4,
      "missing": 5,
      "hallucinated": 6
    },
    "ai_system.developer": {
      "accuracy": 0.86,
      "precision": 0.9555555555555556,
      "recall": 0.8958333333333334,
      "f1_score": 0.924731182795699,
      "correct": 43,
      "incorrect": 1,
      "missing": 5,
      "hallucinated": 1
    },
    "ai_system.system_type": {
      "accuracy": 0.14,
      "precision": 0.14583333333333334,
      "recall": 0.7777777777777778,
      "f1_score": 0.24561403508771928,
      "correct": 7,
      "incorrect": 40,
      "missing": 2,
      "hallucinated": 1
    },
    "organizations[0].name": {
      "accuracy": 0.9361702127659575,
      "precision": 1.0,
      "recall": 0.9361702127659575,
      "f1_score": 0.967032967032967,
      "correct": 44,
      "incorrect": 0,
      "missing": 3,
      "hallucinated": 0
    },
    "organizations[0].role": {
      "accuracy": 0.6808510638297872,
      "precision": 0.7272727272727273,
      "recall": 0.9142857142857143,
      "f1_score": 0.810126582278481,
      "correct": 32,
      "incorrect": 11,
      "missing": 3,
      "hallucinated": 1
    },
    "organizations[1].name": {
      "accuracy": 0.8181818181818182,
      "precision": 0.9642857142857143,
      "recall": 0.84375,
      "f1_score": 0.8999999999999999,
      "correct": 27,
      "incorrect": 1,
      "missing": 5,
      "hallucinated": 0
    },
    "organizations[1].role": {
      "accuracy": 0.30303030303030304,
      "precision": 0.35714285714285715,
      "recall": 0.6666666666666666,
      "f1_score": 0.46511627906976744,
      "correct": 10,
      "incorrect": 17,
      "missing": 5,
      "hallucinated": 1
    },
    "organizations[2].name": {
      "accuracy": 0.3333333333333333,
      "precision": 1.0,
      "recall": 0.3333333333333333,
      "f1_score": 0.5,
      "correct": 5,
      "incorrect": 0,
      "missing": 10,
      "hallucinated": 0
    },
    "organizations[2].role": {
      "accuracy": 0.13333333333333333,
      "precision": 0.4,
      "recall": 0.16666666666666666,
      "f1_score": 0.23529411764705882,
      "correct": 2,
      "incorrect": 3,
      "missing": 10,
      "hallucinated": 0
    },
    "event.event_type": {
      "accuracy": 0.7,
      "precision": 0.7,
      "recall": 1.0,
      "f1_score": 0.8235294117647058,
      "correct": 35,
      "incorrect": 15,
      "missing": 0,
      "hallucinated": 0
    },
    "event.event_location": {
      "accuracy": 0.48,
      "precision": 0.8888888888888888,
      "recall": 0.5106382978723404,
      "f1_score": 0.6486486486486487,
      "correct": 24,
      "incorrect": 3,
      "missing": 23,
      "hallucinated": 0
    },
    "event.event_date": {
      "accuracy": 0.02,
      "precision": 0.2,
      "recall": 0.021739130434782608,
      "f1_score": 0.0392156862745098,
      "correct": 1,
      "incorrect": 4,
      "missing": 45,
      "hallucinated": 0
    },
    "organizations[h0].name": {
      "accuracy": 0.0,
      "precision": 0.0,
      "recall": 0.0,
      "f1_score": 0.0,
      "correct": 0,
      "incorrect": 0,
      "missing": 0,
      "hallucinated": 6
    },
    "organizations[h0].role": {
      "accuracy": 0.0,
      "precision": 0.0,
      "recall": 0.0,
      "f1_score": 0.0,
      "correct": 0,
      "incorrect": 0,
      "missing": 0,
      "hallucinated": 6
    },
    "organizations[h1].name": {
      "accuracy": 0.0,
      "precision": 0.0,
      "recall": 0.0,
      "f1_score": 0.0,
      "correct": 0,
      "incorrect": 0,
      "missing": 0,
      "hallucinated": 17
    },
    "organizations[h1].role": {
      "accuracy": 0.0,
      "precision": 0.0,
      "recall": 0.0,
      "f1_score": 0.0,
      "correct": 0,
      "incorrect": 0,
      "missing": 0,
      "hallucinated": 17
    },
    "organizations[h2].name": {
      "accuracy": 0.0,
      "precision": 0.0,
      "recall": 0.0,
      "f1_score": 0.0,
      "correct": 0,
      "incorrect": 0,
      "missing": 0,
      "hallucinated": 11
    },
    "organizations[h2].role": {
      "accuracy": 0.0,
      "precision": 0.0,
      "recall": 0.0,
      "f1_score": 0.0,
      "correct": 0,
      "incorrect": 0,
      "missing": 0,
      "hallucinated": 11
    },
    "organizations[h3].name": {
      "accuracy": 0.0,
      "precision": 0.0,
      "recall": 0.0,
      "f1_score": 0.0,
      "correct": 0,
      "incorrect": 0,
      "missing": 0,
      "hallucinated": 6
    },
    "organizations[h3].role": {
      "accuracy": 0.0,
      "precision": 0.0,
      "recall": 0.0,
      "f1_score": 0.0,
      "correct": 0,
      "incorrect": 0,
      "missing": 0,
      "hallucinated": 6
    },
    "organizations[3].name": {
      "accuracy": 0.3333333333333333,
      "precision": 1.0,
      "recall": 0.3333333333333333,
      "f1_score": 0.5,
      "correct": 1,
      "incorrect": 0,
      "missing": 2,
      "hallucinated": 0
    },
    "organizations[3].role": {
      "accuracy": 0.0,
      "precision": 0.0,
      "recall": 0.0,
      "f1_score": 0.0,
      "correct": 0,
      "incorrect": 1,
      "missing": 2,
      "hallucinated": 0
    },
    "organizations[4].name": {
      "accuracy": 0.0,
      "precision": 0.0,
      "recall": 0.0,
      "f1_score": 0.0,
      "correct": 0,
      "incorrect": 0,
      "missing": 1,
      "hallucinated": 0
    },
    "organizations[4].role": {
      "accuracy": 0.0,
      "precision": 0.0,
      "recall": 0.0,
      "f1_score": 0.0,
      "correct": 0,
      "incorrect": 0,
      "missing": 1,
      "hallucinated": 0
    }
  },
  "error_count": 0
}