{
  "model": "claude-haiku-4-5-20251001",
  "template": "PS2_KI1",
  "total_samples": 50,
  "valid_json_count": 50,
  "json_validity_rate": 1.0,
  "overall_accuracy": 0.49015731785944555,
  "overall_precision": 0.6365906206999433,
  "overall_recall": 0.6469073701407189,
  "overall_f1": 0.5898567210068631,
  "overall_hallucination_rate": 0.13973799126637554,
  "avg_latency_seconds": 2.325466694831848,
  "field_metrics": {
    "ai_system.developer": {
      "accuracy": 0.84,
      "precision": 0.9333333333333333,
      "recall": 0.8936170212765957,
      "f1_score": 0.9130434782608695,
      "correct": 42,
      "incorrect": 2,
      "missing": 5,
      "hallucinated": 1
    },
    "ai_system.deployer": {
      "accuracy": 0.72,
      "precision": 0.8372093023255814,
      "recall": 0.8372093023255814,
      "f1_score": 0.8372093023255814,
      "correct": 36,
      "incorrect": 3,
      "missing": 7,
      "hallucinated": 4
    },
    "ai_system.system_type": {
      "accuracy": 0.12,
      "precision": 0.125,
      "recall": 0.75,
      "f1_score": 0.21428571428571427,
      "correct": 6,
      "incorrect": 41,
      "missing": 2,
      "hallucinated": 1
    },
    "ai_system.name": {
      "accuracy": 0.8,
      "precision": 0.8163265306122449,
      "recall": 0.975609756097561,
      "f1_score": 0.888888888888889,
      "correct": 40,
      "incorrect": 0,
      "missing": 1,
      "hallucinated": 9
    },
    "organizations[0].name": {
      "accuracy": 0.9361702127659575,
      "precision": 1.0,
      "recall": 0.9361702127659575,
      "f1_score": 0.967032967032967,
      "correct": 44,
      "incorrect": 0,
      "missing": 3,
      "hallucinated": 0
    },
    "organizations[0].role": {
      "accuracy": 0.7021276595744681,
      "precision": 0.75,
      "recall": 0.9166666666666666,
      "f1_score": 0.8250000000000001,
      "correct": 33,
      "incorrect": 10,
      "missing": 3,
      "hallucinated": 1
    },
    "organizations[1].name": {
      "accuracy": 0.8181818181818182,
      "precision": 0.9642857142857143,
      "recall": 0.84375,
      "f1_score": 0.8999999999999999,
      "correct": 27,
      "incorrect": 1,
      "missing": 5,
      "hallucinated": 0
    },
    "organizations[1].role": {
      "accuracy": 0.3333333333333333,
      "precision": 0.39285714285714285,
      "recall": 0.6875,
      "f1_score": 0.5,
      "correct": 11,
      "incorrect": 16,
      "missing": 5,
      "hallucinated": 1
    },
    "organizations[2].name": {
      "accuracy": 0.3333333333333333,
      "precision": 1.0,
      "recall": 0.3333333333333333,
      "f1_score": 0.5,
      "correct": 5,
      "incorrect": 0,
      "missing": 10,
      "hallucinated": 0
    },
    "organizations[2].role": {
      "accuracy": 0.26666666666666666,
      "precision": 0.8,
      "recall": 0.2857142857142857,
      "f1_score": 0.4210526315789473,
      "correct": 4,
      "incorrect": 1,
      "missing": 10,
      "hallucinated": 0
    },
    "event.event_date": {
      "accuracy": 0.96,
      "precision": 0.96,
      "recall": 1.0,
      "f1_score": 0.9795918367346939,
      "correct": 48,
      "incorrect": 2,
      "missing": 0,
      "hallucinated": 0
    },
    "event.event_location": {
      "accuracy": 0.48,
      "precision": 0.8888888888888888,
      "recall": 0.5106382978723404,
      "f1_score": 0.6486486486486487,
      "correct": 24,
      "incorrect": 3,
      "missing": 23,
      "hallucinated": 0
    },
    "event.event_type": {
      "accuracy": 0.68,
      "precision": 0.68,
      "recall": 1.0,
      "f1_score": 0.8095238095238095,
      "correct": 34,
      "incorrect": 16,
      "missing": 0,
      "hallucinated": 0
    },
    "harm.affected_parties": {
      "accuracy": 0.68,
      "precision": 0.723404255319149,
      "recall": 0.918918918918919,
      "f1_score": 0.8095238095238095,
      "correct": 34,
      "incorrect": 12,
      "missing": 3,
      "hallucinated": 1
    },
    "harm.severity": {
      "accuracy": 0.6,
      "precision": 0.6521739130434783,
      "recall": 0.8823529411764706,
      "f1_score": 0.75,
      "correct": 30,
      "incorrect": 16,
      "missing": 4,
      "hallucinated": 0
    },
    "harm.harm_type": {
      "accuracy": 0.2,
      "precision": 0.20833333333333334,
      "recall": 0.8333333333333334,
      "f1_score": 0.33333333333333337,
      "correct": 10,
      "incorrect": 38,
      "missing": 2,
      "hallucinated": 0
    },
    "organizations[h0].name": {
      "accuracy": 0.0,
      "precision": 0.0,
      "recall": 0.0,
      "f1_score": 0.0,
      "correct": 0,
      "incorrect": 0,
      "missing": 0,
      "hallucinated": 6
    },
    "organizations[h0].role": {
      "accuracy": 0.0,
      "precision": 0.0,
      "recall": 0.0,
      "f1_score": 0.0,
      "correct": 0,
      "incorrect": 0,
      "missing": 0,
      "hallucinated": 6
    },
    "organizations[h1].name": {
      "accuracy": 0.0,
      "precision": 0.0,
      "recall": 0.0,
      "f1_score": 0.0,
      "correct": 0,
      "incorrect": 0,
      "missing": 0,
      "hallucinated": 16
    },
    "organizations[h1].role": {
      "accuracy": 0.0,
      "precision": 0.0,
      "recall": 0.0,
      "f1_score": 0.0,
      "correct": 0,
      "incorrect": 0,
      "missing": 0,
      "hallucinated": 16
    },
    "organizations[h2].name": {
      "accuracy": 0.0,
      "precision": 0.0,
      "recall": 0.0,
      "f1_score": 0.0,
      "correct": 0,
      "incorrect": 0,
      "missing": 0,
      "hallucinated": 11
    },
    "organizations[h2].role": {
      "accuracy": 0.0,
      "precision": 0.0,
      "recall": 0.0,
      "f1_score": 0.0,
      "correct": 0,
      "incorrect": 0,
      "missing": 0,
      "hallucinated": 11
    },
    "organizations[h3].name": {
      "accuracy": 0.0,
      "precision": 0.0,
      "recall": 0.0,
      "f1_score": 0.0,
      "correct": 0,
      "incorrect": 0,
      "missing": 0,
      "hallucinated": 5
    },
    "organizations[h3].role": {
      "accuracy": 0.0,
      "precision": 0.0,
      "recall": 0.0,
      "f1_score": 0.0,
      "correct": 0,
      "incorrect": 0,
      "missing": 0,
      "hallucinated": 5
    },
    "organizations[3].name": {
      "accuracy": 0.3333333333333333,
      "precision": 1.0,
      "recall": 0.3333333333333333,
      "f1_score": 0.5,
      "correct": 1,
      "incorrect": 0,
      "missing": 2,
      "hallucinated": 0
    },
    "organizations[3].role": {
      "accuracy": 0.0,
      "precision": 0.0,
      "recall": 0.0,
      "f1_score": 0.0,
      "correct": 0,
      "incorrect": 1,
      "missing": 2,
      "hallucinated": 0
    },
    "organizations[h4].name": {
      "accuracy": 0.0,
      "precision": 0.0,
      "recall": 0.0,
      "f1_score": 0.0,
      "correct": 0,
      "incorrect": 0,
      "missing": 0,
      "hallucinated": 1
    },
    "organizations[h4].role": {
      "accuracy": 0.0,
      "precision": 0.0,
      "recall": 0.0,
      "f1_score": 0.0,
      "correct": 0,
      "incorrect": 0,
      "missing": 0,
      "hallucinated": 1
    },
    "organizations[4].name": {
      "accuracy": 0.0,
      "precision": 0.0,
      "recall": 0.0,
      "f1_score": 0.0,
      "correct": 0,
      "incorrect": 0,
      "missing": 1,
      "hallucinated": 0
    },
    "organizations[4].role": {
      "accuracy": 0.0,
      "precision": 0.0,
      "recall": 0.0,
      "f1_score": 0.0,
      "correct": 0,
      "incorrect": 0,
      "missing": 1,
      "hallucinated": 0
    }
  },
  "error_count": 0
}