{
  "model": "llama3.1:8b",
  "template": "PS1_KI1",
  "total_samples": 50,
  "valid_json_count": 50,
  "json_validity_rate": 1.0,
  "overall_accuracy": 0.2903223726627982,
  "overall_precision": 0.3973660784591776,
  "overall_recall": 0.45023352685586726,
  "overall_f1": 0.37424481985434255,
  "overall_hallucination_rate": 0.18973561430793157,
  "avg_latency_seconds": 8.238283877372742,
  "field_metrics": {
    "organizations[0].name": {
      "accuracy": 0.7872340425531915,
      "precision": 1.0,
      "recall": 0.7872340425531915,
      "f1_score": 0.880952380952381,
      "correct": 37,
      "incorrect": 0,
      "missing": 10,
      "hallucinated": 0
    },
    "organizations[0].role": {
      "accuracy": 0.3404255319148936,
      "precision": 0.43243243243243246,
      "recall": 0.6153846153846154,
      "f1_score": 0.5079365079365079,
      "correct": 16,
      "incorrect": 20,
      "missing": 10,
      "hallucinated": 1
    },
    "organizations[1].name": {
      "accuracy": 0.6060606060606061,
      "precision": 0.9523809523809523,
      "recall": 0.625,
      "f1_score": 0.7547169811320755,
      "correct": 20,
      "incorrect": 1,
      "missing": 12,
      "hallucinated": 0
    },
    "organizations[1].role": {
      "accuracy": 0.2727272727272727,
      "precision": 0.4090909090909091,
      "recall": 0.45,
      "f1_score": 0.4285714285714286,
      "correct": 9,
      "incorrect": 13,
      "missing": 11,
      "hallucinated": 0
    },
    "organizations[2].name": {
      "accuracy": 0.2,
      "precision": 1.0,
      "recall": 0.2,
      "f1_score": 0.33333333333333337,
      "correct": 3,
      "incorrect": 0,
      "missing": 12,
      "hallucinated": 0
    },
    "organizations[2].role": {
      "accuracy": 0.0,
      "precision": 0.0,
      "recall": 0.0,
      "f1_score": 0.0,
      "correct": 0,
      "incorrect": 3,
      "missing": 12,
      "hallucinated": 0
    },
    "organizations[h2].name": {
      "accuracy": 0.0,
      "precision": 0.0,
      "recall": 0.0,
      "f1_score": 0.0,
      "correct": 0,
      "incorrect": 0,
      "missing": 0,
      "hallucinated": 8
    },
    "organizations[h2].role": {
      "accuracy": 0.0,
      "precision": 0.0,
      "recall": 0.0,
      "f1_score": 0.0,
      "correct": 0,
      "incorrect": 0,
      "missing": 0,
      "hallucinated": 8
    },
    "event.event_type": {
      "accuracy": 0.0,
      "precision": 0.0,
      "recall": 0.0,
      "f1_score": 0.0,
      "correct": 0,
      "incorrect": 50,
      "missing": 0,
      "hallucinated": 0
    },
    "event.event_location": {
      "accuracy": 0.32,
      "precision": 0.5517241379310345,
      "recall": 0.43243243243243246,
      "f1_score": 0.48484848484848486,
      "correct": 16,
      "incorrect": 13,
      "missing": 21,
      "hallucinated": 0
    },
    "event.event_date": {
      "accuracy": 0.86,
      "precision": 0.9347826086956522,
      "recall": 0.9148936170212766,
      "f1_score": 0.924731182795699,
      "correct": 43,
      "incorrect": 3,
      "missing": 4,
      "hallucinated": 0
    },
    "ai_system.developer": {
      "accuracy": 0.76,
      "precision": 0.8837209302325582,
      "recall": 0.8444444444444444,
      "f1_score": 0.8636363636363636,
      "correct": 38,
      "incorrect": 3,
      "missing": 7,
      "hallucinated": 2
    },
    "ai_system.system_type": {
      "accuracy": 0.12,
      "precision": 0.125,
      "recall": 0.75,
      "f1_score": 0.21428571428571427,
      "correct": 6,
      "incorrect": 41,
      "missing": 2,
      "hallucinated": 1
    },
    "ai_system.name": {
      "accuracy": 0.66,
      "precision": 0.66,
      "recall": 1.0,
      "f1_score": 0.7951807228915663,
      "correct": 33,
      "incorrect": 1,
      "missing": 0,
      "hallucinated": 16
    },
    "ai_system.deployer": {
      "accuracy": 0.4,
      "precision": 0.47619047619047616,
      "recall": 0.7142857142857143,
      "f1_score": 0.5714285714285714,
      "correct": 20,
      "incorrect": 5,
      "missing": 8,
      "hallucinated": 17
    },
    "harm.severity": {
      "accuracy": 0.04,
      "precision": 0.06451612903225806,
      "recall": 0.09523809523809523,
      "f1_score": 0.07692307692307691,
      "correct": 2,
      "incorrect": 29,
      "missing": 19,
      "hallucinated": 0
    },
    "harm.harm_type": {
      "accuracy": 0.04,
      "precision": 0.04081632653061224,
      "recall": 0.6666666666666666,
      "f1_score": 0.07692307692307691,
      "correct": 2,
      "incorrect": 47,
      "missing": 1,
      "hallucinated": 0
    },
    "harm.affected_parties": {
      "accuracy": 0.4,
      "precision": 0.4166666666666667,
      "recall": 0.9090909090909091,
      "f1_score": 0.5714285714285715,
      "correct": 20,
      "incorrect": 27,
      "missing": 2,
      "hallucinated": 1
    },
    "organizations[h0].name": {
      "accuracy": 0.0,
      "precision": 0.0,
      "recall": 0.0,
      "f1_score": 0.0,
      "correct": 0,
      "incorrect": 0,
      "missing": 0,
      "hallucinated": 13
    },
    "organizations[h0].role": {
      "accuracy": 0.0,
      "precision": 0.0,
      "recall": 0.0,
      "f1_score": 0.0,
      "correct": 0,
      "incorrect": 0,
      "missing": 0,
      "hallucinated": 13
    },
    "organizations[h1].name": {
      "accuracy": 0.0,
      "precision": 0.0,
      "recall": 0.0,
      "f1_score": 0.0,
      "correct": 0,
      "incorrect": 0,
      "missing": 0,
      "hallucinated": 18
    },
    "organizations[h1].role": {
      "accuracy": 0.0,
      "precision": 0.0,
      "recall": 0.0,
      "f1_score": 0.0,
      "correct": 0,
      "incorrect": 0,
      "missing": 0,
      "hallucinated": 18
    },
    "organizations[3].name": {
      "accuracy": 0.0,
      "precision": 0.0,
      "recall": 0.0,
      "f1_score": 0.0,
      "correct": 0,
      "incorrect": 0,
      "missing": 3,
      "hallucinated": 0
    },
    "organizations[3].role": {
      "accuracy": 0.0,
      "precision": 0.0,
      "recall": 0.0,
      "f1_score": 0.0,
      "correct": 0,
      "incorrect": 0,
      "missing": 3,
      "hallucinated": 0
    },
    "organizations[4].name": {
      "accuracy": 0.0,
      "precision": 0.0,
      "recall": 0.0,
      "f1_score": 0.0,
      "correct": 0,
      "incorrect": 0,
      "missing": 1,
      "hallucinated": 0
    },
    "organizations[4].role": {
      "accuracy": 0.0,
      "precision": 0.0,
      "recall": 0.0,
      "f1_score": 0.0,
      "correct": 0,
      "incorrect": 0,
      "missing": 1,
      "hallucinated": 0
    },
    "organizations[h3].name": {
      "accuracy": 0.0,
      "precision": 0.0,
      "recall": 0.0,
      "f1_score": 0.0,
      "correct": 0,
      "incorrect": 0,
      "missing": 0,
      "hallucinated": 2
    },
    "organizations[h3].role": {
      "accuracy": 0.0,
      "precision": 0.0,
      "recall": 0.0,
      "f1_score": 0.0,
      "correct": 0,
      "incorrect": 0,
      "missing": 0,
      "hallucinated": 2
    },
    "organizations[h4].name": {
      "accuracy": 0.0,
      "precision": 0.0,
      "recall": 0.0,
      "f1_score": 0.0,
      "correct": 0,
      "incorrect": 0,
      "missing": 0,
      "hallucinated": 1
    },
    "organizations[h4].role": {
      "accuracy": 0.0,
      "precision": 0.0,
      "recall": 0.0,
      "f1_score": 0.0,
      "correct": 0,
      "incorrect": 0,
      "missing": 0,
      "hallucinated": 1
    }
  },
  "error_count": 0
}