{
  "model": "claude-haiku-4-5-20251001",
  "template": "PS1_KI1",
  "total_samples": 50,
  "valid_json_count": 50,
  "json_validity_rate": 1.0,
  "overall_accuracy": 0.21803309692671394,
  "overall_precision": 0.3025494274753262,
  "overall_recall": 0.3274882920511967,
  "overall_f1": 0.2680757933340621,
  "overall_hallucination_rate": 0.20245398773006135,
  "avg_latency_seconds": 2.178257508277893,
  "field_metrics": {
    "event.event_date": {
      "accuracy": 0.02,
      "precision": 0.2,
      "recall": 0.021739130434782608,
      "f1_score": 0.0392156862745098,
      "correct": 1,
      "incorrect": 4,
      "missing": 45,
      "hallucinated": 0
    },
    "event.event_location": {
      "accuracy": 0.42,
      "precision": 0.7777777777777778,
      "recall": 0.4772727272727273,
      "f1_score": 0.5915492957746479,
      "correct": 21,
      "incorrect": 6,
      "missing": 23,
      "hallucinated": 0
    },
    "event.event_type": {
      "accuracy": 0.0,
      "precision": 0.0,
      "recall": 0.0,
      "f1_score": 0.0,
      "correct": 0,
      "incorrect": 50,
      "missing": 0,
      "hallucinated": 0
    },
    "harm.affected_parties": {
      "accuracy": 0.74,
      "precision": 0.7872340425531915,
      "recall": 0.925,
      "f1_score": 0.8505747126436781,
      "correct": 37,
      "incorrect": 9,
      "missing": 3,
      "hallucinated": 1
    },
    "harm.severity": {
      "accuracy": 0.04,
      "precision": 0.13333333333333333,
      "recall": 0.05405405405405406,
      "f1_score": 0.07692307692307693,
      "correct": 2,
      "incorrect": 13,
      "missing": 35,
      "hallucinated": 0
    },
    "harm.harm_type": {
      "accuracy": 0.08,
      "precision": 0.08,
      "recall": 1.0,
      "f1_score": 0.14814814814814814,
      "correct": 4,
      "incorrect": 46,
      "missing": 0,
      "hallucinated": 0
    },
    "organizations[0].name": {
      "accuracy": 0.9361702127659575,
      "precision": 1.0,
      "recall": 0.9361702127659575,
      "f1_score": 0.967032967032967,
      "correct": 44,
      "incorrect": 0,
      "missing": 3,
      "hallucinated": 0
    },
    "organizations[0].role": {
      "accuracy": 0.19148936170212766,
      "precision": 0.20454545454545456,
      "recall": 0.75,
      "f1_score": 0.3214285714285714,
      "correct": 9,
      "incorrect": 34,
      "missing": 3,
      "hallucinated": 1
    },
    "organizations[1].name": {
      "accuracy": 0.8484848484848485,
      "precision": 0.9655172413793104,
      "recall": 0.875,
      "f1_score": 0.9180327868852458,
      "correct": 28,
      "incorrect": 1,
      "missing": 4,
      "hallucinated": 0
    },
    "organizations[1].role": {
      "accuracy": 0.15151515151515152,
      "precision": 0.16666666666666666,
      "recall": 0.625,
      "f1_score": 0.2631578947368421,
      "correct": 5,
      "incorrect": 25,
      "missing": 3,
      "hallucinated": 0
    },
    "organizations[2].name": {
      "accuracy": 0.3333333333333333,
      "precision": 1.0,
      "recall": 0.3333333333333333,
      "f1_score": 0.5,
      "correct": 5,
      "incorrect": 0,
      "missing": 10,
      "hallucinated": 0
    },
    "organizations[2].role": {
      "accuracy": 0.06666666666666667,
      "precision": 0.2,
      "recall": 0.09090909090909091,
      "f1_score": 0.12500000000000003,
      "correct": 1,
      "incorrect": 4,
      "missing": 10,
      "hallucinated": 0
    },
    "organizations[h3].name": {
      "accuracy": 0.0,
      "precision": 0.0,
      "recall": 0.0,
      "f1_score": 0.0,
      "correct": 0,
      "incorrect": 0,
      "missing": 0,
      "hallucinated": 7
    },
    "organizations[h3].role": {
      "accuracy": 0.0,
      "precision": 0.0,
      "recall": 0.0,
      "f1_score": 0.0,
      "correct": 0,
      "incorrect": 0,
      "missing": 0,
      "hallucinated": 7
    },
    "ai_system.name": {
      "accuracy": 0.78,
      "precision": 0.78,
      "recall": 1.0,
      "f1_score": 0.8764044943820225,
      "correct": 39,
      "incorrect": 0,
      "missing": 0,
      "hallucinated": 11
    },
    "ai_system.system_type": {
      "accuracy": 0.08,
      "precision": 0.08333333333333333,
      "recall": 0.6666666666666666,
      "f1_score": 0.14814814814814814,
      "correct": 4,
      "incorrect": 43,
      "missing": 2,
      "hallucinated": 1
    },
    "ai_system.deployer": {
      "accuracy": 0.64,
      "precision": 0.7619047619047619,
      "recall": 0.8,
      "f1_score": 0.7804878048780488,
      "correct": 32,
      "incorrect": 5,
      "missing": 8,
      "hallucinated": 5
    },
    "ai_system.developer": {
      "accuracy": 0.88,
      "precision": 0.9361702127659575,
      "recall": 0.9361702127659575,
      "f1_score": 0.9361702127659575,
      "correct": 44,
      "incorrect": 2,
      "missing": 3,
      "hallucinated": 1
    },
    "organizations[h0].name": {
      "accuracy": 0.0,
      "precision": 0.0,
      "recall": 0.0,
      "f1_score": 0.0,
      "correct": 0,
      "incorrect": 0,
      "missing": 0,
      "hallucinated": 11
    },
    "organizations[h0].role": {
      "accuracy": 0.0,
      "precision": 0.0,
      "recall": 0.0,
      "f1_score": 0.0,
      "correct": 0,
      "incorrect": 0,
      "missing": 0,
      "hallucinated": 11
    },
    "organizations[h1].name": {
      "accuracy": 0.0,
      "precision": 0.0,
      "recall": 0.0,
      "f1_score": 0.0,
      "correct": 0,
      "incorrect": 0,
      "missing": 0,
      "hallucinated": 21
    },
    "organizations[h1].role": {
      "accuracy": 0.0,
      "precision": 0.0,
      "recall": 0.0,
      "f1_score": 0.0,
      "correct": 0,
      "incorrect": 0,
      "missing": 0,
      "hallucinated": 21
    },
    "organizations[h2].name": {
      "accuracy": 0.0,
      "precision": 0.0,
      "recall": 0.0,
      "f1_score": 0.0,
      "correct": 0,
      "incorrect": 0,
      "missing": 0,
      "hallucinated": 14
    },
    "organizations[h2].role": {
      "accuracy": 0.0,
      "precision": 0.0,
      "recall": 0.0,
      "f1_score": 0.0,
      "correct": 0,
      "incorrect": 0,
      "missing": 0,
      "hallucinated": 14
    },
    "organizations[h4].name": {
      "accuracy": 0.0,
      "precision": 0.0,
      "recall": 0.0,
      "f1_score": 0.0,
      "correct": 0,
      "incorrect": 0,
      "missing": 0,
      "hallucinated": 3
    },
    "organizations[h4].role": {
      "accuracy": 0.0,
      "precision": 0.0,
      "recall": 0.0,
      "f1_score": 0.0,
      "correct": 0,
      "incorrect": 0,
      "missing": 0,
      "hallucinated": 3
    },
    "organizations[3].name": {
      "accuracy": 0.3333333333333333,
      "precision": 1.0,
      "recall": 0.3333333333333333,
      "f1_score": 0.5,
      "correct": 1,
      "incorrect": 0,
      "missing": 2,
      "hallucinated": 0
    },
    "organizations[3].role": {
      "accuracy": 0.0,
      "precision": 0.0,
      "recall": 0.0,
      "f1_score": 0.0,
      "correct": 0,
      "incorrect": 1,
      "missing": 2,
      "hallucinated": 0
    },
    "organizations[4].name": {
      "accuracy": 0.0,
      "precision": 0.0,
      "recall": 0.0,
      "f1_score": 0.0,
      "correct": 0,
      "incorrect": 0,
      "missing": 1,
      "hallucinated": 0
    },
    "organizations[4].role": {
      "accuracy": 0.0,
      "precision": 0.0,
      "recall": 0.0,
      "f1_score": 0.0,
      "correct": 0,
      "incorrect": 0,
      "missing": 1,
      "hallucinated": 0
    }
  },
  "error_count": 0
}