{
  "model": "claude-opus-4-6",
  "template": "PS2_KI3",
  "total_samples": 50,
  "valid_json_count": 50,
  "json_validity_rate": 1.0,
  "overall_accuracy": 0.6074732430689878,
  "overall_precision": 0.7998066594507061,
  "overall_recall": 0.6930945673944694,
  "overall_f1": 0.7053380927191085,
  "overall_hallucination_rate": 0.119533527696793,
  "avg_latency_seconds": 4.033922333717346,
  "field_metrics": {
    "organizations[0].name": {
      "accuracy": 0.9574468085106383,
      "precision": 1.0,
      "recall": 0.9574468085106383,
      "f1_score": 0.9782608695652174,
      "correct": 45,
      "incorrect": 0,
      "missing": 2,
      "hallucinated": 0
    },
    "organizations[0].role": {
      "accuracy": 0.7659574468085106,
      "precision": 0.8,
      "recall": 0.9473684210526315,
      "f1_score": 0.8674698795180723,
      "correct": 36,
      "incorrect": 8,
      "missing": 2,
      "hallucinated": 1
    },
    "organizations[1].name": {
      "accuracy": 0.8181818181818182,
      "precision": 0.9642857142857143,
      "recall": 0.84375,
      "f1_score": 0.8999999999999999,
      "correct": 27,
      "incorrect": 1,
      "missing": 5,
      "hallucinated": 0
    },
    "organizations[1].role": {
      "accuracy": 0.45454545454545453,
      "precision": 0.5357142857142857,
      "recall": 0.75,
      "f1_score": 0.6250000000000001,
      "correct": 15,
      "incorrect": 12,
      "missing": 5,
      "hallucinated": 1
    },
    "organizations[2].name": {
      "accuracy": 0.3333333333333333,
      "precision": 1.0,
      "recall": 0.3333333333333333,
      "f1_score": 0.5,
      "correct": 5,
      "incorrect": 0,
      "missing": 10,
      "hallucinated": 0
    },
    "organizations[2].role": {
      "accuracy": 0.3333333333333333,
      "precision": 1.0,
      "recall": 0.3333333333333333,
      "f1_score": 0.5,
      "correct": 5,
      "incorrect": 0,
      "missing": 10,
      "hallucinated": 0
    },
    "event.event_type": {
      "accuracy": 0.88,
      "precision": 0.88,
      "recall": 1.0,
      "f1_score": 0.9361702127659575,
      "correct": 44,
      "incorrect": 6,
      "missing": 0,
      "hallucinated": 0
    },
    "event.event_location": {
      "accuracy": 0.6,
      "precision": 1.0,
      "recall": 0.6,
      "f1_score": 0.7499999999999999,
      "correct": 30,
      "incorrect": 0,
      "missing": 20,
      "hallucinated": 0
    },
    "event.event_date": {
      "accuracy": 0.7,
      "precision": 0.9722222222222222,
      "recall": 0.7142857142857143,
      "f1_score": 0.8235294117647058,
      "correct": 35,
      "incorrect": 1,
      "missing": 14,
      "hallucinated": 0
    },
    "ai_system.developer": {
      "accuracy": 0.92,
      "precision": 1.0,
      "recall": 0.92,
      "f1_score": 0.9583333333333334,
      "correct": 46,
      "incorrect": 0,
      "missing": 4,
      "hallucinated": 0
    },
    "ai_system.system_type": {
      "accuracy": 0.82,
      "precision": 0.82,
      "recall": 1.0,
      "f1_score": 0.9010989010989011,
      "correct": 41,
      "incorrect": 8,
      "missing": 0,
      "hallucinated": 1
    },
    "ai_system.name": {
      "accuracy": 0.92,
      "precision": 0.92,
      "recall": 1.0,
      "f1_score": 0.9583333333333334,
      "correct": 46,
      "incorrect": 2,
      "missing": 0,
      "hallucinated": 2
    },
    "ai_system.deployer": {
      "accuracy": 0.82,
      "precision": 0.8723404255319149,
      "recall": 0.9318181818181818,
      "f1_score": 0.9010989010989012,
      "correct": 41,
      "incorrect": 3,
      "missing": 3,
      "hallucinated": 3
    },
    "harm.severity": {
      "accuracy": 0.64,
      "precision": 0.6956521739130435,
      "recall": 0.8888888888888888,
      "f1_score": 0.7804878048780488,
      "correct": 32,
      "incorrect": 14,
      "missing": 4,
      "hallucinated": 0
    },
    "harm.harm_type": {
      "accuracy": 0.74,
      "precision": 0.74,
      "recall": 1.0,
      "f1_score": 0.8505747126436781,
      "correct": 37,
      "incorrect": 13,
      "missing": 0,
      "hallucinated": 0
    },
    "harm.affected_parties": {
      "accuracy": 0.78,
      "precision": 0.7959183673469388,
      "recall": 0.975,
      "f1_score": 0.8764044943820225,
      "correct": 39,
      "incorrect": 10,
      "missing": 1,
      "hallucinated": 0
    },
    "organizations[h0].name": {
      "accuracy": 0.0,
      "precision": 0.0,
      "recall": 0.0,
      "f1_score": 0.0,
      "correct": 0,
      "incorrect": 0,
      "missing": 0,
      "hallucinated": 5
    },
    "organizations[h0].role": {
      "accuracy": 0.0,
      "precision": 0.0,
      "recall": 0.0,
      "f1_score": 0.0,
      "correct": 0,
      "incorrect": 0,
      "missing": 0,
      "hallucinated": 5
    },
    "organizations[h1].name": {
      "accuracy": 0.0,
      "precision": 0.0,
      "recall": 0.0,
      "f1_score": 0.0,
      "correct": 0,
      "incorrect": 0,
      "missing": 0,
      "hallucinated": 15
    },
    "organizations[h1].role": {
      "accuracy": 0.0,
      "precision": 0.0,
      "recall": 0.0,
      "f1_score": 0.0,
      "correct": 0,
      "incorrect": 0,
      "missing": 0,
      "hallucinated": 15
    },
    "organizations[h2].name": {
      "accuracy": 0.0,
      "precision": 0.0,
      "recall": 0.0,
      "f1_score": 0.0,
      "correct": 0,
      "incorrect": 0,
      "missing": 0,
      "hallucinated": 12
    },
    "organizations[h2].role": {
      "accuracy": 0.0,
      "precision": 0.0,
      "recall": 0.0,
      "f1_score": 0.0,
      "correct": 0,
      "incorrect": 0,
      "missing": 0,
      "hallucinated": 12
    },
    "organizations[h3].name": {
      "accuracy": 0.0,
      "precision": 0.0,
      "recall": 0.0,
      "f1_score": 0.0,
      "correct": 0,
      "incorrect": 0,
      "missing": 0,
      "hallucinated": 5
    },
    "organizations[h3].role": {
      "accuracy": 0.0,
      "precision": 0.0,
      "recall": 0.0,
      "f1_score": 0.0,
      "correct": 0,
      "incorrect": 0,
      "missing": 0,
      "hallucinated": 5
    },
    "organizations[3].name": {
      "accuracy": 0.3333333333333333,
      "precision": 1.0,
      "recall": 0.3333333333333333,
      "f1_score": 0.5,
      "correct": 1,
      "incorrect": 0,
      "missing": 2,
      "hallucinated": 0
    },
    "organizations[3].role": {
      "accuracy": 0.3333333333333333,
      "precision": 1.0,
      "recall": 0.3333333333333333,
      "f1_score": 0.5,
      "correct": 1,
      "incorrect": 0,
      "missing": 2,
      "hallucinated": 0
    },
    "organizations[4].name": {
      "accuracy": 0.0,
      "precision": 0.0,
      "recall": 0.0,
      "f1_score": 0.0,
      "correct": 0,
      "incorrect": 0,
      "missing": 1,
      "hallucinated": 0
    },
    "organizations[4].role": {
      "accuracy": 0.0,
      "precision": 0.0,
      "recall": 0.0,
      "f1_score": 0.0,
      "correct": 0,
      "incorrect": 0,
      "missing": 1,
      "hallucinated": 0
    }
  },
  "error_count": 0
}