{
  "model": "claude-haiku-4-5-20251001",
  "template": "PS3_KI4",
  "total_samples": 50,
  "valid_json_count": 50,
  "json_validity_rate": 1.0,
  "overall_accuracy": 0.74,
  "overall_accuracy_micro": 0.74,
  "overall_precision": 0.8807383394721245,
  "overall_precision_micro": 0.8894230769230769,
  "overall_recall": 0.8096951741562084,
  "overall_recall_micro": 0.8149779735682819,
  "overall_f1": 0.8404853752243373,
  "overall_f1_micro": 0.850574712643678,
  "overall_hallucination_rate": 0.004807692307692308,
  "avg_latency_seconds": 5.795151338577271,
  "field_metrics": {
    "event.event_type": {
      "accuracy": 0.66,
      "precision": 0.825,
      "recall": 0.7674418604651163,
      "f1_score": 0.7951807228915662,
      "correct": 33,
      "incorrect": 7,
      "missing": 10,
      "hallucinated": 0
    },
    "event.event_location": {
      "accuracy": 0.98,
      "precision": 1.0,
      "recall": 0.98,
      "f1_score": 0.98989898989899,
      "correct": 49,
      "incorrect": 0,
      "missing": 1,
      "hallucinated": 0
    },
    "event.event_date": {
      "accuracy": 0.88,
      "precision": 0.9565217391304348,
      "recall": 0.9166666666666666,
      "f1_score": 0.9361702127659574,
      "correct": 44,
      "incorrect": 2,
      "missing": 4,
      "hallucinated": 0
    },
    "harm.harm_type": {
      "accuracy": 0.7,
      "precision": 0.8536585365853658,
      "recall": 0.7954545454545454,
      "f1_score": 0.8235294117647058,
      "correct": 35,
      "incorrect": 6,
      "missing": 9,
      "hallucinated": 0
    },
    "harm.affected_parties": {
      "accuracy": 0.66,
      "precision": 0.825,
      "recall": 0.7674418604651163,
      "f1_score": 0.7951807228915662,
      "correct": 33,
      "incorrect": 7,
      "missing": 10,
      "hallucinated": 0
    },
    "harm.severity": {
      "accuracy": 0.4,
      "precision": 0.7142857142857143,
      "recall": 0.47619047619047616,
      "f1_score": 0.5714285714285714,
      "correct": 20,
      "incorrect": 8,
      "missing": 22,
      "hallucinated": 0
    },
    "organizations[0].name": {
      "accuracy": 0.9148936170212766,
      "precision": 1.0,
      "recall": 0.9148936170212766,
      "f1_score": 0.9555555555555556,
      "correct": 43,
      "incorrect": 0,
      "missing": 4,
      "hallucinated": 0
    },
    "organizations[0].role": {
      "accuracy": 0.7446808510638298,
      "precision": 0.813953488372093,
      "recall": 0.8974358974358975,
      "f1_score": 0.8536585365853658,
      "correct": 35,
      "incorrect": 8,
      "missing": 4,
      "hallucinated": 0
    },
    "organizations[1].name": {
      "accuracy": 0.7878787878787878,
      "precision": 0.9629629629629629,
      "recall": 0.8125,
      "f1_score": 0.8813559322033898,
      "correct": 26,
      "incorrect": 1,
      "missing": 6,
      "hallucinated": 0
    },
    "organizations[1].role": {
      "accuracy": 0.45454545454545453,
      "precision": 0.5555555555555556,
      "recall": 0.7142857142857143,
      "f1_score": 0.6250000000000001,
      "correct": 15,
      "incorrect": 12,
      "missing": 6,
      "hallucinated": 0
    },
    "organizations[2].name": {
      "accuracy": 0.3333333333333333,
      "precision": 1.0,
      "recall": 0.3333333333333333,
      "f1_score": 0.5,
      "correct": 5,
      "incorrect": 0,
      "missing": 10,
      "hallucinated": 0
    },
    "organizations[2].role": {
      "accuracy": 0.3333333333333333,
      "precision": 1.0,
      "recall": 0.3333333333333333,
      "f1_score": 0.5,
      "correct": 5,
      "incorrect": 0,
      "missing": 10,
      "hallucinated": 0
    },
    "organizations[h3].name": {
      "accuracy": 0.0,
      "precision": 0.0,
      "recall": 0.0,
      "f1_score": 0.0,
      "correct": 0,
      "incorrect": 0,
      "missing": 0,
      "hallucinated": 8
    },
    "organizations[h3].role": {
      "accuracy": 0.0,
      "precision": 0.0,
      "recall": 0.0,
      "f1_score": 0.0,
      "correct": 0,
      "incorrect": 0,
      "missing": 0,
      "hallucinated": 8
    },
    "ai_system.developer": {
      "accuracy": 0.84,
      "precision": 0.9767441860465116,
      "recall": 0.8571428571428571,
      "f1_score": 0.9130434782608695,
      "correct": 42,
      "incorrect": 1,
      "missing": 7,
      "hallucinated": 0
    },
    "ai_system.name": {
      "accuracy": 0.9,
      "precision": 0.9375,
      "recall": 0.9574468085106383,
      "f1_score": 0.9473684210526315,
      "correct": 45,
      "incorrect": 1,
      "missing": 2,
      "hallucinated": 2
    },
    "ai_system.deployer": {
      "accuracy": 0.7,
      "precision": 0.9459459459459459,
      "recall": 0.7291666666666666,
      "f1_score": 0.8235294117647058,
      "correct": 35,
      "incorrect": 2,
      "missing": 13,
      "hallucinated": 0
    },
    "ai_system.system_type": {
      "accuracy": 0.68,
      "precision": 0.7727272727272727,
      "recall": 0.85,
      "f1_score": 0.8095238095238095,
      "correct": 34,
      "incorrect": 10,
      "missing": 6,
      "hallucinated": 0
    },
    "organizations[h0].name": {
      "accuracy": 0.0,
      "precision": 0.0,
      "recall": 0.0,
      "f1_score": 0.0,
      "correct": 0,
      "incorrect": 0,
      "missing": 0,
      "hallucinated": 7
    },
    "organizations[h0].role": {
      "accuracy": 0.0,
      "precision": 0.0,
      "recall": 0.0,
      "f1_score": 0.0,
      "correct": 0,
      "incorrect": 0,
      "missing": 0,
      "hallucinated": 7
    },
    "organizations[h1].name": {
      "accuracy": 0.0,
      "precision": 0.0,
      "recall": 0.0,
      "f1_score": 0.0,
      "correct": 0,
      "incorrect": 0,
      "missing": 0,
      "hallucinated": 10
    },
    "organizations[h1].role": {
      "accuracy": 0.0,
      "precision": 0.0,
      "recall": 0.0,
      "f1_score": 0.0,
      "correct": 0,
      "incorrect": 0,
      "missing": 0,
      "hallucinated": 10
    },
    "organizations[h2].name": {
      "accuracy": 0.0,
      "precision": 0.0,
      "recall": 0.0,
      "f1_score": 0.0,
      "correct": 0,
      "incorrect": 0,
      "missing": 0,
      "hallucinated": 7
    },
    "organizations[h2].role": {
      "accuracy": 0.0,
      "precision": 0.0,
      "recall": 0.0,
      "f1_score": 0.0,
      "correct": 0,
      "incorrect": 0,
      "missing": 0,
      "hallucinated": 7
    },
    "incidents": {
      "accuracy": 0.0,
      "precision": 0.0,
      "recall": 0.0,
      "f1_score": 0.0,
      "correct": 0,
      "incorrect": 0,
      "missing": 0,
      "hallucinated": 1
    },
    "organizations[3].name": {
      "accuracy": 0.3333333333333333,
      "precision": 1.0,
      "recall": 0.3333333333333333,
      "f1_score": 0.5,
      "correct": 1,
      "incorrect": 0,
      "missing": 2,
      "hallucinated": 0
    },
    "organizations[3].role": {
      "accuracy": 0.3333333333333333,
      "precision": 1.0,
      "recall": 0.3333333333333333,
      "f1_score": 0.5,
      "correct": 1,
      "incorrect": 0,
      "missing": 2,
      "hallucinated": 0
    },
    "organizations[h4].name": {
      "accuracy": 0.0,
      "precision": 0.0,
      "recall": 0.0,
      "f1_score": 0.0,
      "correct": 0,
      "incorrect": 0,
      "missing": 0,
      "hallucinated": 1
    },
    "organizations[h4].role": {
      "accuracy": 0.0,
      "precision": 0.0,
      "recall": 0.0,
      "f1_score": 0.0,
      "correct": 0,
      "incorrect": 0,
      "missing": 0,
      "hallucinated": 1
    },
    "organizations[4].name": {
      "accuracy": 0.0,
      "precision": 0.0,
      "recall": 0.0,
      "f1_score": 0.0,
      "correct": 0,
      "incorrect": 0,
      "missing": 1,
      "hallucinated": 0
    },
    "organizations[4].role": {
      "accuracy": 0.0,
      "precision": 0.0,
      "recall": 0.0,
      "f1_score": 0.0,
      "correct": 0,
      "incorrect": 0,
      "missing": 1,
      "hallucinated": 0
    }
  },
  "error_count": 0
}