{
  "model": "llama3.1:8b",
  "template": "PS2_KI1",
  "total_samples": 50,
  "valid_json_count": 50,
  "json_validity_rate": 1.0,
  "overall_accuracy": 0.24513131313131312,
  "overall_precision": 0.3138836913186383,
  "overall_recall": 0.35438599929258163,
  "overall_f1": 0.31449997291541326,
  "overall_hallucination_rate": 0.18035426731078905,
  "avg_latency_seconds": 9.109194388389588,
  "field_metrics": {
    "event.event_location": {
      "accuracy": 0.58,
      "precision": 0.8787878787878788,
      "recall": 0.6304347826086957,
      "f1_score": 0.7341772151898734,
      "correct": 29,
      "incorrect": 4,
      "missing": 17,
      "hallucinated": 0
    },
    "event.event_date": {
      "accuracy": 0.0,
      "precision": 0.0,
      "recall": 0.0,
      "f1_score": 0.0,
      "correct": 0,
      "incorrect": 1,
      "missing": 49,
      "hallucinated": 0
    },
    "event.event_type": {
      "accuracy": 0.7,
      "precision": 0.7,
      "recall": 1.0,
      "f1_score": 0.8235294117647058,
      "correct": 35,
      "incorrect": 15,
      "missing": 0,
      "hallucinated": 0
    },
    "harm.harm_type": {
      "accuracy": 0.28,
      "precision": 0.2978723404255319,
      "recall": 0.8235294117647058,
      "f1_score": 0.4375,
      "correct": 14,
      "incorrect": 33,
      "missing": 3,
      "hallucinated": 0
    },
    "harm.severity": {
      "accuracy": 0.36,
      "precision": 0.3829787234042553,
      "recall": 0.8571428571428571,
      "f1_score": 0.5294117647058824,
      "correct": 18,
      "incorrect": 29,
      "missing": 3,
      "hallucinated": 0
    },
    "harm.affected_parties": {
      "accuracy": 0.44,
      "precision": 0.4489795918367347,
      "recall": 0.9565217391304348,
      "f1_score": 0.6111111111111112,
      "correct": 22,
      "incorrect": 25,
      "missing": 1,
      "hallucinated": 2
    },
    "ai_system.name": {
      "accuracy": 0.66,
      "precision": 0.673469387755102,
      "recall": 0.9705882352941176,
      "f1_score": 0.7951807228915663,
      "correct": 33,
      "incorrect": 2,
      "missing": 1,
      "hallucinated": 14
    },
    "ai_system.developer": {
      "accuracy": 0.7,
      "precision": 0.8536585365853658,
      "recall": 0.7954545454545454,
      "f1_score": 0.8235294117647058,
      "correct": 35,
      "incorrect": 3,
      "missing": 9,
      "hallucinated": 3
    },
    "ai_system.deployer": {
      "accuracy": 0.48,
      "precision": 0.6153846153846154,
      "recall": 0.6857142857142857,
      "f1_score": 0.6486486486486486,
      "correct": 24,
      "incorrect": 4,
      "missing": 11,
      "hallucinated": 11
    },
    "ai_system.system_type": {
      "accuracy": 0.14,
      "precision": 0.1891891891891892,
      "recall": 0.35,
      "f1_score": 0.24561403508771934,
      "correct": 7,
      "incorrect": 30,
      "missing": 13,
      "hallucinated": 0
    },
    "organizations[0].name": {
      "accuracy": 0.88,
      "precision": 1.0,
      "recall": 0.88,
      "f1_score": 0.9361702127659575,
      "correct": 44,
      "incorrect": 0,
      "missing": 6,
      "hallucinated": 0
    },
    "organizations[0].role": {
      "accuracy": 0.54,
      "precision": 0.6428571428571429,
      "recall": 0.7714285714285715,
      "f1_score": 0.7012987012987013,
      "correct": 27,
      "incorrect": 14,
      "missing": 8,
      "hallucinated": 1
    },
    "organizations[1].name": {
      "accuracy": 0.7272727272727273,
      "precision": 0.96,
      "recall": 0.75,
      "f1_score": 0.8421052631578947,
      "correct": 24,
      "incorrect": 1,
      "missing": 8,
      "hallucinated": 0
    },
    "organizations[1].role": {
      "accuracy": 0.3333333333333333,
      "precision": 0.44,
      "recall": 0.5789473684210527,
      "f1_score": 0.5,
      "correct": 11,
      "incorrect": 13,
      "missing": 8,
      "hallucinated": 1
    },
    "organizations[2].name": {
      "accuracy": 0.4,
      "precision": 1.0,
      "recall": 0.4,
      "f1_score": 0.5714285714285715,
      "correct": 6,
      "incorrect": 0,
      "missing": 9,
      "hallucinated": 0
    },
    "organizations[2].role": {
      "accuracy": 0.13333333333333333,
      "precision": 0.3333333333333333,
      "recall": 0.18181818181818182,
      "f1_score": 0.23529411764705885,
      "correct": 2,
      "incorrect": 4,
      "missing": 9,
      "hallucinated": 0
    },
    "organizations[h0].name": {
      "accuracy": 0.0,
      "precision": 0.0,
      "recall": 0.0,
      "f1_score": 0.0,
      "correct": 0,
      "incorrect": 0,
      "missing": 0,
      "hallucinated": 13
    },
    "organizations[h0].role": {
      "accuracy": 0.0,
      "precision": 0.0,
      "recall": 0.0,
      "f1_score": 0.0,
      "correct": 0,
      "incorrect": 0,
      "missing": 0,
      "hallucinated": 13
    },
    "organizations[h1].name": {
      "accuracy": 0.0,
      "precision": 0.0,
      "recall": 0.0,
      "f1_score": 0.0,
      "correct": 0,
      "incorrect": 0,
      "missing": 0,
      "hallucinated": 21
    },
    "organizations[h1].role": {
      "accuracy": 0.0,
      "precision": 0.0,
      "recall": 0.0,
      "f1_score": 0.0,
      "correct": 0,
      "incorrect": 0,
      "missing": 0,
      "hallucinated": 21
    },
    "organizations[h2].name": {
      "accuracy": 0.0,
      "precision": 0.0,
      "recall": 0.0,
      "f1_score": 0.0,
      "correct": 0,
      "incorrect": 0,
      "missing": 0,
      "hallucinated": 4
    },
    "organizations[h2].role": {
      "accuracy": 0.0,
      "precision": 0.0,
      "recall": 0.0,
      "f1_score": 0.0,
      "correct": 0,
      "incorrect": 0,
      "missing": 0,
      "hallucinated": 4
    },
    "organizations[3].name": {
      "accuracy": 0.0,
      "precision": 0.0,
      "recall": 0.0,
      "f1_score": 0.0,
      "correct": 0,
      "incorrect": 0,
      "missing": 3,
      "hallucinated": 0
    },
    "organizations[3].role": {
      "accuracy": 0.0,
      "precision": 0.0,
      "recall": 0.0,
      "f1_score": 0.0,
      "correct": 0,
      "incorrect": 0,
      "missing": 3,
      "hallucinated": 0
    },
    "organizations[4].name": {
      "accuracy": 0.0,
      "precision": 0.0,
      "recall": 0.0,
      "f1_score": 0.0,
      "correct": 0,
      "incorrect": 0,
      "missing": 1,
      "hallucinated": 0
    },
    "organizations[4].role": {
      "accuracy": 0.0,
      "precision": 0.0,
      "recall": 0.0,
      "f1_score": 0.0,
      "correct": 0,
      "incorrect": 0,
      "missing": 1,
      "hallucinated": 0
    },
    "organizations[h3].name": {
      "accuracy": 0.0,
      "precision": 0.0,
      "recall": 0.0,
      "f1_score": 0.0,
      "correct": 0,
      "incorrect": 0,
      "missing": 0,
      "hallucinated": 1
    },
    "organizations[h3].role": {
      "accuracy": 0.0,
      "precision": 0.0,
      "recall": 0.0,
      "f1_score": 0.0,
      "correct": 0,
      "incorrect": 0,
      "missing": 0,
      "hallucinated": 1
    },
    "organizations[h4].name": {
      "accuracy": 0.0,
      "precision": 0.0,
      "recall": 0.0,
      "f1_score": 0.0,
      "correct": 0,
      "incorrect": 0,
      "missing": 0,
      "hallucinated": 1
    },
    "organizations[h4].role": {
      "accuracy": 0.0,
      "precision": 0.0,
      "recall": 0.0,
      "f1_score": 0.0,
      "correct": 0,
      "incorrect": 0,
      "missing": 0,
      "hallucinated": 1
    }
  },
  "error_count": 0
}