{
  "model": "claude-opus-4-6",
  "template": "PS3_KI1",
  "total_samples": 50,
  "valid_json_count": 50,
  "json_validity_rate": 1.0,
  "overall_accuracy": 0.35886137975499677,
  "overall_precision": 0.48985782253173554,
  "overall_recall": 0.4882579964361879,
  "overall_f1": 0.42858459937298043,
  "overall_hallucination_rate": 0.12155591572123177,
  "avg_latency_seconds": 9.922757663726806,
  "field_metrics": {
    "organizations[0].name": {
      "accuracy": 0.9574468085106383,
      "precision": 1.0,
      "recall": 0.9574468085106383,
      "f1_score": 0.9782608695652174,
      "correct": 45,
      "incorrect": 0,
      "missing": 2,
      "hallucinated": 0
    },
    "organizations[0].role": {
      "accuracy": 0.1276595744680851,
      "precision": 0.13333333333333333,
      "recall": 0.75,
      "f1_score": 0.22641509433962267,
      "correct": 6,
      "incorrect": 38,
      "missing": 2,
      "hallucinated": 1
    },
    "organizations[1].name": {
      "accuracy": 0.7878787878787878,
      "precision": 0.9629629629629629,
      "recall": 0.8125,
      "f1_score": 0.8813559322033898,
      "correct": 26,
      "incorrect": 1,
      "missing": 6,
      "hallucinated": 0
    },
    "organizations[1].role": {
      "accuracy": 0.09090909090909091,
      "precision": 0.10714285714285714,
      "recall": 0.375,
      "f1_score": 0.16666666666666666,
      "correct": 3,
      "incorrect": 25,
      "missing": 5,
      "hallucinated": 0
    },
    "organizations[2].name": {
      "accuracy": 0.3333333333333333,
      "precision": 1.0,
      "recall": 0.3333333333333333,
      "f1_score": 0.5,
      "correct": 5,
      "incorrect": 0,
      "missing": 10,
      "hallucinated": 0
    },
    "organizations[2].role": {
      "accuracy": 0.06666666666666667,
      "precision": 0.2,
      "recall": 0.09090909090909091,
      "f1_score": 0.12500000000000003,
      "correct": 1,
      "incorrect": 4,
      "missing": 10,
      "hallucinated": 0
    },
    "event.event_type": {
      "accuracy": 0.0,
      "precision": 0.0,
      "recall": 0.0,
      "f1_score": 0.0,
      "correct": 0,
      "incorrect": 50,
      "missing": 0,
      "hallucinated": 0
    },
    "event.event_location": {
      "accuracy": 0.3,
      "precision": 0.6521739130434783,
      "recall": 0.35714285714285715,
      "f1_score": 0.4615384615384615,
      "correct": 15,
      "incorrect": 8,
      "missing": 27,
      "hallucinated": 0
    },
    "event.event_date": {
      "accuracy": 0.92,
      "precision": 0.92,
      "recall": 1.0,
      "f1_score": 0.9583333333333334,
      "correct": 46,
      "incorrect": 4,
      "missing": 0,
      "hallucinated": 0
    },
    "ai_system.developer": {
      "accuracy": 0.88,
      "precision": 0.9565217391304348,
      "recall": 0.9166666666666666,
      "f1_score": 0.9361702127659574,
      "correct": 44,
      "incorrect": 1,
      "missing": 4,
      "hallucinated": 1
    },
    "ai_system.system_type": {
      "accuracy": 0.08,
      "precision": 0.12121212121212122,
      "recall": 0.19047619047619047,
      "f1_score": 0.14814814814814814,
      "correct": 4,
      "incorrect": 29,
      "missing": 17,
      "hallucinated": 0
    },
    "ai_system.name": {
      "accuracy": 0.9,
      "precision": 0.9,
      "recall": 1.0,
      "f1_score": 0.9473684210526316,
      "correct": 45,
      "incorrect": 1,
      "missing": 0,
      "hallucinated": 4
    },
    "ai_system.deployer": {
      "accuracy": 0.68,
      "precision": 0.8095238095238095,
      "recall": 0.8095238095238095,
      "f1_score": 0.8095238095238095,
      "correct": 34,
      "incorrect": 2,
      "missing": 8,
      "hallucinated": 6
    },
    "harm.severity": {
      "accuracy": 0.06,
      "precision": 0.21428571428571427,
      "recall": 0.07692307692307693,
      "f1_score": 0.11320754716981134,
      "correct": 3,
      "incorrect": 11,
      "missing": 36,
      "hallucinated": 0
    },
    "harm.harm_type": {
      "accuracy": 0.02,
      "precision": 0.02,
      "recall": 1.0,
      "f1_score": 0.0392156862745098,
      "correct": 1,
      "incorrect": 49,
      "missing": 0,
      "hallucinated": 0
    },
    "harm.affected_parties": {
      "accuracy": 0.64,
      "precision": 0.8,
      "recall": 0.7619047619047619,
      "f1_score": 0.7804878048780488,
      "correct": 32,
      "incorrect": 7,
      "missing": 10,
      "hallucinated": 1
    },
    "organizations[h0].name": {
      "accuracy": 0.0,
      "precision": 0.0,
      "recall": 0.0,
      "f1_score": 0.0,
      "correct": 0,
      "incorrect": 0,
      "missing": 0,
      "hallucinated": 4
    },
    "organizations[h0].role": {
      "accuracy": 0.0,
      "precision": 0.0,
      "recall": 0.0,
      "f1_score": 0.0,
      "correct": 0,
      "incorrect": 0,
      "missing": 0,
      "hallucinated": 4
    },
    "organizations[h1].name": {
      "accuracy": 0.0,
      "precision": 0.0,
      "recall": 0.0,
      "f1_score": 0.0,
      "correct": 0,
      "incorrect": 0,
      "missing": 0,
      "hallucinated": 14
    },
    "organizations[h1].role": {
      "accuracy": 0.0,
      "precision": 0.0,
      "recall": 0.0,
      "f1_score": 0.0,
      "correct": 0,
      "incorrect": 0,
      "missing": 0,
      "hallucinated": 14
    },
    "organizations[h2].name": {
      "accuracy": 0.0,
      "precision": 0.0,
      "recall": 0.0,
      "f1_score": 0.0,
      "correct": 0,
      "incorrect": 0,
      "missing": 0,
      "hallucinated": 8
    },
    "organizations[h2].role": {
      "accuracy": 0.0,
      "precision": 0.0,
      "recall": 0.0,
      "f1_score": 0.0,
      "correct": 0,
      "incorrect": 0,
      "missing": 0,
      "hallucinated": 8
    },
    "organizations[3].name": {
      "accuracy": 0.3333333333333333,
      "precision": 1.0,
      "recall": 0.3333333333333333,
      "f1_score": 0.5,
      "correct": 1,
      "incorrect": 0,
      "missing": 2,
      "hallucinated": 0
    },
    "organizations[3].role": {
      "accuracy": 0.0,
      "precision": 0.0,
      "recall": 0.0,
      "f1_score": 0.0,
      "correct": 0,
      "incorrect": 1,
      "missing": 2,
      "hallucinated": 0
    },
    "organizations[h3].name": {
      "accuracy": 0.0,
      "precision": 0.0,
      "recall": 0.0,
      "f1_score": 0.0,
      "correct": 0,
      "incorrect": 0,
      "missing": 0,
      "hallucinated": 3
    },
    "organizations[h3].role": {
      "accuracy": 0.0,
      "precision": 0.0,
      "recall": 0.0,
      "f1_score": 0.0,
      "correct": 0,
      "incorrect": 0,
      "missing": 0,
      "hallucinated": 3
    },
    "organizations[h4].name": {
      "accuracy": 0.0,
      "precision": 0.0,
      "recall": 0.0,
      "f1_score": 0.0,
      "correct": 0,
      "incorrect": 0,
      "missing": 0,
      "hallucinated": 2
    },
    "organizations[h4].role": {
      "accuracy": 0.0,
      "precision": 0.0,
      "recall": 0.0,
      "f1_score": 0.0,
      "correct": 0,
      "incorrect": 0,
      "missing": 0,
      "hallucinated": 2
    },
    "organizations[4].name": {
      "accuracy": 0.0,
      "precision": 0.0,
      "recall": 0.0,
      "f1_score": 0.0,
      "correct": 0,
      "incorrect": 0,
      "missing": 1,
      "hallucinated": 0
    },
    "organizations[4].role": {
      "accuracy": 0.0,
      "precision": 0.0,
      "recall": 0.0,
      "f1_score": 0.0,
      "correct": 0,
      "incorrect": 0,
      "missing": 1,
      "hallucinated": 0
    }
  },
  "error_count": 0
}