{
  "model": "claude-haiku-4-5-20251001",
  "template": "PS2_KI4",
  "total_samples": 50,
  "valid_json_count": 50,
  "json_validity_rate": 1.0,
  "overall_accuracy": 0.37740904485585336,
  "overall_precision": 0.5163694123810735,
  "overall_recall": 0.44045295479163504,
  "overall_f1": 0.45160286138866523,
  "overall_hallucination_rate": 0.11639344262295082,
  "avg_latency_seconds": 2.3506644105911256,
  "field_metrics": {
    "ai_system.deployer": {
      "accuracy": 0.76,
      "precision": 0.8837209302325582,
      "recall": 0.8444444444444444,
      "f1_score": 0.8636363636363636,
      "correct": 38,
      "incorrect": 3,
      "missing": 7,
      "hallucinated": 2
    },
    "ai_system.developer": {
      "accuracy": 0.82,
      "precision": 0.9761904761904762,
      "recall": 0.8367346938775511,
      "f1_score": 0.9010989010989012,
      "correct": 41,
      "incorrect": 0,
      "missing": 8,
      "hallucinated": 1
    },
    "ai_system.system_type": {
      "accuracy": 0.66,
      "precision": 0.673469387755102,
      "recall": 0.9705882352941176,
      "f1_score": 0.7951807228915663,
      "correct": 33,
      "incorrect": 15,
      "missing": 1,
      "hallucinated": 1
    },
    "ai_system.name": {
      "accuracy": 0.8,
      "precision": 0.8333333333333334,
      "recall": 0.9523809523809523,
      "f1_score": 0.888888888888889,
      "correct": 40,
      "incorrect": 2,
      "missing": 2,
      "hallucinated": 6
    },
    "harm.harm_type": {
      "accuracy": 0.76,
      "precision": 0.8085106382978723,
      "recall": 0.926829268292683,
      "f1_score": 0.8636363636363636,
      "correct": 38,
      "incorrect": 9,
      "missing": 3,
      "hallucinated": 0
    },
    "harm.severity": {
      "accuracy": 0.56,
      "precision": 0.6666666666666666,
      "recall": 0.7777777777777778,
      "f1_score": 0.717948717948718,
      "correct": 28,
      "incorrect": 14,
      "missing": 8,
      "hallucinated": 0
    },
    "harm.affected_parties": {
      "accuracy": 0.64,
      "precision": 0.7272727272727273,
      "recall": 0.8421052631578947,
      "f1_score": 0.7804878048780488,
      "correct": 32,
      "incorrect": 11,
      "missing": 6,
      "hallucinated": 1
    },
    "event.event_date": {
      "accuracy": 0.0,
      "precision": 0.0,
      "recall": 0.0,
      "f1_score": 0.0,
      "correct": 0,
      "incorrect": 2,
      "missing": 48,
      "hallucinated": 0
    },
    "event.event_type": {
      "accuracy": 0.92,
      "precision": 0.92,
      "recall": 1.0,
      "f1_score": 0.9583333333333334,
      "correct": 46,
      "incorrect": 4,
      "missing": 0,
      "hallucinated": 0
    },
    "event.event_location": {
      "accuracy": 0.6,
      "precision": 0.967741935483871,
      "recall": 0.6122448979591837,
      "f1_score": 0.75,
      "correct": 30,
      "incorrect": 1,
      "missing": 19,
      "hallucinated": 0
    },
    "organizations[0].name": {
      "accuracy": 0.9148936170212766,
      "precision": 1.0,
      "recall": 0.9148936170212766,
      "f1_score": 0.9555555555555556,
      "correct": 43,
      "incorrect": 0,
      "missing": 4,
      "hallucinated": 0
    },
    "organizations[0].role": {
      "accuracy": 0.7446808510638298,
      "precision": 0.7954545454545454,
      "recall": 0.9210526315789473,
      "f1_score": 0.8536585365853658,
      "correct": 35,
      "incorrect": 9,
      "missing": 3,
      "hallucinated": 0
    },
    "organizations[1].name": {
      "accuracy": 0.7575757575757576,
      "precision": 0.9615384615384616,
      "recall": 0.78125,
      "f1_score": 0.8620689655172413,
      "correct": 25,
      "incorrect": 1,
      "missing": 7,
      "hallucinated": 0
    },
    "organizations[1].role": {
      "accuracy": 0.36363636363636365,
      "precision": 0.4444444444444444,
      "recall": 0.6666666666666666,
      "f1_score": 0.5333333333333333,
      "correct": 12,
      "incorrect": 15,
      "missing": 6,
      "hallucinated": 0
    },
    "organizations[2].name": {
      "accuracy": 0.3333333333333333,
      "precision": 1.0,
      "recall": 0.3333333333333333,
      "f1_score": 0.5,
      "correct": 5,
      "incorrect": 0,
      "missing": 10,
      "hallucinated": 0
    },
    "organizations[2].role": {
      "accuracy": 0.26666666666666666,
      "precision": 0.8,
      "recall": 0.2857142857142857,
      "f1_score": 0.4210526315789473,
      "correct": 4,
      "incorrect": 1,
      "missing": 10,
      "hallucinated": 0
    },
    "organizations[h0].name": {
      "accuracy": 0.0,
      "precision": 0.0,
      "recall": 0.0,
      "f1_score": 0.0,
      "correct": 0,
      "incorrect": 0,
      "missing": 0,
      "hallucinated": 6
    },
    "organizations[h0].role": {
      "accuracy": 0.0,
      "precision": 0.0,
      "recall": 0.0,
      "f1_score": 0.0,
      "correct": 0,
      "incorrect": 0,
      "missing": 0,
      "hallucinated": 6
    },
    "organizations[h1].name": {
      "accuracy": 0.0,
      "precision": 0.0,
      "recall": 0.0,
      "f1_score": 0.0,
      "correct": 0,
      "incorrect": 0,
      "missing": 0,
      "hallucinated": 12
    },
    "organizations[h1].role": {
      "accuracy": 0.0,
      "precision": 0.0,
      "recall": 0.0,
      "f1_score": 0.0,
      "correct": 0,
      "incorrect": 0,
      "missing": 0,
      "hallucinated": 12
    },
    "organizations[h2].name": {
      "accuracy": 0.0,
      "precision": 0.0,
      "recall": 0.0,
      "f1_score": 0.0,
      "correct": 0,
      "incorrect": 0,
      "missing": 0,
      "hallucinated": 9
    },
    "organizations[h2].role": {
      "accuracy": 0.0,
      "precision": 0.0,
      "recall": 0.0,
      "f1_score": 0.0,
      "correct": 0,
      "incorrect": 0,
      "missing": 0,
      "hallucinated": 9
    },
    "organizations[3].name": {
      "accuracy": 0.3333333333333333,
      "precision": 1.0,
      "recall": 0.3333333333333333,
      "f1_score": 0.5,
      "correct": 1,
      "incorrect": 0,
      "missing": 2,
      "hallucinated": 0
    },
    "organizations[3].role": {
      "accuracy": 0.3333333333333333,
      "precision": 1.0,
      "recall": 0.3333333333333333,
      "f1_score": 0.5,
      "correct": 1,
      "incorrect": 0,
      "missing": 2,
      "hallucinated": 0
    },
    "organizations[h3].name": {
      "accuracy": 0.0,
      "precision": 0.0,
      "recall": 0.0,
      "f1_score": 0.0,
      "correct": 0,
      "incorrect": 0,
      "missing": 0,
      "hallucinated": 3
    },
    "organizations[h3].role": {
      "accuracy": 0.0,
      "precision": 0.0,
      "recall": 0.0,
      "f1_score": 0.0,
      "correct": 0,
      "incorrect": 0,
      "missing": 0,
      "hallucinated": 3
    },
    "organizations[4].name": {
      "accuracy": 0.0,
      "precision": 0.0,
      "recall": 0.0,
      "f1_score": 0.0,
      "correct": 0,
      "incorrect": 0,
      "missing": 1,
      "hallucinated": 0
    },
    "organizations[4].role": {
      "accuracy": 0.0,
      "precision": 0.0,
      "recall": 0.0,
      "f1_score": 0.0,
      "correct": 0,
      "incorrect": 0,
      "missing": 1,
      "hallucinated": 0
    }
  },
  "error_count": 0
}