{
  "model": "llama3.1:8b",
  "template": "PS3_KI2",
  "total_samples": 50,
  "valid_json_count": 50,
  "json_validity_rate": 1.0,
  "overall_accuracy": 0.2537466150870406,
  "overall_precision": 0.4306365534871633,
  "overall_recall": 0.3296009839792378,
  "overall_f1": 0.3323107655480956,
  "overall_hallucination_rate": 0.15192743764172337,
  "avg_latency_seconds": 13.945787010192872,
  "field_metrics": {
    "organizations[0].name": {
      "accuracy": 0.7872340425531915,
      "precision": 1.0,
      "recall": 0.7872340425531915,
      "f1_score": 0.880952380952381,
      "correct": 37,
      "incorrect": 0,
      "missing": 10,
      "hallucinated": 0
    },
    "organizations[0].role": {
      "accuracy": 0.3404255319148936,
      "precision": 0.45714285714285713,
      "recall": 0.5714285714285714,
      "f1_score": 0.5079365079365079,
      "correct": 16,
      "incorrect": 18,
      "missing": 12,
      "hallucinated": 1
    },
    "organizations[1].name": {
      "accuracy": 0.5454545454545454,
      "precision": 0.9,
      "recall": 0.5806451612903226,
      "f1_score": 0.7058823529411764,
      "correct": 18,
      "incorrect": 2,
      "missing": 13,
      "hallucinated": 0
    },
    "organizations[1].role": {
      "accuracy": 0.18181818181818182,
      "precision": 0.2857142857142857,
      "recall": 0.3333333333333333,
      "f1_score": 0.30769230769230765,
      "correct": 6,
      "incorrect": 15,
      "missing": 12,
      "hallucinated": 0
    },
    "organizations[2].name": {
      "accuracy": 0.3333333333333333,
      "precision": 1.0,
      "recall": 0.3333333333333333,
      "f1_score": 0.5,
      "correct": 5,
      "incorrect": 0,
      "missing": 10,
      "hallucinated": 0
    },
    "organizations[2].role": {
      "accuracy": 0.06666666666666667,
      "precision": 0.2,
      "recall": 0.09090909090909091,
      "f1_score": 0.12500000000000003,
      "correct": 1,
      "incorrect": 4,
      "missing": 10,
      "hallucinated": 0
    },
    "event.event_location": {
      "accuracy": 0.22,
      "precision": 0.7333333333333333,
      "recall": 0.2391304347826087,
      "f1_score": 0.36065573770491804,
      "correct": 11,
      "incorrect": 4,
      "missing": 35,
      "hallucinated": 0
    },
    "event.event_type": {
      "accuracy": 0.0,
      "precision": 0.0,
      "recall": 0.0,
      "f1_score": 0.0,
      "correct": 0,
      "incorrect": 2,
      "missing": 48,
      "hallucinated": 0
    },
    "event.event_date": {
      "accuracy": 0.98,
      "precision": 0.98,
      "recall": 1.0,
      "f1_score": 0.98989898989899,
      "correct": 49,
      "incorrect": 1,
      "missing": 0,
      "hallucinated": 0
    },
    "ai_system.system_type": {
      "accuracy": 0.06,
      "precision": 0.0625,
      "recall": 0.6,
      "f1_score": 0.11320754716981132,
      "correct": 3,
      "incorrect": 44,
      "missing": 2,
      "hallucinated": 1
    },
    "ai_system.name": {
      "accuracy": 0.62,
      "precision": 0.62,
      "recall": 1.0,
      "f1_score": 0.7654320987654321,
      "correct": 31,
      "incorrect": 2,
      "missing": 0,
      "hallucinated": 17
    },
    "ai_system.developer": {
      "accuracy": 0.42,
      "precision": 1.0,
      "recall": 0.42,
      "f1_score": 0.5915492957746479,
      "correct": 21,
      "incorrect": 0,
      "missing": 29,
      "hallucinated": 0
    },
    "ai_system.deployer": {
      "accuracy": 0.4,
      "precision": 0.9090909090909091,
      "recall": 0.4166666666666667,
      "f1_score": 0.5714285714285715,
      "correct": 20,
      "incorrect": 0,
      "missing": 28,
      "hallucinated": 2
    },
    "harm.harm_type": {
      "accuracy": 0.02,
      "precision": 0.024390243902439025,
      "recall": 0.1,
      "f1_score": 0.03921568627450981,
      "correct": 1,
      "incorrect": 40,
      "missing": 9,
      "hallucinated": 0
    },
    "harm.severity": {
      "accuracy": 0.02,
      "precision": 0.07692307692307693,
      "recall": 0.02631578947368421,
      "f1_score": 0.0392156862745098,
      "correct": 1,
      "incorrect": 12,
      "missing": 37,
      "hallucinated": 0
    },
    "harm.affected_parties": {
      "accuracy": 0.08,
      "precision": 0.36363636363636365,
      "recall": 0.09302325581395349,
      "f1_score": 0.14814814814814814,
      "correct": 4,
      "incorrect": 6,
      "missing": 39,
      "hallucinated": 1
    },
    "organizations[h0].name": {
      "accuracy": 0.0,
      "precision": 0.0,
      "recall": 0.0,
      "f1_score": 0.0,
      "correct": 0,
      "incorrect": 0,
      "missing": 0,
      "hallucinated": 11
    },
    "organizations[h0].role": {
      "accuracy": 0.0,
      "precision": 0.0,
      "recall": 0.0,
      "f1_score": 0.0,
      "correct": 0,
      "incorrect": 0,
      "missing": 0,
      "hallucinated": 11
    },
    "organizations[3].name": {
      "accuracy": 0.0,
      "precision": 0.0,
      "recall": 0.0,
      "f1_score": 0.0,
      "correct": 0,
      "incorrect": 0,
      "missing": 3,
      "hallucinated": 0
    },
    "organizations[3].role": {
      "accuracy": 0.0,
      "precision": 0.0,
      "recall": 0.0,
      "f1_score": 0.0,
      "correct": 0,
      "incorrect": 0,
      "missing": 3,
      "hallucinated": 0
    },
    "organizations[h1].name": {
      "accuracy": 0.0,
      "precision": 0.0,
      "recall": 0.0,
      "f1_score": 0.0,
      "correct": 0,
      "incorrect": 0,
      "missing": 0,
      "hallucinated": 6
    },
    "organizations[h1].role": {
      "accuracy": 0.0,
      "precision": 0.0,
      "recall": 0.0,
      "f1_score": 0.0,
      "correct": 0,
      "incorrect": 0,
      "missing": 0,
      "hallucinated": 6
    },
    "harm.type[0]": {
      "accuracy": 0.0,
      "precision": 0.0,
      "recall": 0.0,
      "f1_score": 0.0,
      "correct": 0,
      "incorrect": 0,
      "missing": 0,
      "hallucinated": 1
    },
    "organizations[4].name": {
      "accuracy": 0.0,
      "precision": 0.0,
      "recall": 0.0,
      "f1_score": 0.0,
      "correct": 0,
      "incorrect": 0,
      "missing": 1,
      "hallucinated": 0
    },
    "organizations[4].role": {
      "accuracy": 0.0,
      "precision": 0.0,
      "recall": 0.0,
      "f1_score": 0.0,
      "correct": 0,
      "incorrect": 0,
      "missing": 1,
      "hallucinated": 0
    },
    "organizations[h2].name": {
      "accuracy": 0.0,
      "precision": 0.0,
      "recall": 0.0,
      "f1_score": 0.0,
      "correct": 0,
      "incorrect": 0,
      "missing": 0,
      "hallucinated": 4
    },
    "organizations[h2].role": {
      "accuracy": 0.0,
      "precision": 0.0,
      "recall": 0.0,
      "f1_score": 0.0,
      "correct": 0,
      "incorrect": 0,
      "missing": 0,
      "hallucinated": 4
    },
    "organizations[h3].name": {
      "accuracy": 0.0,
      "precision": 0.0,
      "recall": 0.0,
      "f1_score": 0.0,
      "correct": 0,
      "incorrect": 0,
      "missing": 0,
      "hallucinated": 1
    },
    "organizations[h3].role": {
      "accuracy": 0.0,
      "precision": 0.0,
      "recall": 0.0,
      "f1_score": 0.0,
      "correct": 0,
      "incorrect": 0,
      "missing": 0,
      "hallucinated": 1
    }
  },
  "error_count": 0
}