{
  "model": "llama3.1:8b",
  "template": "PS1_KI3",
  "total_samples": 50,
  "valid_json_count": 50,
  "json_validity_rate": 1.0,
  "overall_accuracy": 0.624,
  "overall_accuracy_micro": 0.624,
  "overall_precision": 0.7181605087739491,
  "overall_precision_micro": 0.7012987012987013,
  "overall_recall": 0.811158129196957,
  "overall_recall_micro": 0.7871720116618076,
  "overall_f1": 0.7042225425470582,
  "overall_f1_micro": 0.7417582417582419,
  "overall_hallucination_rate": 0.07012987012987013,
  "avg_latency_seconds": 8.033836431503296,
  "field_metrics": {
    "ai_system.deployer": {
      "accuracy": 0.5,
      "precision": 0.4666666666666667,
      "recall": 0.6086956521739131,
      "f1_score": 0.5283018867924527,
      "correct": 14,
      "true_negative": 11,
      "incorrect": 5,
      "missing": 9,
      "hallucinated": 11
    },
    "ai_system.system_type": {
      "accuracy": 0.78,
      "precision": 0.78,
      "recall": 1.0,
      "f1_score": 0.8764044943820225,
      "correct": 39,
      "true_negative": 0,
      "incorrect": 11,
      "missing": 0,
      "hallucinated": 0
    },
    "ai_system.developer": {
      "accuracy": 0.74,
      "precision": 0.7096774193548387,
      "recall": 0.8461538461538461,
      "f1_score": 0.7719298245614036,
      "correct": 22,
      "true_negative": 15,
      "incorrect": 5,
      "missing": 4,
      "hallucinated": 4
    },
    "ai_system.name": {
      "accuracy": 0.78,
      "precision": 0.6857142857142857,
      "recall": 1.0,
      "f1_score": 0.8135593220338984,
      "correct": 24,
      "true_negative": 15,
      "incorrect": 1,
      "missing": 0,
      "hallucinated": 10
    },
    "harm.harm_type": {
      "accuracy": 0.64,
      "precision": 0.6808510638297872,
      "recall": 0.9142857142857143,
      "f1_score": 0.7804878048780487,
      "correct": 32,
      "true_negative": 0,
      "incorrect": 15,
      "missing": 3,
      "hallucinated": 0
    },
    "harm.severity": {
      "accuracy": 0.46,
      "precision": 0.5,
      "recall": 0.8518518518518519,
      "f1_score": 0.6301369863013698,
      "correct": 23,
      "true_negative": 0,
      "incorrect": 23,
      "missing": 4,
      "hallucinated": 0
    },
    "harm.affected_parties": {
      "accuracy": 0.58,
      "precision": 0.6086956521739131,
      "recall": 0.9032258064516129,
      "f1_score": 0.7272727272727272,
      "correct": 28,
      "true_negative": 1,
      "incorrect": 16,
      "missing": 3,
      "hallucinated": 2
    },
    "event.event_location": {
      "accuracy": 1.0,
      "precision": 1.0,
      "recall": 1.0,
      "f1_score": 1.0,
      "correct": 50,
      "true_negative": 0,
      "incorrect": 0,
      "missing": 0,
      "hallucinated": 0
    },
    "event.event_date": {
      "accuracy": 0.04,
      "precision": 1.0,
      "recall": 0.04,
      "f1_score": 0.07692307692307693,
      "correct": 2,
      "true_negative": 0,
      "incorrect": 0,
      "missing": 48,
      "hallucinated": 0
    },
    "event.event_type": {
      "accuracy": 0.72,
      "precision": 0.75,
      "recall": 0.9473684210526315,
      "f1_score": 0.8372093023255814,
      "correct": 36,
      "true_negative": 0,
      "incorrect": 12,
      "missing": 2,
      "hallucinated": 0
    },
    "organizations[0].name": {
      "accuracy": 0.8297872340425532,
      "precision": 1.0,
      "recall": 0.8297872340425532,
      "f1_score": 0.9069767441860465,
      "correct": 39,
      "true_negative": 0,
      "incorrect": 0,
      "missing": 8,
      "hallucinated": 0
    },
    "organizations[0].role": {
      "accuracy": 0.5106382978723404,
      "precision": 0.6153846153846154,
      "recall": 0.75,
      "f1_score": 0.676056338028169,
      "correct": 24,
      "true_negative": 0,
      "incorrect": 15,
      "missing": 8,
      "hallucinated": 0
    },
    "organizations[1].name": {
      "accuracy": 0.6060606060606061,
      "precision": 0.9090909090909091,
      "recall": 0.6451612903225806,
      "f1_score": 0.7547169811320754,
      "correct": 20,
      "true_negative": 0,
      "incorrect": 2,
      "missing": 11,
      "hallucinated": 0
    },
    "organizations[1].role": {
      "accuracy": 0.3939393939393939,
      "precision": 0.5909090909090909,
      "recall": 0.5416666666666666,
      "f1_score": 0.5652173913043478,
      "correct": 13,
      "true_negative": 0,
      "incorrect": 9,
      "missing": 11,
      "hallucinated": 0
    },
    "organizations[2].name": {
      "accuracy": 0.3333333333333333,
      "precision": 1.0,
      "recall": 0.3333333333333333,
      "f1_score": 0.5,
      "correct": 5,
      "true_negative": 0,
      "incorrect": 0,
      "missing": 10,
      "hallucinated": 0
    },
    "organizations[2].role": {
      "accuracy": 0.13333333333333333,
      "precision": 0.4,
      "recall": 0.16666666666666666,
      "f1_score": 0.23529411764705882,
      "correct": 2,
      "true_negative": 0,
      "incorrect": 3,
      "missing": 10,
      "hallucinated": 0
    },
    "organizations[h0].name": {
      "accuracy": 0.0,
      "precision": 0.0,
      "recall": 0.0,
      "f1_score": 0.0,
      "correct": 0,
      "true_negative": 0,
      "incorrect": 0,
      "missing": 0,
      "hallucinated": 12
    },
    "organizations[h0].role": {
      "accuracy": 0.0,
      "precision": 0.0,
      "recall": 0.0,
      "f1_score": 0.0,
      "correct": 0,
      "true_negative": 0,
      "incorrect": 0,
      "missing": 0,
      "hallucinated": 12
    },
    "organizations[h1].name": {
      "accuracy": 0.0,
      "precision": 0.0,
      "recall": 0.0,
      "f1_score": 0.0,
      "correct": 0,
      "true_negative": 0,
      "incorrect": 0,
      "missing": 0,
      "hallucinated": 15
    },
    "organizations[h1].role": {
      "accuracy": 0.0,
      "precision": 0.0,
      "recall": 0.0,
      "f1_score": 0.0,
      "correct": 0,
      "true_negative": 0,
      "incorrect": 0,
      "missing": 0,
      "hallucinated": 15
    },
    "organizations[3].name": {
      "accuracy": 0.3333333333333333,
      "precision": 1.0,
      "recall": 0.3333333333333333,
      "f1_score": 0.5,
      "correct": 1,
      "true_negative": 0,
      "incorrect": 0,
      "missing": 2,
      "hallucinated": 0
    },
    "organizations[3].role": {
      "accuracy": 0.3333333333333333,
      "precision": 1.0,
      "recall": 0.3333333333333333,
      "f1_score": 0.5,
      "correct": 1,
      "true_negative": 0,
      "incorrect": 0,
      "missing": 2,
      "hallucinated": 0
    },
    "organizations[h2].name": {
      "accuracy": 0.0,
      "precision": 0.0,
      "recall": 0.0,
      "f1_score": 0.0,
      "correct": 0,
      "true_negative": 0,
      "incorrect": 0,
      "missing": 0,
      "hallucinated": 2
    },
    "organizations[h2].role": {
      "accuracy": 0.0,
      "precision": 0.0,
      "recall": 0.0,
      "f1_score": 0.0,
      "correct": 0,
      "true_negative": 0,
      "incorrect": 0,
      "missing": 0,
      "hallucinated": 2
    },
    "organizations[4].name": {
      "accuracy": 0.0,
      "precision": 0.0,
      "recall": 0.0,
      "f1_score": 0.0,
      "correct": 0,
      "true_negative": 0,
      "incorrect": 0,
      "missing": 1,
      "hallucinated": 0
    },
    "organizations[4].role": {
      "accuracy": 0.0,
      "precision": 0.0,
      "recall": 0.0,
      "f1_score": 0.0,
      "correct": 0,
      "true_negative": 0,
      "incorrect": 0,
      "missing": 1,
      "hallucinated": 0
    }
  },
  "error_count": 0
}