{
  "model": "llama3.1:8b",
  "template": "PS1_KI4",
  "total_samples": 50,
  "valid_json_count": 50,
  "json_validity_rate": 1.0,
  "overall_accuracy": 0.7,
  "overall_accuracy_micro": 0.7,
  "overall_precision": 0.7115885144755577,
  "overall_precision_micro": 0.7307692307692307,
  "overall_recall": 0.8667891850500545,
  "overall_recall_micro": 0.8888888888888888,
  "overall_f1": 0.7749328133322848,
  "overall_f1_micro": 0.8021108179419524,
  "overall_hallucination_rate": 0.055288461538461536,
  "avg_latency_seconds": 9.017157735824584,
  "field_metrics": {
    "ai_system.deployer": {
      "accuracy": 0.56,
      "precision": 0.5555555555555556,
      "recall": 0.6,
      "f1_score": 0.576923076923077,
      "correct": 15,
      "true_negative": 13,
      "incorrect": 3,
      "missing": 10,
      "hallucinated": 9
    },
    "ai_system.system_type": {
      "accuracy": 0.82,
      "precision": 0.82,
      "recall": 1.0,
      "f1_score": 0.9010989010989011,
      "correct": 41,
      "true_negative": 0,
      "incorrect": 9,
      "missing": 0,
      "hallucinated": 0
    },
    "ai_system.developer": {
      "accuracy": 0.7,
      "precision": 0.7142857142857143,
      "recall": 0.7407407407407407,
      "f1_score": 0.7272727272727273,
      "correct": 20,
      "true_negative": 15,
      "incorrect": 4,
      "missing": 7,
      "hallucinated": 4
    },
    "ai_system.name": {
      "accuracy": 0.76,
      "precision": 0.6666666666666666,
      "recall": 0.9565217391304348,
      "f1_score": 0.7857142857142856,
      "correct": 22,
      "true_negative": 16,
      "incorrect": 2,
      "missing": 1,
      "hallucinated": 9
    },
    "harm.harm_type": {
      "accuracy": 0.5,
      "precision": 0.5102040816326531,
      "recall": 0.9615384615384616,
      "f1_score": 0.6666666666666667,
      "correct": 25,
      "true_negative": 0,
      "incorrect": 24,
      "missing": 1,
      "hallucinated": 0
    },
    "harm.severity": {
      "accuracy": 0.38,
      "precision": 0.5277777777777778,
      "recall": 0.5757575757575758,
      "f1_score": 0.5507246376811594,
      "correct": 19,
      "true_negative": 0,
      "incorrect": 17,
      "missing": 14,
      "hallucinated": 0
    },
    "harm.affected_parties": {
      "accuracy": 0.54,
      "precision": 0.5813953488372093,
      "recall": 0.8333333333333334,
      "f1_score": 0.684931506849315,
      "correct": 25,
      "true_negative": 2,
      "incorrect": 17,
      "missing": 5,
      "hallucinated": 1
    },
    "event.event_location": {
      "accuracy": 1.0,
      "precision": 1.0,
      "recall": 1.0,
      "f1_score": 1.0,
      "correct": 50,
      "true_negative": 0,
      "incorrect": 0,
      "missing": 0,
      "hallucinated": 0
    },
    "event.event_date": {
      "accuracy": 0.96,
      "precision": 0.96,
      "recall": 1.0,
      "f1_score": 0.9795918367346939,
      "correct": 48,
      "true_negative": 0,
      "incorrect": 2,
      "missing": 0,
      "hallucinated": 0
    },
    "event.event_type": {
      "accuracy": 0.78,
      "precision": 0.78,
      "recall": 1.0,
      "f1_score": 0.8764044943820225,
      "correct": 39,
      "true_negative": 0,
      "incorrect": 11,
      "missing": 0,
      "hallucinated": 0
    },
    "organizations[0].name": {
      "accuracy": 0.851063829787234,
      "precision": 1.0,
      "recall": 0.851063829787234,
      "f1_score": 0.9195402298850576,
      "correct": 40,
      "true_negative": 0,
      "incorrect": 0,
      "missing": 7,
      "hallucinated": 0
    },
    "organizations[0].role": {
      "accuracy": 0.5106382978723404,
      "precision": 0.6,
      "recall": 0.7741935483870968,
      "f1_score": 0.676056338028169,
      "correct": 24,
      "true_negative": 0,
      "incorrect": 16,
      "missing": 7,
      "hallucinated": 0
    },
    "organizations[1].name": {
      "accuracy": 0.7272727272727273,
      "precision": 0.9230769230769231,
      "recall": 0.7741935483870968,
      "f1_score": 0.8421052631578947,
      "correct": 24,
      "true_negative": 0,
      "incorrect": 2,
      "missing": 7,
      "hallucinated": 0
    },
    "organizations[1].role": {
      "accuracy": 0.42424242424242425,
      "precision": 0.5384615384615384,
      "recall": 0.6666666666666666,
      "f1_score": 0.5957446808510638,
      "correct": 14,
      "true_negative": 0,
      "incorrect": 12,
      "missing": 7,
      "hallucinated": 0
    },
    "organizations[2].name": {
      "accuracy": 0.3333333333333333,
      "precision": 1.0,
      "recall": 0.3333333333333333,
      "f1_score": 0.5,
      "correct": 5,
      "true_negative": 0,
      "incorrect": 0,
      "missing": 10,
      "hallucinated": 0
    },
    "organizations[2].role": {
      "accuracy": 0.2,
      "precision": 0.6,
      "recall": 0.23076923076923078,
      "f1_score": 0.33333333333333337,
      "correct": 3,
      "true_negative": 0,
      "incorrect": 2,
      "missing": 10,
      "hallucinated": 0
    },
    "organizations[h0].name": {
      "accuracy": 0.0,
      "precision": 0.0,
      "recall": 0.0,
      "f1_score": 0.0,
      "correct": 0,
      "true_negative": 0,
      "incorrect": 0,
      "missing": 0,
      "hallucinated": 8
    },
    "organizations[h0].role": {
      "accuracy": 0.0,
      "precision": 0.0,
      "recall": 0.0,
      "f1_score": 0.0,
      "correct": 0,
      "true_negative": 0,
      "incorrect": 0,
      "missing": 0,
      "hallucinated": 8
    },
    "organizations[h1].name": {
      "accuracy": 0.0,
      "precision": 0.0,
      "recall": 0.0,
      "f1_score": 0.0,
      "correct": 0,
      "true_negative": 0,
      "incorrect": 0,
      "missing": 0,
      "hallucinated": 15
    },
    "organizations[h1].role": {
      "accuracy": 0.0,
      "precision": 0.0,
      "recall": 0.0,
      "f1_score": 0.0,
      "correct": 0,
      "true_negative": 0,
      "incorrect": 0,
      "missing": 0,
      "hallucinated": 15
    },
    "organizations[3].name": {
      "accuracy": 0.0,
      "precision": 0.0,
      "recall": 0.0,
      "f1_score": 0.0,
      "correct": 0,
      "true_negative": 0,
      "incorrect": 0,
      "missing": 3,
      "hallucinated": 0
    },
    "organizations[3].role": {
      "accuracy": 0.0,
      "precision": 0.0,
      "recall": 0.0,
      "f1_score": 0.0,
      "correct": 0,
      "true_negative": 0,
      "incorrect": 0,
      "missing": 3,
      "hallucinated": 0
    },
    "organizations[h2].name": {
      "accuracy": 0.0,
      "precision": 0.0,
      "recall": 0.0,
      "f1_score": 0.0,
      "correct": 0,
      "true_negative": 0,
      "incorrect": 0,
      "missing": 0,
      "hallucinated": 2
    },
    "organizations[h2].role": {
      "accuracy": 0.0,
      "precision": 0.0,
      "recall": 0.0,
      "f1_score": 0.0,
      "correct": 0,
      "true_negative": 0,
      "incorrect": 0,
      "missing": 0,
      "hallucinated": 2
    },
    "organizations[4].name": {
      "accuracy": 0.0,
      "precision": 0.0,
      "recall": 0.0,
      "f1_score": 0.0,
      "correct": 0,
      "true_negative": 0,
      "incorrect": 0,
      "missing": 1,
      "hallucinated": 0
    },
    "organizations[4].role": {
      "accuracy": 0.0,
      "precision": 0.0,
      "recall": 0.0,
      "f1_score": 0.0,
      "correct": 0,
      "true_negative": 0,
      "incorrect": 0,
      "missing": 1,
      "hallucinated": 0
    }
  },
  "error_count": 0
}