{
  "model": "claude-opus-4-6",
  "template": "PS3_KI4",
  "total_samples": 50,
  "valid_json_count": 50,
  "json_validity_rate": 1.0,
  "overall_accuracy": 0.842,
  "overall_accuracy_micro": 0.842,
  "overall_precision": 0.8938213454055214,
  "overall_precision_micro": 0.8957446808510638,
  "overall_recall": 0.9311163254172372,
  "overall_recall_micro": 0.9334811529933481,
  "overall_f1": 0.9103380515869249,
  "overall_f1_micro": 0.9142236699239957,
  "overall_hallucination_rate": 0.00851063829787234,
  "avg_latency_seconds": 8.391698298454285,
  "field_metrics": {
    "event.event_type": {
      "accuracy": 0.92,
      "precision": 0.92,
      "recall": 1.0,
      "f1_score": 0.9583333333333334,
      "correct": 46,
      "incorrect": 4,
      "missing": 0,
      "hallucinated": 0
    },
    "event.event_location": {
      "accuracy": 1.0,
      "precision": 1.0,
      "recall": 1.0,
      "f1_score": 1.0,
      "correct": 50,
      "incorrect": 0,
      "missing": 0,
      "hallucinated": 0
    },
    "event.event_date": {
      "accuracy": 0.94,
      "precision": 0.9791666666666666,
      "recall": 0.9591836734693877,
      "f1_score": 0.9690721649484536,
      "correct": 47,
      "incorrect": 1,
      "missing": 2,
      "hallucinated": 0
    },
    "harm.harm_type": {
      "accuracy": 0.76,
      "precision": 0.8260869565217391,
      "recall": 0.9047619047619048,
      "f1_score": 0.8636363636363636,
      "correct": 38,
      "incorrect": 8,
      "missing": 4,
      "hallucinated": 0
    },
    "harm.affected_parties": {
      "accuracy": 0.66,
      "precision": 0.75,
      "recall": 0.8461538461538461,
      "f1_score": 0.7951807228915662,
      "correct": 33,
      "incorrect": 11,
      "missing": 6,
      "hallucinated": 0
    },
    "harm.severity": {
      "accuracy": 0.68,
      "precision": 0.7727272727272727,
      "recall": 0.85,
      "f1_score": 0.8095238095238095,
      "correct": 34,
      "incorrect": 10,
      "missing": 6,
      "hallucinated": 0
    },
    "organizations[0].name": {
      "accuracy": 0.9361702127659575,
      "precision": 1.0,
      "recall": 0.9361702127659575,
      "f1_score": 0.967032967032967,
      "correct": 44,
      "incorrect": 0,
      "missing": 3,
      "hallucinated": 0
    },
    "organizations[0].role": {
      "accuracy": 0.8297872340425532,
      "precision": 0.8863636363636364,
      "recall": 0.9285714285714286,
      "f1_score": 0.9069767441860465,
      "correct": 39,
      "incorrect": 5,
      "missing": 3,
      "hallucinated": 0
    },
    "organizations[1].name": {
      "accuracy": 0.7575757575757576,
      "precision": 0.9615384615384616,
      "recall": 0.78125,
      "f1_score": 0.8620689655172413,
      "correct": 25,
      "incorrect": 1,
      "missing": 7,
      "hallucinated": 0
    },
    "organizations[1].role": {
      "accuracy": 0.3939393939393939,
      "precision": 0.5,
      "recall": 0.65,
      "f1_score": 0.5652173913043479,
      "correct": 13,
      "incorrect": 13,
      "missing": 7,
      "hallucinated": 0
    },
    "organizations[2].name": {
      "accuracy": 0.3333333333333333,
      "precision": 1.0,
      "recall": 0.3333333333333333,
      "f1_score": 0.5,
      "correct": 5,
      "incorrect": 0,
      "missing": 10,
      "hallucinated": 0
    },
    "organizations[2].role": {
      "accuracy": 0.3333333333333333,
      "precision": 1.0,
      "recall": 0.3333333333333333,
      "f1_score": 0.5,
      "correct": 5,
      "incorrect": 0,
      "missing": 10,
      "hallucinated": 0
    },
    "ai_system.developer": {
      "accuracy": 0.9,
      "precision": 1.0,
      "recall": 0.9,
      "f1_score": 0.9473684210526316,
      "correct": 45,
      "incorrect": 0,
      "missing": 5,
      "hallucinated": 0
    },
    "ai_system.name": {
      "accuracy": 0.92,
      "precision": 0.92,
      "recall": 1.0,
      "f1_score": 0.9583333333333334,
      "correct": 46,
      "incorrect": 1,
      "missing": 0,
      "hallucinated": 3
    },
    "ai_system.deployer": {
      "accuracy": 0.8,
      "precision": 0.9302325581395349,
      "recall": 0.851063829787234,
      "f1_score": 0.888888888888889,
      "correct": 40,
      "incorrect": 2,
      "missing": 7,
      "hallucinated": 1
    },
    "ai_system.system_type": {
      "accuracy": 0.84,
      "precision": 0.84,
      "recall": 1.0,
      "f1_score": 0.9130434782608696,
      "correct": 42,
      "incorrect": 8,
      "missing": 0,
      "hallucinated": 0
    },
    "organizations[h0].name": {
      "accuracy": 0.0,
      "precision": 0.0,
      "recall": 0.0,
      "f1_score": 0.0,
      "correct": 0,
      "incorrect": 0,
      "missing": 0,
      "hallucinated": 6
    },
    "organizations[h0].role": {
      "accuracy": 0.0,
      "precision": 0.0,
      "recall": 0.0,
      "f1_score": 0.0,
      "correct": 0,
      "incorrect": 0,
      "missing": 0,
      "hallucinated": 6
    },
    "organizations[h1].name": {
      "accuracy": 0.0,
      "precision": 0.0,
      "recall": 0.0,
      "f1_score": 0.0,
      "correct": 0,
      "incorrect": 0,
      "missing": 0,
      "hallucinated": 12
    },
    "organizations[h1].role": {
      "accuracy": 0.0,
      "precision": 0.0,
      "recall": 0.0,
      "f1_score": 0.0,
      "correct": 0,
      "incorrect": 0,
      "missing": 0,
      "hallucinated": 12
    },
    "organizations[h2].name": {
      "accuracy": 0.0,
      "precision": 0.0,
      "recall": 0.0,
      "f1_score": 0.0,
      "correct": 0,
      "incorrect": 0,
      "missing": 0,
      "hallucinated": 15
    },
    "organizations[h2].role": {
      "accuracy": 0.0,
      "precision": 0.0,
      "recall": 0.0,
      "f1_score": 0.0,
      "correct": 0,
      "incorrect": 0,
      "missing": 0,
      "hallucinated": 15
    },
    "organizations[h3].name": {
      "accuracy": 0.0,
      "precision": 0.0,
      "recall": 0.0,
      "f1_score": 0.0,
      "correct": 0,
      "incorrect": 0,
      "missing": 0,
      "hallucinated": 8
    },
    "organizations[h3].role": {
      "accuracy": 0.0,
      "precision": 0.0,
      "recall": 0.0,
      "f1_score": 0.0,
      "correct": 0,
      "incorrect": 0,
      "missing": 0,
      "hallucinated": 8
    },
    "organizations[3].name": {
      "accuracy": 0.3333333333333333,
      "precision": 1.0,
      "recall": 0.3333333333333333,
      "f1_score": 0.5,
      "correct": 1,
      "incorrect": 0,
      "missing": 2,
      "hallucinated": 0
    },
    "organizations[3].role": {
      "accuracy": 0.3333333333333333,
      "precision": 1.0,
      "recall": 0.3333333333333333,
      "f1_score": 0.5,
      "correct": 1,
      "incorrect": 0,
      "missing": 2,
      "hallucinated": 0
    },
    "organizations[4].name": {
      "accuracy": 0.0,
      "precision": 0.0,
      "recall": 0.0,
      "f1_score": 0.0,
      "correct": 0,
      "incorrect": 0,
      "missing": 1,
      "hallucinated": 0
    },
    "organizations[4].role": {
      "accuracy": 0.0,
      "precision": 0.0,
      "recall": 0.0,
      "f1_score": 0.0,
      "correct": 0,
      "incorrect": 0,
      "missing": 1,
      "hallucinated": 0
    },
    "organizations[h4].name": {
      "accuracy": 0.0,
      "precision": 0.0,
      "recall": 0.0,
      "f1_score": 0.0,
      "correct": 0,
      "incorrect": 0,
      "missing": 0,
      "hallucinated": 2
    },
    "organizations[h4].role": {
      "accuracy": 0.0,
      "precision": 0.0,
      "recall": 0.0,
      "f1_score": 0.0,
      "correct": 0,
      "incorrect": 0,
      "missing": 0,
      "hallucinated": 2
    },
    "organizations[h5].name": {
      "accuracy": 0.0,
      "precision": 0.0,
      "recall": 0.0,
      "f1_score": 0.0,
      "correct": 0,
      "incorrect": 0,
      "missing": 0,
      "hallucinated": 1
    },
    "organizations[h5].role": {
      "accuracy": 0.0,
      "precision": 0.0,
      "recall": 0.0,
      "f1_score": 0.0,
      "correct": 0,
      "incorrect": 0,
      "missing": 0,