{
  "model": "claude-opus-4-6",
  "template": "PS3_KI3",
  "total_samples": 50,
  "valid_json_count": 50,
  "json_validity_rate": 1.0,
  "overall_accuracy": 0.35234622823984524,
  "overall_precision": 0.48481664018902204,
  "overall_recall": 0.4575820528193466,
  "overall_f1": 0.42287223666012075,
  "overall_hallucination_rate": 0.12580645161290321,
  "avg_latency_seconds": 8.712903881072998,
  "field_metrics": {
    "ai_system.developer": {
      "accuracy": 0.88,
      "precision": 0.9565217391304348,
      "recall": 0.9166666666666666,
      "f1_score": 0.9361702127659574,
      "correct": 44,
      "incorrect": 1,
      "missing": 4,
      "hallucinated": 1
    },
    "ai_system.deployer": {
      "accuracy": 0.68,
      "precision": 0.7906976744186046,
      "recall": 0.8292682926829268,
      "f1_score": 0.8095238095238095,
      "correct": 34,
      "incorrect": 3,
      "missing": 7,
      "hallucinated": 6
    },
    "ai_system.system_type": {
      "accuracy": 0.08,
      "precision": 0.11428571428571428,
      "recall": 0.21052631578947367,
      "f1_score": 0.14814814814814814,
      "correct": 4,
      "incorrect": 31,
      "missing": 15,
      "hallucinated": 0
    },
    "ai_system.name": {
      "accuracy": 0.86,
      "precision": 0.86,
      "recall": 1.0,
      "f1_score": 0.924731182795699,
      "correct": 43,
      "incorrect": 3,
      "missing": 0,
      "hallucinated": 4
    },
    "organizations[0].name": {
      "accuracy": 0.9574468085106383,
      "precision": 1.0,
      "recall": 0.9574468085106383,
      "f1_score": 0.9782608695652174,
      "correct": 45,
      "incorrect": 0,
      "missing": 2,
      "hallucinated": 0
    },
    "organizations[0].role": {
      "accuracy": 0.1276595744680851,
      "precision": 0.13333333333333333,
      "recall": 0.75,
      "f1_score": 0.22641509433962267,
      "correct": 6,
      "incorrect": 38,
      "missing": 2,
      "hallucinated": 1
    },
    "organizations[1].name": {
      "accuracy": 0.7878787878787878,
      "precision": 0.9629629629629629,
      "recall": 0.8125,
      "f1_score": 0.8813559322033898,
      "correct": 26,
      "incorrect": 1,
      "missing": 6,
      "hallucinated": 0
    },
    "organizations[1].role": {
      "accuracy": 0.06060606060606061,
      "precision": 0.07142857142857142,
      "recall": 0.2857142857142857,
      "f1_score": 0.1142857142857143,
      "correct": 2,
      "incorrect": 26,
      "missing": 5,
      "hallucinated": 0
    },
    "organizations[2].name": {
      "accuracy": 0.3333333333333333,
      "precision": 1.0,
      "recall": 0.3333333333333333,
      "f1_score": 0.5,
      "correct": 5,
      "incorrect": 0,
      "missing": 10,
      "hallucinated": 0
    },
    "organizations[2].role": {
      "accuracy": 0.06666666666666667,
      "precision": 0.2,
      "recall": 0.09090909090909091,
      "f1_score": 0.12500000000000003,
      "correct": 1,
      "incorrect": 4,
      "missing": 10,
      "hallucinated": 0
    },
    "event.event_date": {
      "accuracy": 0.92,
      "precision": 0.92,
      "recall": 1.0,
      "f1_score": 0.9583333333333334,
      "correct": 46,
      "incorrect": 4,
      "missing": 0,
      "hallucinated": 0
    },
    "event.event_location": {
      "accuracy": 0.32,
      "precision": 0.6956521739130435,
      "recall": 0.37209302325581395,
      "f1_score": 0.48484848484848486,
      "correct": 16,
      "incorrect": 7,
      "missing": 27,
      "hallucinated": 0
    },
    "event.event_type": {
      "accuracy": 0.0,
      "precision": 0.0,
      "recall": 0.0,
      "f1_score": 0.0,
      "correct": 0,
      "incorrect": 50,
      "missing": 0,
      "hallucinated": 0
    },
    "harm.affected_parties": {
      "accuracy": 0.56,
      "precision": 0.7567567567567568,
      "recall": 0.6829268292682927,
      "f1_score": 0.7179487179487181,
      "correct": 28,
      "incorrect": 9,
      "missing": 13,
      "hallucinated": 0
    },
    "harm.severity": {
      "accuracy": 0.06,
      "precision": 0.21428571428571427,
      "recall": 0.07692307692307693,
      "f1_score": 0.11320754716981134,
      "correct": 3,
      "incorrect": 11,
      "missing": 36,
      "hallucinated": 0
    },
    "harm.harm_type": {
      "accuracy": 0.02,
      "precision": 0.02040816326530612,
      "recall": 0.5,
      "f1_score": 0.039215686274509796,
      "correct": 1,
      "incorrect": 48,
      "missing": 1,
      "hallucinated": 0
    },
    "organizations[h0].name": {
      "accuracy": 0.0,
      "precision": 0.0,
      "recall": 0.0,
      "f1_score": 0.0,
      "correct": 0,
      "incorrect": 0,
      "missing": 0,
      "hallucinated": 4
    },
    "organizations[h0].role": {
      "accuracy": 0.0,
      "precision": 0.0,
      "recall": 0.0,
      "f1_score": 0.0,
      "correct": 0,
      "incorrect": 0,
      "missing": 0,
      "hallucinated": 4
    },
    "organizations[h1].name": {
      "accuracy": 0.0,
      "precision": 0.0,
      "recall": 0.0,
      "f1_score": 0.0,
      "correct": 0,
      "incorrect": 0,
      "missing": 0,
      "hallucinated": 13
    },
    "organizations[h1].role": {
      "accuracy": 0.0,
      "precision": 0.0,
      "recall": 0.0,
      "f1_score": 0.0,
      "correct": 0,
      "incorrect": 0,
      "missing": 0,
      "hallucinated": 13
    },
    "organizations[h2].name": {
      "accuracy": 0.0,
      "precision": 0.0,
      "recall": 0.0,
      "f1_score": 0.0,
      "correct": 0,
      "incorrect": 0,
      "missing": 0,
      "hallucinated": 10
    },
    "organizations[h2].role": {
      "accuracy": 0.0,
      "precision": 0.0,
      "recall": 0.0,
      "f1_score": 0.0,
      "correct": 0,
      "incorrect": 0,
      "missing": 0,
      "hallucinated": 10
    },
    "organizations[h3].name": {
      "accuracy": 0.0,
      "precision": 0.0,
      "recall": 0.0,
      "f1_score": 0.0,
      "correct": 0,
      "incorrect": 0,
      "missing": 0,
      "hallucinated": 4
    },
    "organizations[h3].role": {
      "accuracy": 0.0,
      "precision": 0.0,
      "recall": 0.0,
      "f1_score": 0.0,
      "correct": 0,
      "incorrect": 0,
      "missing": 0,
      "hallucinated": 4
    },
    "organizations[3].name": {
      "accuracy": 0.3333333333333333,
      "precision": 1.0,
      "recall": 0.3333333333333333,
      "f1_score": 0.5,
      "correct": 1,
      "incorrect": 0,
      "missing": 2,
      "hallucinated": 0
    },
    "organizations[3].role": {
      "accuracy": 0.0,
      "precision": 0.0,
      "recall": 0.0,
      "f1_score": 0.0,
      "correct": 0,
      "incorrect": 1,
      "missing": 2,
      "hallucinated": 0
    },
    "organizations[h4].name": {
      "accuracy": 0.0,
      "precision": 0.0,
      "recall": 0.0,
      "f1_score": 0.0,
      "correct": 0,
      "incorrect": 0,
      "missing": 0,
      "hallucinated": 2
    },
    "organizations[h4].role": {
      "accuracy": 0.0,
      "precision": 0.0,
      "recall": 0.0,
      "f1_score": 0.0,
      "correct": 0,
      "incorrect": 0,
      "missing": 0,
      "hallucinated": 2
    },
    "organizations[4].name": {
      "accuracy": 0.0,
      "precision": 0.0,
      "recall": 0.0,
      "f1_score": 0.0,
      "correct": 0,
      "incorrect": 0,
      "missing": 1,
      "hallucinated": 0
    },
    "organizations[4].role": {
      "accuracy": 0.0,
      "precision": 0.0,
      "recall": 0.0,
      "f1_score": 0.0,
      "correct": 0,
      "incorrect": 0,
      "missing": 1,
      "hallucinated": 0
    }
  },
  "error_count": 0
}