{
  "model": "claude-opus-4-6",
  "template": "PS2_KI1",
  "total_samples": 50,
  "valid_json_count": 50,
  "json_validity_rate": 1.0,
  "overall_accuracy": 0.4741715022566086,
  "overall_precision": 0.6049969716659125,
  "overall_recall": 0.621648710282581,
  "overall_f1": 0.5727289002397978,
  "overall_hallucination_rate": 0.1548872180451128,
  "avg_latency_seconds": 4.202759957313537,
  "field_metrics": {
    "ai_system.developer": {
      "accuracy": 0.9,
      "precision": 0.9782608695652174,
      "recall": 0.9183673469387755,
      "f1_score": 0.9473684210526316,
      "correct": 45,
      "incorrect": 0,
      "missing": 4,
      "hallucinated": 1
    },
    "ai_system.name": {
      "accuracy": 0.88,
      "precision": 0.88,
      "recall": 1.0,
      "f1_score": 0.9361702127659575,
      "correct": 44,
      "incorrect": 2,
      "missing": 0,
      "hallucinated": 4
    },
    "ai_system.deployer": {
      "accuracy": 0.78,
      "precision": 0.8125,
      "recall": 0.9512195121951219,
      "f1_score": 0.8764044943820225,
      "correct": 39,
      "incorrect": 3,
      "missing": 2,
      "hallucinated": 6
    },
    "ai_system.system_type": {
      "accuracy": 0.16,
      "precision": 0.16666666666666666,
      "recall": 0.8,
      "f1_score": 0.27586206896551724,
      "correct": 8,
      "incorrect": 39,
      "missing": 2,
      "hallucinated": 1
    },
    "event.event_location": {
      "accuracy": 0.5,
      "precision": 0.9259259259259259,
      "recall": 0.5208333333333334,
      "f1_score": 0.6666666666666667,
      "correct": 25,
      "incorrect": 2,
      "missing": 23,
      "hallucinated": 0
    },
    "event.event_type": {
      "accuracy": 0.7,
      "precision": 0.7,
      "recall": 1.0,
      "f1_score": 0.8235294117647058,
      "correct": 35,
      "incorrect": 15,
      "missing": 0,
      "hallucinated": 0
    },
    "event.event_date": {
      "accuracy": 0.0,
      "precision": 0.0,
      "recall": 0.0,
      "f1_score": 0.0,
      "correct": 0,
      "incorrect": 4,
      "missing": 46,
      "hallucinated": 0
    },
    "harm.severity": {
      "accuracy": 0.58,
      "precision": 0.6170212765957447,
      "recall": 0.90625,
      "f1_score": 0.7341772151898734,
      "correct": 29,
      "incorrect": 18,
      "missing": 3,
      "hallucinated": 0
    },
    "harm.harm_type": {
      "accuracy": 0.6,
      "precision": 0.625,
      "recall": 0.9375,
      "f1_score": 0.75,
      "correct": 30,
      "incorrect": 18,
      "missing": 2,
      "hallucinated": 0
    },
    "harm.affected_parties": {
      "accuracy": 0.7,
      "precision": 0.7,
      "recall": 1.0,
      "f1_score": 0.8235294117647058,
      "correct": 35,
      "incorrect": 15,
      "missing": 0,
      "hallucinated": 0
    },
    "organizations[0].name": {
      "accuracy": 0.9361702127659575,
      "precision": 1.0,
      "recall": 0.9361702127659575,
      "f1_score": 0.967032967032967,
      "correct": 44,
      "incorrect": 0,
      "missing": 3,
      "hallucinated": 0
    },
    "organizations[0].role": {
      "accuracy": 0.5957446808510638,
      "precision": 0.6363636363636364,
      "recall": 0.9032258064516129,
      "f1_score": 0.7466666666666666,
      "correct": 28,
      "incorrect": 15,
      "missing": 3,
      "hallucinated": 1
    },
    "organizations[1].name": {
      "accuracy": 0.7878787878787878,
      "precision": 0.9629629629629629,
      "recall": 0.8125,
      "f1_score": 0.8813559322033898,
      "correct": 26,
      "incorrect": 1,
      "missing": 6,
      "hallucinated": 0
    },
    "organizations[1].role": {
      "accuracy": 0.36363636363636365,
      "precision": 0.42857142857142855,
      "recall": 0.7058823529411765,
      "f1_score": 0.5333333333333333,
      "correct": 12,
      "incorrect": 16,
      "missing": 5,
      "hallucinated": 0
    },
    "organizations[2].name": {
      "accuracy": 0.4,
      "precision": 1.0,
      "recall": 0.4,
      "f1_score": 0.5714285714285715,
      "correct": 6,
      "incorrect": 0,
      "missing": 9,
      "hallucinated": 0
    },
    "organizations[2].role": {
      "accuracy": 0.26666666666666666,
      "precision": 0.6666666666666666,
      "recall": 0.3076923076923077,
      "f1_score": 0.42105263157894735,
      "correct": 4,
      "incorrect": 2,
      "missing": 9,
      "hallucinated": 0
    },
    "organizations[h0].name": {
      "accuracy": 0.0,
      "precision": 0.0,
      "recall": 0.0,
      "f1_score": 0.0,
      "correct": 0,
      "incorrect": 0,
      "missing": 0,
      "hallucinated": 5
    },
    "organizations[h0].role": {
      "accuracy": 0.0,
      "precision": 0.0,
      "recall": 0.0,
      "f1_score": 0.0,
      "correct": 0,
      "incorrect": 0,
      "missing": 0,
      "hallucinated": 5
    },
    "organizations[h1].name": {
      "accuracy": 0.0,
      "precision": 0.0,
      "recall": 0.0,
      "f1_score": 0.0,
      "correct": 0,
      "incorrect": 0,
      "missing": 0,
      "hallucinated": 17
    },
    "organizations[h1].role": {
      "accuracy": 0.0,
      "precision": 0.0,
      "recall": 0.0,
      "f1_score": 0.0,
      "correct": 0,
      "incorrect": 0,
      "missing": 0,
      "hallucinated": 17
    },
    "organizations[h2].name": {
      "accuracy": 0.0,
      "precision": 0.0,
      "recall": 0.0,
      "f1_score": 0.0,
      "correct": 0,
      "incorrect": 0,
      "missing": 0,
      "hallucinated": 14
    },
    "organizations[h2].role": {
      "accuracy": 0.0,
      "precision": 0.0,
      "recall": 0.0,
      "f1_score": 0.0,
      "correct": 0,
      "incorrect": 0,
      "missing": 0,
      "hallucinated": 14
    },
    "organizations[h3].name": {
      "accuracy": 0.0,
      "precision": 0.0,
      "recall": 0.0,
      "f1_score": 0.0,
      "correct": 0,
      "incorrect": 0,
      "missing": 0,
      "hallucinated": 6
    },
    "organizations[h3].role": {
      "accuracy": 0.0,
      "precision": 0.0,
      "recall": 0.0,
      "f1_score": 0.0,
      "correct": 0,
      "incorrect": 0,
      "missing": 0,
      "hallucinated": 6
    },
    "organizations[3].name": {
      "accuracy": 0.3333333333333333,
      "precision": 1.0,
      "recall": 0.3333333333333333,
      "f1_score": 0.5,
      "correct": 1,
      "incorrect": 0,
      "missing": 2,
      "hallucinated": 0
    },
    "organizations[3].role": {
      "accuracy": 0.0,
      "precision": 0.0,
      "recall": 0.0,
      "f1_score": 0.0,
      "correct": 0,
      "incorrect": 1,
      "missing": 2,
      "hallucinated": 0
    },
    "organizations[h4].name": {
      "accuracy": 0.0,
      "precision": 0.0,
      "recall": 0.0,
      "f1_score": 0.0,
      "correct": 0,
      "incorrect": 0,
      "missing": 0,
      "hallucinated": 3
    },
    "organizations[h4].role": {
      "accuracy": 0.0,
      "precision": 0.0,
      "recall": 0.0,
      "f1_score": 0.0,
      "correct": 0,
      "incorrect": 0,
      "missing": 0,
      "hallucinated": 3
    },
    "organizations[4].name": {
      "accuracy": 0.0,
      "precision": 0.0,
      "recall": 0.0,
      "f1_score": 0.0,
      "correct": 0,
      "incorrect": 0,
      "missing": 1,
      "hallucinated": 0
    },
    "organizations[4].role": {
      "accuracy": 0.0,
      "precision": 0.0,
      "recall": 0.0,
      "f1_score": 0.0,
      "correct": 0,
      "incorrect": 0,
      "missing": 1,
      "hallucinated": 0
    }
  },
  "error_count": 0
}