{
  "model": "claude-haiku-4-5-20251001",
  "template": "PS2_KI4",
  "total_samples": 50,
  "valid_json_count": 50,
  "json_validity_rate": 1.0,
  "overall_accuracy": 0.5905944551901998,
  "overall_precision": 0.7764947497088429,
  "overall_recall": 0.6798684583121654,
  "overall_f1": 0.6907385694574846,
  "overall_hallucination_rate": 0.10329341317365269,
  "avg_latency_seconds": 2.3383763456344604,
  "field_metrics": {
    "ai_system.developer": {
      "accuracy": 0.88,
      "precision": 1.0,
      "recall": 0.88,
      "f1_score": 0.9361702127659575,
      "correct": 44,
      "incorrect": 0,
      "missing": 6,
      "hallucinated": 0
    },
    "ai_system.deployer": {
      "accuracy": 0.8,
      "precision": 0.9302325581395349,
      "recall": 0.851063829787234,
      "f1_score": 0.888888888888889,
      "correct": 40,
      "incorrect": 2,
      "missing": 7,
      "hallucinated": 1
    },
    "ai_system.system_type": {
      "accuracy": 0.66,
      "precision": 0.673469387755102,
      "recall": 0.9705882352941176,
      "f1_score": 0.7951807228915663,
      "correct": 33,
      "incorrect": 15,
      "missing": 1,
      "hallucinated": 1
    },
    "ai_system.name": {
      "accuracy": 0.82,
      "precision": 0.8541666666666666,
      "recall": 0.9534883720930233,
      "f1_score": 0.9010989010989011,
      "correct": 41,
      "incorrect": 1,
      "missing": 2,
      "hallucinated": 6
    },
    "organizations[0].name": {
      "accuracy": 0.9148936170212766,
      "precision": 1.0,
      "recall": 0.9148936170212766,
      "f1_score": 0.9555555555555556,
      "correct": 43,
      "incorrect": 0,
      "missing": 4,
      "hallucinated": 0
    },
    "organizations[0].role": {
      "accuracy": 0.8085106382978723,
      "precision": 0.8636363636363636,
      "recall": 0.926829268292683,
      "f1_score": 0.8941176470588236,
      "correct": 38,
      "incorrect": 6,
      "missing": 3,
      "hallucinated": 0
    },
    "organizations[1].name": {
      "accuracy": 0.7878787878787878,
      "precision": 0.9629629629629629,
      "recall": 0.8125,
      "f1_score": 0.8813559322033898,
      "correct": 26,
      "incorrect": 1,
      "missing": 6,
      "hallucinated": 0
    },
    "organizations[1].role": {
      "accuracy": 0.3939393939393939,
      "precision": 0.4642857142857143,
      "recall": 0.7222222222222222,
      "f1_score": 0.5652173913043479,
      "correct": 13,
      "incorrect": 15,
      "missing": 5,
      "hallucinated": 0
    },
    "organizations[2].name": {
      "accuracy": 0.3333333333333333,
      "precision": 1.0,
      "recall": 0.3333333333333333,
      "f1_score": 0.5,
      "correct": 5,
      "incorrect": 0,
      "missing": 10,
      "hallucinated": 0
    },
    "organizations[2].role": {
      "accuracy": 0.26666666666666666,
      "precision": 0.8,
      "recall": 0.2857142857142857,
      "f1_score": 0.4210526315789473,
      "correct": 4,
      "incorrect": 1,
      "missing": 10,
      "hallucinated": 0
    },
    "event.event_date": {
      "accuracy": 0.96,
      "precision": 0.96,
      "recall": 1.0,
      "f1_score": 0.9795918367346939,
      "correct": 48,
      "incorrect": 2,
      "missing": 0,
      "hallucinated": 0
    },
    "event.event_location": {
      "accuracy": 0.66,
      "precision": 0.9705882352941176,
      "recall": 0.673469387755102,
      "f1_score": 0.7951807228915663,
      "correct": 33,
      "incorrect": 1,
      "missing": 16,
      "hallucinated": 0
    },
    "event.event_type": {
      "accuracy": 0.92,
      "precision": 0.92,
      "recall": 1.0,
      "f1_score": 0.9583333333333334,
      "correct": 46,
      "incorrect": 4,
      "missing": 0,
      "hallucinated": 0
    },
    "harm.affected_parties": {
      "accuracy": 0.66,
      "precision": 0.717391304347826,
      "recall": 0.8918918918918919,
      "f1_score": 0.7951807228915664,
      "correct": 33,
      "incorrect": 12,
      "missing": 4,
      "hallucinated": 1
    },
    "harm.severity": {
      "accuracy": 0.52,
      "precision": 0.6046511627906976,
      "recall": 0.7878787878787878,
      "f1_score": 0.6842105263157895,
      "correct": 26,
      "incorrect": 17,
      "missing": 7,
      "hallucinated": 0
    },
    "harm.harm_type": {
      "accuracy": 0.76,
      "precision": 0.8085106382978723,
      "recall": 0.926829268292683,
      "f1_score": 0.8636363636363636,
      "correct": 38,
      "incorrect": 9,
      "missing": 3,
      "hallucinated": 0
    },
    "organizations[h0].name": {
      "accuracy": 0.0,
      "precision": 0.0,
      "recall": 0.0,
      "f1_score": 0.0,
      "correct": 0,
      "incorrect": 0,
      "missing": 0,
      "hallucinated": 5
    },
    "organizations[h0].role": {
      "accuracy": 0.0,
      "precision": 0.0,
      "recall": 0.0,
      "f1_score": 0.0,
      "correct": 0,
      "incorrect": 0,
      "missing": 0,
      "hallucinated": 5
    },
    "organizations[h1].name": {
      "accuracy": 0.0,
      "precision": 0.0,
      "recall": 0.0,
      "f1_score": 0.0,
      "correct": 0,
      "incorrect": 0,
      "missing": 0,
      "hallucinated": 11
    },
    "organizations[h1].role": {
      "accuracy": 0.0,
      "precision": 0.0,
      "recall": 0.0,
      "f1_score": 0.0,
      "correct": 0,
      "incorrect": 0,
      "missing": 0,
      "hallucinated": 11
    },
    "organizations[h2].name": {
      "accuracy": 0.0,
      "precision": 0.0,
      "recall": 0.0,
      "f1_score": 0.0,
      "correct": 0,
      "incorrect": 0,
      "missing": 0,
      "hallucinated": 9
    },
    "organizations[h2].role": {
      "accuracy": 0.0,
      "precision": 0.0,
      "recall": 0.0,
      "f1_score": 0.0,
      "correct": 0,
      "incorrect": 0,
      "missing": 0,
      "hallucinated": 9
    },
    "organizations[h3].name": {
      "accuracy": 0.0,
      "precision": 0.0,
      "recall": 0.0,
      "f1_score": 0.0,
      "correct": 0,
      "incorrect": 0,
      "missing": 0,
      "hallucinated": 5
    },
    "organizations[h3].role": {
      "accuracy": 0.0,
      "precision": 0.0,
      "recall": 0.0,
      "f1_score": 0.0,
      "correct": 0,
      "incorrect": 0,
      "missing": 0,
      "hallucinated": 5
    },
    "organizations[3].name": {
      "accuracy": 0.3333333333333333,
      "precision": 1.0,
      "recall": 0.3333333333333333,
      "f1_score": 0.5,
      "correct": 1,
      "incorrect": 0,
      "missing": 2,
      "hallucinated": 0
    },
    "organizations[3].role": {
      "accuracy": 0.3333333333333333,
      "precision": 1.0,
      "recall": 0.3333333333333333,
      "f1_score": 0.5,
      "correct": 1,
      "incorrect": 0,
      "missing": 2,
      "hallucinated": 0
    },
    "organizations[4].name": {
      "accuracy": 0.0,
      "precision": 0.0,
      "recall": 0.0,
      "f1_score": 0.0,
      "correct": 0,
      "incorrect": 0,
      "missing": 1,
      "hallucinated": 0
    },
    "organizations[4].role": {
      "accuracy": 0.0,
      "precision": 0.0,
      "recall": 0.0,
      "f1_score": 0.0,
      "correct": 0,
      "incorrect": 0,
      "missing": 1,
      "hallucinated": 0
    }
  },
  "error_count": 0
}