{
  "model": "llama3.1:8b",
  "template": "PS2_KI1",
  "total_samples": 50,
  "valid_json_count": 50,
  "json_validity_rate": 1.0,
  "overall_accuracy": 0.614,
  "overall_accuracy_micro": 0.614,
  "overall_precision": 0.6584980468009254,
  "overall_precision_micro": 0.6421052631578947,
  "overall_recall": 0.7706821946169773,
  "overall_recall_micro": 0.8106312292358804,
  "overall_f1": 0.6761194400481563,
  "overall_f1_micro": 0.7165932452276064,
  "overall_hallucination_rate": 0.015789473684210527,
  "avg_latency_seconds": 9.515433263778686,
  "field_metrics": {
    "ai_system.deployer": {
      "accuracy": 0.64,
      "precision": 0.7333333333333333,
      "recall": 0.44,
      "f1_score": 0.5499999999999999,
      "correct": 11,
      "true_negative": 21,
      "incorrect": 3,
      "missing": 14,
      "hallucinated": 1
    },
    "ai_system.system_type": {
      "accuracy": 0.12,
      "precision": 0.18181818181818182,
      "recall": 0.2608695652173913,
      "f1_score": 0.21428571428571427,
      "correct": 6,
      "true_negative": 0,
      "incorrect": 27,
      "missing": 17,
      "hallucinated": 0
    },
    "ai_system.developer": {
      "accuracy": 0.7,
      "precision": 0.9411764705882353,
      "recall": 0.5333333333333333,
      "f1_score": 0.6808510638297872,
      "correct": 16,
      "true_negative": 19,
      "incorrect": 1,
      "missing": 14,
      "hallucinated": 0
    },
    "ai_system.name": {
      "accuracy": 0.82,
      "precision": 0.8333333333333334,
      "recall": 0.8,
      "f1_score": 0.816326530612245,
      "correct": 20,
      "true_negative": 21,
      "incorrect": 0,
      "missing": 5,
      "hallucinated": 4
    },
    "harm.harm_type": {
      "accuracy": 0.36,
      "precision": 0.3829787234042553,
      "recall": 0.8571428571428571,
      "f1_score": 0.5294117647058824,
      "correct": 18,
      "true_negative": 0,
      "incorrect": 29,
      "missing": 3,
      "hallucinated": 0
    },
    "harm.severity": {
      "accuracy": 0.36,
      "precision": 0.3829787234042553,
      "recall": 0.8571428571428571,
      "f1_score": 0.5294117647058824,
      "correct": 18,
      "true_negative": 0,
      "incorrect": 29,
      "missing": 3,
      "hallucinated": 0
    },
    "harm.affected_parties": {
      "accuracy": 0.5,
      "precision": 0.48936170212765956,
      "recall": 0.9583333333333334,
      "f1_score": 0.6478873239436619,
      "correct": 23,
      "true_negative": 2,
      "incorrect": 23,
      "missing": 1,
      "hallucinated": 1
    },
    "event.event_location": {
      "accuracy": 0.98,
      "precision": 0.98,
      "recall": 1.0,
      "f1_score": 0.98989898989899,
      "correct": 49,
      "true_negative": 0,
      "incorrect": 1,
      "missing": 0,
      "hallucinated": 0
    },
    "event.event_date": {
      "accuracy": 0.96,
      "precision": 0.96,
      "recall": 1.0,
      "f1_score": 0.9795918367346939,
      "correct": 48,
      "true_negative": 0,
      "incorrect": 2,
      "missing": 0,
      "hallucinated": 0
    },
    "event.event_type": {
      "accuracy": 0.7,
      "precision": 0.7,
      "recall": 1.0,
      "f1_score": 0.8235294117647058,
      "correct": 35,
      "true_negative": 0,
      "incorrect": 15,
      "missing": 0,
      "hallucinated": 0
    },
    "organizations[0].name": {
      "accuracy": 0.9148936170212766,
      "precision": 1.0,
      "recall": 0.9148936170212766,
      "f1_score": 0.9555555555555556,
      "correct": 43,
      "true_negative": 0,
      "incorrect": 0,
      "missing": 4,
      "hallucinated": 0
    },
    "organizations[0].role": {
      "accuracy": 0.574468085106383,
      "precision": 0.627906976744186,
      "recall": 0.8709677419354839,
      "f1_score": 0.7297297297297297,
      "correct": 27,
      "true_negative": 0,
      "incorrect": 16,
      "missing": 4,
      "hallucinated": 0
    },
    "organizations[1].name": {
      "accuracy": 0.7575757575757576,
      "precision": 0.9615384615384616,
      "recall": 0.78125,
      "f1_score": 0.8620689655172413,
      "correct": 25,
      "true_negative": 0,
      "incorrect": 1,
      "missing": 7,
      "hallucinated": 0
    },
    "organizations[1].role": {
      "accuracy": 0.36363636363636365,
      "precision": 0.46153846153846156,
      "recall": 0.631578947368421,
      "f1_score": 0.5333333333333333,
      "correct": 12,
      "true_negative": 0,
      "incorrect": 14,
      "missing": 7,
      "hallucinated": 0
    },
    "organizations[2].name": {
      "accuracy": 0.4,
      "precision": 1.0,
      "recall": 0.4,
      "f1_score": 0.5714285714285715,
      "correct": 6,
      "true_negative": 0,
      "incorrect": 0,
      "missing": 9,
      "hallucinated": 0
    },
    "organizations[2].role": {
      "accuracy": 0.13333333333333333,
      "precision": 0.3333333333333333,
      "recall": 0.18181818181818182,
      "f1_score": 0.23529411764705885,
      "correct": 2,
      "true_negative": 0,
      "incorrect": 4,
      "missing": 9,
      "hallucinated": 0
    },
    "organizations[h0].name": {
      "accuracy": 0.0,
      "precision": 0.0,
      "recall": 0.0,
      "f1_score": 0.0,
      "correct": 0,
      "true_negative": 0,
      "incorrect": 0,
      "missing": 0,
      "hallucinated": 9
    },
    "organizations[h0].role": {
      "accuracy": 0.0,
      "precision": 0.0,
      "recall": 0.0,
      "f1_score": 0.0,
      "correct": 0,
      "true_negative": 0,
      "incorrect": 0,
      "missing": 0,
      "hallucinated": 9
    },
    "organizations[h1].name": {
      "accuracy": 0.0,
      "precision": 0.0,
      "recall": 0.0,
      "f1_score": 0.0,
      "correct": 0,
      "true_negative": 0,
      "incorrect": 0,
      "missing": 0,
      "hallucinated": 20
    },
    "organizations[h1].role": {
      "accuracy": 0.0,
      "precision": 0.0,
      "recall": 0.0,
      "f1_score": 0.0,
      "correct": 0,
      "true_negative": 0,
      "incorrect": 0,
      "missing": 0,
      "hallucinated": 20
    },
    "organizations[h2].name": {
      "accuracy": 0.0,
      "precision": 0.0,
      "recall": 0.0,
      "f1_score": 0.0,
      "correct": 0,
      "true_negative": 0,
      "incorrect": 0,
      "missing": 0,
      "hallucinated": 9
    },
    "organizations[h2].role": {
      "accuracy": 0.0,
      "precision": 0.0,
      "recall": 0.0,
      "f1_score": 0.0,
      "correct": 0,
      "true_negative": 0,
      "incorrect": 0,
      "missing": 0,
      "hallucinated": 9
    },
    "organizations[3].name": {
      "accuracy": 0.0,
      "precision": 0.0,
      "recall": 0.0,
      "f1_score": 0.0,
      "correct": 0,
      "true_negative": 0,
      "incorrect": 0,
      "missing": 3,
      "hallucinated": 0
    },
    "organizations[3].role": {
      "accuracy": 0.0,
      "precision": 0.0,
      "recall": 0.0,
      "f1_score": 0.0,
      "correct": 0,
      "true_negative": 0,
      "incorrect": 0,
      "missing": 3,
      "hallucinated": 0
    },
    "organizations[h3].name": {
      "accuracy": 0.0,
      "precision": 0.0,
      "recall": 0.0,
      "f1_score": 0.0,
      "correct": 0,
      "true_negative": 0,
      "incorrect": 0,
      "missing": 0,
      "hallucinated": 4
    },
    "organizations[h3].role": {
      "accuracy": 0.0,
      "precision": 0.0,
      "recall": 0.0,
      "f1_score": 0.0,
      "correct": 0,
      "true_negative": 0,
      "incorrect": 0,
      "missing": 0,
      "hallucinated": 4
    },
    "organizations[4].name": {
      "accuracy": 0.0,
      "precision": 0.0,
      "recall": 0.0,
      "f1_score": 0.0,
      "correct": 0,
      "true_negative": 0,
      "incorrect": 0,
      "missing": 1,
      "hallucinated": 0
    },
    "organizations[4].role": {
      "accuracy": 0.0,
      "precision": 0.0,
      "recall": 0.0,
      "f1_score": 0.0,
      "correct": 0,
      "true_negative": 0,
      "incorrect": 0,
      "missing": 1,
      "hallucinated": 0
    },