{
  "model": "claude-haiku-4-5-20251001",
  "template": "PS2_KI4",
  "total_samples": 50,
  "valid_json_count": 50,
  "json_validity_rate": 1.0,
  "overall_accuracy": 0.6040154738878143,
  "overall_accuracy_micro": 0.7648766328011611,
  "overall_precision": 0.7750121474008302,
  "overall_recall": 0.6937931351787124,
  "overall_f1": 0.6985835728542009,
  "overall_hallucination_rate": 0.10102489019033675,
  "avg_latency_seconds": 2.406717185974121,
  "field_metrics": {
    "event.event_location": {
      "accuracy": 1.0,
      "precision": 1.0,
      "recall": 1.0,
      "f1_score": 1.0,
      "correct": 50,
      "incorrect": 0,
      "missing": 0,
      "hallucinated": 0
    },
    "event.event_type": {
      "accuracy": 0.9,
      "precision": 0.9,
      "recall": 1.0,
      "f1_score": 0.9473684210526316,
      "correct": 45,
      "incorrect": 5,
      "missing": 0,
      "hallucinated": 0
    },
    "event.event_date": {
      "accuracy": 0.96,
      "precision": 0.96,
      "recall": 1.0,
      "f1_score": 0.9795918367346939,
      "correct": 48,
      "incorrect": 2,
      "missing": 0,
      "hallucinated": 0
    },
    "ai_system.system_type": {
      "accuracy": 0.7,
      "precision": 0.7142857142857143,
      "recall": 0.9722222222222222,
      "f1_score": 0.8235294117647058,
      "correct": 35,
      "incorrect": 14,
      "missing": 1,
      "hallucinated": 0
    },
    "ai_system.name": {
      "accuracy": 0.8,
      "precision": 0.8163265306122449,
      "recall": 0.975609756097561,
      "f1_score": 0.888888888888889,
      "correct": 40,
      "incorrect": 2,
      "missing": 1,
      "hallucinated": 7
    },
    "ai_system.deployer": {
      "accuracy": 0.8,
      "precision": 0.9302325581395349,
      "recall": 0.851063829787234,
      "f1_score": 0.888888888888889,
      "correct": 40,
      "incorrect": 2,
      "missing": 7,
      "hallucinated": 1
    },
    "ai_system.developer": {
      "accuracy": 0.84,
      "precision": 1.0,
      "recall": 0.84,
      "f1_score": 0.9130434782608696,
      "correct": 42,
      "incorrect": 0,
      "missing": 8,
      "hallucinated": 0
    },
    "harm.affected_parties": {
      "accuracy": 0.66,
      "precision": 0.717391304347826,
      "recall": 0.8918918918918919,
      "f1_score": 0.7951807228915664,
      "correct": 33,
      "incorrect": 12,
      "missing": 4,
      "hallucinated": 1
    },
    "harm.severity": {
      "accuracy": 0.54,
      "precision": 0.627906976744186,
      "recall": 0.7941176470588235,
      "f1_score": 0.7012987012987012,
      "correct": 27,
      "incorrect": 16,
      "missing": 7,
      "hallucinated": 0
    },
    "harm.harm_type": {
      "accuracy": 0.76,
      "precision": 0.8085106382978723,
      "recall": 0.926829268292683,
      "f1_score": 0.8636363636363636,
      "correct": 38,
      "incorrect": 9,
      "missing": 3,
      "hallucinated": 0
    },
    "organizations[0].name": {
      "accuracy": 0.9361702127659575,
      "precision": 1.0,
      "recall": 0.9361702127659575,
      "f1_score": 0.967032967032967,
      "correct": 44,
      "incorrect": 0,
      "missing": 3,
      "hallucinated": 0
    },
    "organizations[0].role": {
      "accuracy": 0.7659574468085106,
      "precision": 0.8181818181818182,
      "recall": 0.9230769230769231,
      "f1_score": 0.8674698795180724,
      "correct": 36,
      "incorrect": 8,
      "missing": 3,
      "hallucinated": 0
    },
    "organizations[1].name": {
      "accuracy": 0.7878787878787878,
      "precision": 0.9629629629629629,
      "recall": 0.8125,
      "f1_score": 0.8813559322033898,
      "correct": 26,
      "incorrect": 1,
      "missing": 6,
      "hallucinated": 0
    },
    "organizations[1].role": {
      "accuracy": 0.36363636363636365,
      "precision": 0.4444444444444444,
      "recall": 0.6666666666666666,
      "f1_score": 0.5333333333333333,
      "correct": 12,
      "incorrect": 15,
      "missing": 6,
      "hallucinated": 0
    },
    "organizations[2].name": {
      "accuracy": 0.3333333333333333,
      "precision": 1.0,
      "recall": 0.3333333333333333,
      "f1_score": 0.5,
      "correct": 5,
      "incorrect": 0,
      "missing": 10,
      "hallucinated": 0
    },
    "organizations[2].role": {
      "accuracy": 0.26666666666666666,
      "precision": 0.8,
      "recall": 0.2857142857142857,
      "f1_score": 0.4210526315789473,
      "correct": 4,
      "incorrect": 1,
      "missing": 10,
      "hallucinated": 0
    },
    "organizations[h0].name": {
      "accuracy": 0.0,
      "precision": 0.0,
      "recall": 0.0,
      "f1_score": 0.0,
      "correct": 0,
      "incorrect": 0,
      "missing": 0,
      "hallucinated": 5
    },
    "organizations[h0].role": {
      "accuracy": 0.0,
      "precision": 0.0,
      "recall": 0.0,
      "f1_score": 0.0,
      "correct": 0,
      "incorrect": 0,
      "missing": 0,
      "hallucinated": 5
    },
    "organizations[h1].name": {
      "accuracy": 0.0,
      "precision": 0.0,
      "recall": 0.0,
      "f1_score": 0.0,
      "correct": 0,
      "incorrect": 0,
      "missing": 0,
      "hallucinated": 12
    },
    "organizations[h1].role": {
      "accuracy": 0.0,
      "precision": 0.0,
      "recall": 0.0,
      "f1_score": 0.0,
      "correct": 0,
      "incorrect": 0,
      "missing": 0,
      "hallucinated": 12
    },
    "organizations[h2].name": {
      "accuracy": 0.0,
      "precision": 0.0,
      "recall": 0.0,
      "f1_score": 0.0,
      "correct": 0,
      "incorrect": 0,
      "missing": 0,
      "hallucinated": 9
    },
    "organizations[h2].role": {
      "accuracy": 0.0,
      "precision": 0.0,
      "recall": 0.0,
      "f1_score": 0.0,
      "correct": 0,
      "incorrect": 0,
      "missing": 0,
      "hallucinated": 9
    },
    "organizations[h3].name": {
      "accuracy": 0.0,
      "precision": 0.0,
      "recall": 0.0,
      "f1_score": 0.0,
      "correct": 0,
      "incorrect": 0,
      "missing": 0,
      "hallucinated": 4
    },
    "organizations[h3].role": {
      "accuracy": 0.0,
      "precision": 0.0,
      "recall": 0.0,
      "f1_score": 0.0,
      "correct": 0,
      "incorrect": 0,
      "missing": 0,
      "hallucinated": 4
    },
    "organizations[3].name": {
      "accuracy": 0.3333333333333333,
      "precision": 1.0,
      "recall": 0.3333333333333333,
      "f1_score": 0.5,
      "correct": 1,
      "incorrect": 0,
      "missing": 2,
      "hallucinated": 0
    },
    "organizations[3].role": {
      "accuracy": 0.3333333333333333,
      "precision": 1.0,
      "recall": 0.3333333333333333,
      "f1_score": 0.5,
      "correct": 1,
      "incorrect": 0,
      "missing": 2,
      "hallucinated": 0
    },
    "organizations[4].name": {
      "accuracy": 0.0,
      "precision": 0.0,
      "recall": 0.0,
      "f1_score": 0.0,
      "correct": 0,
      "incorrect": 0,
      "missing": 1,
      "hallucinated": 0
    },
    "organizations[4].role": {
      "accuracy": 0.0,
      "precision": 0.0,
      "recall": 0.0,
      "f1_score": 0.0,
      "correct": 0,
      "incorrect": 0,
      "missing": 1,
      "hallucinated": 0
    }
  },
  "error_count": 0
}