{
  "model": "claude-opus-4-6",
  "template": "PS2_KI1",
  "total_samples": 50,
  "valid_json_count": 50,
  "json_validity_rate": 1.0,
  "overall_accuracy": 0.52763249516441,
  "overall_precision": 0.6621402779390754,
  "overall_recall": 0.6681391924443154,
  "overall_f1": 0.6264259027501613,
  "overall_hallucination_rate": 0.15598885793871867,
  "avg_latency_seconds": 4.208347291946411,
  "field_metrics": {
    "organizations[0].name": {
      "accuracy": 0.9361702127659575,
      "precision": 1.0,
      "recall": 0.9361702127659575,
      "f1_score": 0.967032967032967,
      "correct": 44,
      "incorrect": 0,
      "missing": 3,
      "hallucinated": 0
    },
    "organizations[0].role": {
      "accuracy": 0.6382978723404256,
      "precision": 0.6818181818181818,
      "recall": 0.9090909090909091,
      "f1_score": 0.7792207792207791,
      "correct": 30,
      "incorrect": 13,
      "missing": 3,
      "hallucinated": 1
    },
    "organizations[1].name": {
      "accuracy": 0.8181818181818182,
      "precision": 0.9642857142857143,
      "recall": 0.84375,
      "f1_score": 0.8999999999999999,
      "correct": 27,
      "incorrect": 1,
      "missing": 5,
      "hallucinated": 0
    },
    "organizations[1].role": {
      "accuracy": 0.3333333333333333,
      "precision": 0.39285714285714285,
      "recall": 0.6875,
      "f1_score": 0.5,
      "correct": 11,
      "incorrect": 16,
      "missing": 5,
      "hallucinated": 1
    },
    "organizations[2].name": {
      "accuracy": 0.4,
      "precision": 1.0,
      "recall": 0.4,
      "f1_score": 0.5714285714285715,
      "correct": 6,
      "incorrect": 0,
      "missing": 9,
      "hallucinated": 0
    },
    "organizations[2].role": {
      "accuracy": 0.3333333333333333,
      "precision": 0.8333333333333334,
      "recall": 0.35714285714285715,
      "f1_score": 0.5,
      "correct": 5,
      "incorrect": 1,
      "missing": 9,
      "hallucinated": 0
    },
    "event.event_type": {
      "accuracy": 0.7,
      "precision": 0.7,
      "recall": 1.0,
      "f1_score": 0.8235294117647058,
      "correct": 35,
      "incorrect": 15,
      "missing": 0,
      "hallucinated": 0
    },
    "event.event_location": {
      "accuracy": 0.5,
      "precision": 0.9259259259259259,
      "recall": 0.5208333333333334,
      "f1_score": 0.6666666666666667,
      "correct": 25,
      "incorrect": 2,
      "missing": 23,
      "hallucinated": 0
    },
    "event.event_date": {
      "accuracy": 0.94,
      "precision": 0.94,
      "recall": 1.0,
      "f1_score": 0.9690721649484536,
      "correct": 47,
      "incorrect": 3,
      "missing": 0,
      "hallucinated": 0
    },
    "ai_system.developer": {
      "accuracy": 0.9,
      "precision": 0.9782608695652174,
      "recall": 0.9183673469387755,
      "f1_score": 0.9473684210526316,
      "correct": 45,
      "incorrect": 0,
      "missing": 4,
      "hallucinated": 1
    },
    "ai_system.system_type": {
      "accuracy": 0.16,
      "precision": 0.17391304347826086,
      "recall": 0.6666666666666666,
      "f1_score": 0.27586206896551724,
      "correct": 8,
      "incorrect": 37,
      "missing": 4,
      "hallucinated": 1
    },
    "ai_system.name": {
      "accuracy": 0.88,
      "precision": 0.88,
      "recall": 1.0,
      "f1_score": 0.9361702127659575,
      "correct": 44,
      "incorrect": 2,
      "missing": 0,
      "hallucinated": 4
    },
    "ai_system.deployer": {
      "accuracy": 0.78,
      "precision": 0.8125,
      "recall": 0.9512195121951219,
      "f1_score": 0.8764044943820225,
      "correct": 39,
      "incorrect": 3,
      "missing": 2,
      "hallucinated": 6
    },
    "harm.severity": {
      "accuracy": 0.56,
      "precision": 0.5957446808510638,
      "recall": 0.9032258064516129,
      "f1_score": 0.7179487179487178,
      "correct": 28,
      "incorrect": 19,
      "missing": 3,
      "hallucinated": 0
    },
    "harm.harm_type": {
      "accuracy": 0.58,
      "precision": 0.6041666666666666,
      "recall": 0.9354838709677419,
      "f1_score": 0.7341772151898733,
      "correct": 29,
      "incorrect": 19,
      "missing": 2,
      "hallucinated": 0
    },
    "harm.affected_parties": {
      "accuracy": 0.76,
      "precision": 0.76,
      "recall": 1.0,
      "f1_score": 0.8636363636363636,
      "correct": 38,
      "incorrect": 12,
      "missing": 0,
      "hallucinated": 0
    },
    "organizations[h0].name": {
      "accuracy": 0.0,
      "precision": 0.0,
      "recall": 0.0,
      "f1_score": 0.0,
      "correct": 0,
      "incorrect": 0,
      "missing": 0,
      "hallucinated": 6
    },
    "organizations[h0].role": {
      "accuracy": 0.0,
      "precision": 0.0,
      "recall": 0.0,
      "f1_score": 0.0,
      "correct": 0,
      "incorrect": 0,
      "missing": 0,
      "hallucinated": 6
    },
    "organizations[h1].name": {
      "accuracy": 0.0,
      "precision": 0.0,
      "recall": 0.0,
      "f1_score": 0.0,
      "correct": 0,
      "incorrect": 0,
      "missing": 0,
      "hallucinated": 18
    },
    "organizations[h1].role": {
      "accuracy": 0.0,
      "precision": 0.0,
      "recall": 0.0,
      "f1_score": 0.0,
      "correct": 0,
      "incorrect": 0,
      "missing": 0,
      "hallucinated": 18
    },
    "organizations[h2].name": {
      "accuracy": 0.0,
      "precision": 0.0,
      "recall": 0.0,
      "f1_score": 0.0,
      "correct": 0,
      "incorrect": 0,
      "missing": 0,
      "hallucinated": 15
    },
    "organizations[h2].role": {
      "accuracy": 0.0,
      "precision": 0.0,
      "recall": 0.0,
      "f1_score": 0.0,
      "correct": 0,
      "incorrect": 0,
      "missing": 0,
      "hallucinated": 15
    },
    "organizations[h3].name": {
      "accuracy": 0.0,
      "precision": 0.0,
      "recall": 0.0,
      "f1_score": 0.0,
      "correct": 0,
      "incorrect": 0,
      "missing": 0,
      "hallucinated": 7
    },
    "organizations[h3].role": {
      "accuracy": 0.0,
      "precision": 0.0,
      "recall": 0.0,
      "f1_score": 0.0,
      "correct": 0,
      "incorrect": 0,
      "missing": 0,
      "hallucinated": 7
    },
    "organizations[3].name": {
      "accuracy": 0.3333333333333333,
      "precision": 1.0,
      "recall": 0.3333333333333333,
      "f1_score": 0.5,
      "correct": 1,
      "incorrect": 0,
      "missing": 2,
      "hallucinated": 0
    },
    "organizations[3].role": {
      "accuracy": 0.0,
      "precision": 0.0,
      "recall": 0.0,
      "f1_score": 0.0,
      "correct": 0,
      "incorrect": 1,
      "missing": 2,
      "hallucinated": 0
    },
    "organizations[h4].name": {
      "accuracy": 0.0,
      "precision": 0.0,
      "recall": 0.0,
      "f1_score": 0.0,
      "correct": 0,
      "incorrect": 0,
      "missing": 0,
      "hallucinated": 3
    },
    "organizations[h4].role": {
      "accuracy": 0.0,
      "precision": 0.0,
      "recall": 0.0,
      "f1_score": 0.0,
      "correct": 0,
      "incorrect": 0,
      "missing": 0,
      "hallucinated": 3
    },
    "organizations[4].name": {
      "accuracy": 0.0,
      "precision": 0.0,
      "recall": 0.0,
      "f1_score": 0.0,
      "correct": 0,
      "incorrect": 0,
      "missing": 1,
      "hallucinated": 0
    },
    "organizations[4].role": {
      "accuracy": 0.0,
      "precision": 0.0,
      "recall": 0.0,
      "f1_score": 0.0,
      "correct": 0,
      "incorrect": 0,
      "missing": 1,
      "hallucinated": 0
    }
  },
  "error_count": 0
}