{
  "model": "claude-opus-4-6",
  "template": "PS1_KI2",
  "total_samples": 50,
  "valid_json_count": 50,
  "json_validity_rate": 1.0,
  "overall_accuracy": 0.85,
  "overall_accuracy_micro": 0.85,
  "overall_precision": 0.852239898989899,
  "overall_precision_micro": 0.8541176470588235,
  "overall_recall": 0.9586902971715002,
  "overall_recall_micro": 0.9654255319148937,
  "overall_f1": 0.8987760115403983,
  "overall_f1_micro": 0.906367041198502,
  "overall_hallucination_rate": 0.01647058823529412,
  "avg_latency_seconds": 3.8440295219421388,
  "field_metrics": {
    "ai_system.deployer": {
      "accuracy": 0.8,
      "precision": 0.7777777777777778,
      "recall": 0.84,
      "f1_score": 0.8076923076923077,
      "correct": 21,
      "true_negative": 19,
      "incorrect": 3,
      "missing": 4,
      "hallucinated": 3
    },
    "ai_system.system_type": {
      "accuracy": 0.84,
      "precision": 0.84,
      "recall": 1.0,
      "f1_score": 0.9130434782608696,
      "correct": 42,
      "true_negative": 0,
      "incorrect": 8,
      "missing": 0,
      "hallucinated": 0
    },
    "ai_system.developer": {
      "accuracy": 0.88,
      "precision": 0.9285714285714286,
      "recall": 0.8666666666666667,
      "f1_score": 0.896551724137931,
      "correct": 26,
      "true_negative": 18,
      "incorrect": 1,
      "missing": 4,
      "hallucinated": 1
    },
    "ai_system.name": {
      "accuracy": 0.9,
      "precision": 0.8214285714285714,
      "recall": 1.0,
      "f1_score": 0.9019607843137255,
      "correct": 23,
      "true_negative": 22,
      "incorrect": 2,
      "missing": 0,
      "hallucinated": 3
    },
    "harm.harm_type": {
      "accuracy": 0.8,
      "precision": 0.8,
      "recall": 1.0,
      "f1_score": 0.888888888888889,
      "correct": 40,
      "true_negative": 0,
      "incorrect": 10,
      "missing": 0,
      "hallucinated": 0
    },
    "harm.severity": {
      "accuracy": 0.68,
      "precision": 0.68,
      "recall": 1.0,
      "f1_score": 0.8095238095238095,
      "correct": 34,
      "true_negative": 0,
      "incorrect": 16,
      "missing": 0,
      "hallucinated": 0
    },
    "harm.affected_parties": {
      "accuracy": 0.76,
      "precision": 0.7954545454545454,
      "recall": 0.9210526315789473,
      "f1_score": 0.8536585365853658,
      "correct": 35,
      "true_negative": 3,
      "incorrect": 9,
      "missing": 3,
      "hallucinated": 0
    },
    "event.event_location": {
      "accuracy": 1.0,
      "precision": 1.0,
      "recall": 1.0,
      "f1_score": 1.0,
      "correct": 50,
      "true_negative": 0,
      "incorrect": 0,
      "missing": 0,
      "hallucinated": 0
    },
    "event.event_date": {
      "accuracy": 0.94,
      "precision": 0.9791666666666666,
      "recall": 0.9591836734693877,
      "f1_score": 0.9690721649484536,
      "correct": 47,
      "true_negative": 0,
      "incorrect": 1,
      "missing": 2,
      "hallucinated": 0
    },
    "event.event_type": {
      "accuracy": 0.9,
      "precision": 0.9,
      "recall": 1.0,
      "f1_score": 0.9473684210526316,
      "correct": 45,
      "true_negative": 0,
      "incorrect": 5,
      "missing": 0,
      "hallucinated": 0
    },
    "organizations[0].name": {
      "accuracy": 0.9574468085106383,
      "precision": 1.0,
      "recall": 0.9574468085106383,
      "f1_score": 0.9782608695652174,
      "correct": 45,
      "true_negative": 0,
      "incorrect": 0,
      "missing": 2,
      "hallucinated": 0
    },
    "organizations[0].role": {
      "accuracy": 0.8297872340425532,
      "precision": 0.8666666666666667,
      "recall": 0.9512195121951219,
      "f1_score": 0.9069767441860465,
      "correct": 39,
      "true_negative": 0,
      "incorrect": 6,
      "missing": 2,
      "hallucinated": 0
    },
    "organizations[1].name": {
      "accuracy": 0.8181818181818182,
      "precision": 0.9642857142857143,
      "recall": 0.84375,
      "f1_score": 0.8999999999999999,
      "correct": 27,
      "true_negative": 0,
      "incorrect": 1,
      "missing": 5,
      "hallucinated": 0
    },
    "organizations[1].role": {
      "accuracy": 0.45454545454545453,
      "precision": 0.5357142857142857,
      "recall": 0.75,
      "f1_score": 0.6250000000000001,
      "correct": 15,
      "true_negative": 0,
      "incorrect": 13,
      "missing": 5,
      "hallucinated": 0
    },
    "organizations[2].name": {
      "accuracy": 0.3333333333333333,
      "precision": 1.0,
      "recall": 0.3333333333333333,
      "f1_score": 0.5,
      "correct": 5,
      "true_negative": 0,
      "incorrect": 0,
      "missing": 10,
      "hallucinated": 0
    },
    "organizations[2].role": {
      "accuracy": 0.3333333333333333,
      "precision": 1.0,
      "recall": 0.3333333333333333,
      "f1_score": 0.5,
      "correct": 5,
      "true_negative": 0,
      "incorrect": 0,
      "missing": 10,
      "hallucinated": 0
    },
    "organizations[h0].name": {
      "accuracy": 0.0,
      "precision": 0.0,
      "recall": 0.0,
      "f1_score": 0.0,
      "correct": 0,
      "true_negative": 0,
      "incorrect": 0,
      "missing": 0,
      "hallucinated": 6
    },
    "organizations[h0].role": {
      "accuracy": 0.0,
      "precision": 0.0,
      "recall": 0.0,
      "f1_score": 0.0,
      "correct": 0,
      "true_negative": 0,
      "incorrect": 0,
      "missing": 0,
      "hallucinated": 6
    },
    "organizations[h1].name": {
      "accuracy": 0.0,
      "precision": 0.0,
      "recall": 0.0,
      "f1_score": 0.0,
      "correct": 0,
      "true_negative": 0,
      "incorrect": 0,
      "missing": 0,
      "hallucinated": 16
    },
    "organizations[h1].role": {
      "accuracy": 0.0,
      "precision": 0.0,
      "recall": 0.0,
      "f1_score": 0.0,
      "correct": 0,
      "true_negative": 0,
      "incorrect": 0,
      "missing": 0,
      "hallucinated": 16
    },
    "organizations[h2].name": {
      "accuracy": 0.0,
      "precision": 0.0,
      "recall": 0.0,
      "f1_score": 0.0,
      "correct": 0,
      "true_negative": 0,
      "incorrect": 0,
      "missing": 0,
      "hallucinated": 15
    },
    "organizations[h2].role": {
      "accuracy": 0.0,
      "precision": 0.0,
      "recall": 0.0,
      "f1_score": 0.0,
      "correct": 0,
      "true_negative": 0,
      "incorrect": 0,
      "missing": 0,
      "hallucinated": 15
    },
    "organizations[h3].name": {
      "accuracy": 0.0,
      "precision": 0.0,
      "recall": 0.0,
      "f1_score": 0.0,
      "correct": 0,
      "true_negative": 0,
      "incorrect": 0,
      "missing": 0,
      "hallucinated": 8
    },
    "organizations[h3].role": {
      "accuracy": 0.0,
      "precision": 0.0,
      "recall": 0.0,
      "f1_score": 0.0,
      "correct": 0,
      "true_negative": 0,
      "incorrect": 0,
      "missing": 0,
      "hallucinated": 8
    },
    "organizations[3].name": {
      "accuracy": 0.3333333333333333,
      "precision": 1.0,
      "recall": 0.3333333333333333,
      "f1_score": 0.5,
      "correct": 1,
      "true_negative": 0,
      "incorrect": 0,
      "missing": 2,
      "hallucinated": 0
    },
    "organizations[3].role": {
      "accuracy": 0.3333333333333333,
      "precision": 1.0,
      "recall": 0.3333333333333333,
      "f1_score": 0.5,
      "correct": 1,
      "true_negative": 0,
      "incorrect": 0,
      "missing": 2,
      "hallucinated": 0
    },
    "organizations[4].name": {
      "accuracy": 0.0,
      "precision": 0.0,
      "recall": 0.0,
      "f1_score": 0.0,
      "correct": 0,
      "true_negative": 0,
      "incorrect": 0,
      "missing": 1,
      "hallucinated": 0
    },
    "organizations[4].role": {
      "accuracy": 0.0,
      "precision": 0.0,
      "recall": 0.0,
      "f1_score": 0.0,
      "correct": 0,
      "true_negative": 0,
      "incorrect": 0,
      "missing": 1,
      "hallucinated": 0
    },
    "organizations[h4].name": {
      "accuracy": 0.0,
      "precision": 0.0,
      "recall": 0.0,