{
  "model": "claude-haiku-4-5-20251001",
  "template": "PS3_KI3",
  "total_samples": 50,
  "valid_json_count": 50,
  "json_validity_rate": 1.0,
  "overall_accuracy": 0.774,
  "overall_accuracy_micro": 0.774,
  "overall_precision": 0.8618544787254783,
  "overall_precision_micro": 0.8696629213483146,
  "overall_recall": 0.8693751526251526,
  "overall_recall_micro": 0.8755656108597285,
  "overall_f1": 0.8631066126066074,
  "overall_f1_micro": 0.8726042841037205,
  "overall_hallucination_rate": 0.017977528089887642,
  "avg_latency_seconds": 5.356632452011109,
  "field_metrics": {
    "event.event_type": {
      "accuracy": 0.74,
      "precision": 0.8222222222222222,
      "recall": 0.8809523809523809,
      "f1_score": 0.8505747126436781,
      "correct": 37,
      "incorrect": 8,
      "missing": 5,
      "hallucinated": 0
    },
    "event.event_location": {
      "accuracy": 1.0,
      "precision": 1.0,
      "recall": 1.0,
      "f1_score": 1.0,
      "correct": 50,
      "incorrect": 0,
      "missing": 0,
      "hallucinated": 0
    },
    "event.event_date": {
      "accuracy": 0.94,
      "precision": 0.9591836734693877,
      "recall": 0.9791666666666666,
      "f1_score": 0.9690721649484536,
      "correct": 47,
      "incorrect": 2,
      "missing": 1,
      "hallucinated": 0
    },
    "harm.harm_type": {
      "accuracy": 0.84,
      "precision": 0.8936170212765957,
      "recall": 0.9333333333333333,
      "f1_score": 0.9130434782608695,
      "correct": 42,
      "incorrect": 5,
      "missing": 3,
      "hallucinated": 0
    },
    "harm.affected_parties": {
      "accuracy": 0.58,
      "precision": 0.7435897435897436,
      "recall": 0.725,
      "f1_score": 0.7341772151898733,
      "correct": 29,
      "incorrect": 10,
      "missing": 11,
      "hallucinated": 0
    },
    "harm.severity": {
      "accuracy": 0.46,
      "precision": 0.6764705882352942,
      "recall": 0.5897435897435898,
      "f1_score": 0.6301369863013699,
      "correct": 23,
      "incorrect": 11,
      "missing": 16,
      "hallucinated": 0
    },
    "organizations[0].name": {
      "accuracy": 0.9574468085106383,
      "precision": 1.0,
      "recall": 0.9574468085106383,
      "f1_score": 0.9782608695652174,
      "correct": 45,
      "incorrect": 0,
      "missing": 2,
      "hallucinated": 0
    },
    "organizations[0].role": {
      "accuracy": 0.723404255319149,
      "precision": 0.7555555555555555,
      "recall": 0.9444444444444444,
      "f1_score": 0.8395061728395062,
      "correct": 34,
      "incorrect": 11,
      "missing": 2,
      "hallucinated": 0
    },
    "organizations[1].name": {
      "accuracy": 0.7878787878787878,
      "precision": 0.9629629629629629,
      "recall": 0.8125,
      "f1_score": 0.8813559322033898,
      "correct": 26,
      "incorrect": 1,
      "missing": 6,
      "hallucinated": 0
    },
    "organizations[1].role": {
      "accuracy": 0.45454545454545453,
      "precision": 0.5555555555555556,
      "recall": 0.7142857142857143,
      "f1_score": 0.6250000000000001,
      "correct": 15,
      "incorrect": 12,
      "missing": 6,
      "hallucinated": 0
    },
    "organizations[2].name": {
      "accuracy": 0.3333333333333333,
      "precision": 1.0,
      "recall": 0.3333333333333333,
      "f1_score": 0.5,
      "correct": 5,
      "incorrect": 0,
      "missing": 10,
      "hallucinated": 0
    },
    "organizations[2].role": {
      "accuracy": 0.3333333333333333,
      "precision": 1.0,
      "recall": 0.3333333333333333,
      "f1_score": 0.5,
      "correct": 5,
      "incorrect": 0,
      "missing": 10,
      "hallucinated": 0
    },
    "organizations[h3].name": {
      "accuracy": 0.0,
      "precision": 0.0,
      "recall": 0.0,
      "f1_score": 0.0,
      "correct": 0,
      "incorrect": 0,
      "missing": 0,
      "hallucinated": 8
    },
    "organizations[h3].role": {
      "accuracy": 0.0,
      "precision": 0.0,
      "recall": 0.0,
      "f1_score": 0.0,
      "correct": 0,
      "incorrect": 0,
      "missing": 0,
      "hallucinated": 8
    },
    "ai_system.developer": {
      "accuracy": 0.88,
      "precision": 1.0,
      "recall": 0.88,
      "f1_score": 0.9361702127659575,
      "correct": 44,
      "incorrect": 0,
      "missing": 6,
      "hallucinated": 0
    },
    "ai_system.name": {
      "accuracy": 0.86,
      "precision": 0.86,
      "recall": 1.0,
      "f1_score": 0.924731182795699,
      "correct": 43,
      "incorrect": 1,
      "missing": 0,
      "hallucinated": 6
    },
    "ai_system.deployer": {
      "accuracy": 0.68,
      "precision": 0.8717948717948718,
      "recall": 0.7555555555555555,
      "f1_score": 0.8095238095238095,
      "correct": 34,
      "incorrect": 3,
      "missing": 11,
      "hallucinated": 2
    },
    "ai_system.system_type": {
      "accuracy": 0.76,
      "precision": 0.7916666666666666,
      "recall": 0.95,
      "f1_score": 0.8636363636363635,
      "correct": 38,
      "incorrect": 10,
      "missing": 2,
      "hallucinated": 0
    },
    "organizations[h0].name": {
      "accuracy": 0.0,
      "precision": 0.0,
      "recall": 0.0,
      "f1_score": 0.0,
      "correct": 0,
      "incorrect": 0,
      "missing": 0,
      "hallucinated": 6
    },
    "organizations[h0].role": {
      "accuracy": 0.0,
      "precision": 0.0,
      "recall": 0.0,
      "f1_score": 0.0,
      "correct": 0,
      "incorrect": 0,
      "missing": 0,
      "hallucinated": 6
    },
    "organizations[h1].name": {
      "accuracy": 0.0,
      "precision": 0.0,
      "recall": 0.0,
      "f1_score": 0.0,
      "correct": 0,
      "incorrect": 0,
      "missing": 0,
      "hallucinated": 14
    },
    "organizations[h1].role": {
      "accuracy": 0.0,
      "precision": 0.0,
      "recall": 0.0,
      "f1_score": 0.0,
      "correct": 0,
      "incorrect": 0,
      "missing": 0,
      "hallucinated": 14
    },
    "organizations[h2].name": {
      "accuracy": 0.0,
      "precision": 0.0,
      "recall": 0.0,
      "f1_score": 0.0,
      "correct": 0,
      "incorrect": 0,
      "missing": 0,
      "hallucinated": 10
    },
    "organizations[h2].role": {
      "accuracy": 0.0,
      "precision": 0.0,
      "recall": 0.0,
      "f1_score": 0.0,
      "correct": 0,
      "incorrect": 0,
      "missing": 0,
      "hallucinated": 10
    },
    "deployment": {
      "accuracy": 0.0,
      "precision": 0.0,
      "recall": 0.0,
      "f1_score": 0.0,
      "correct": 0,
      "incorrect": 0,
      "missing": 0,
      "hallucinated": 1
    },
    "organizations[3].name": {
      "accuracy": 0.3333333333333333,
      "precision": 1.0,
      "recall": 0.3333333333333333,
      "f1_score": 0.5,
      "correct": 1,
      "incorrect": 0,
      "missing": 2,
      "hallucinated": 0
    },
    "organizations[3].role": {
      "accuracy": 0.3333333333333333,
      "precision": 1.0,
      "recall": 0.3333333333333333,
      "f1_score": 0.5,
      "correct": 1,
      "incorrect": 0,
      "missing": 2,
      "hallucinated": 0
    },
    "organizations[h4].name": {
      "accuracy": 0.0,
      "precision": 0.0,
      "recall": 0.0,
      "f1_score": 0.0,
      "correct": 0,
      "incorrect": 0,
      "missing": 0,
      "hallucinated": 1
    },
    "organizations[h4].role": {
      "accuracy": 0.0,
      "precision": 0.0,
      "recall": 0.0,
      "f1_score": 0.0,
      "correct": 0,
      "incorrect": 0,
      "missing": 0,
      "hallucinated": 1
    },
    "organizations[4].name": {
      "accuracy": 0.0,
      "precision": 0.0,
      "recall": 0.0,
      "f1_score": 0.0,
      "correct": 0,
      "incorrect": 0,
      "missing": 1,
      "hallucinated": 0
    },
    "organizations[4].role": {
      "accuracy": 0.0,
      "precision": 0.0,
      "recall": 0.0,
      "f1_score": 0.0,
      "correct": 0,
      "incorrect": 0,
      "missing": 1,
      "hallucinated": 0
    }
  },
  "error_count": 0
}