{
  "model": "llama3.1:8b",
  "template": "PS1_KI1",
  "total_samples": 50,
  "valid_json_count": 50,
  "json_validity_rate": 1.0,
  "overall_accuracy": 0.23221212121212123,
  "overall_precision": 0.3560549597031795,
  "overall_recall": 0.42025835905316605,
  "overall_f1": 0.3161195422224834,
  "overall_hallucination_rate": 0.21451612903225806,
  "avg_latency_seconds": 7.874215865135193,
  "field_metrics": {
    "ai_system.developer": {
      "accuracy": 0.76,
      "precision": 0.9047619047619048,
      "recall": 0.8260869565217391,
      "f1_score": 0.8636363636363636,
      "correct": 38,
      "incorrect": 3,
      "missing": 8,
      "hallucinated": 1
    },
    "ai_system.name": {
      "accuracy": 0.5,
      "precision": 0.5,
      "recall": 1.0,
      "f1_score": 0.6666666666666666,
      "correct": 25,
      "incorrect": 3,
      "missing": 0,
      "hallucinated": 22
    },
    "ai_system.deployer": {
      "accuracy": 0.44,
      "precision": 0.5,
      "recall": 0.7857142857142857,
      "f1_score": 0.6111111111111112,
      "correct": 22,
      "incorrect": 5,
      "missing": 6,
      "hallucinated": 17
    },
    "ai_system.system_type": {
      "accuracy": 0.1,
      "precision": 0.10416666666666667,
      "recall": 0.7142857142857143,
      "f1_score": 0.18181818181818182,
      "correct": 5,
      "incorrect": 42,
      "missing": 2,
      "hallucinated": 1
    },
    "event.event_location": {
      "accuracy": 0.3,
      "precision": 0.4411764705882353,
      "recall": 0.4838709677419355,
      "f1_score": 0.4615384615384615,
      "correct": 15,
      "incorrect": 19,
      "missing": 16,
      "hallucinated": 0
    },
    "event.event_type": {
      "accuracy": 0.0,
      "precision": 0.0,
      "recall": 0.0,
      "f1_score": 0.0,
      "correct": 0,
      "incorrect": 50,
      "missing": 0,
      "hallucinated": 0
    },
    "event.event_date": {
      "accuracy": 0.02,
      "precision": 0.2,
      "recall": 0.021739130434782608,
      "f1_score": 0.0392156862745098,
      "correct": 1,
      "incorrect": 4,
      "missing": 45,
      "hallucinated": 0
    },
    "harm.severity": {
      "accuracy": 0.04,
      "precision": 0.05555555555555555,
      "recall": 0.125,
      "f1_score": 0.07692307692307691,
      "correct": 2,
      "incorrect": 34,
      "missing": 14,
      "hallucinated": 0
    },
    "harm.harm_type": {
      "accuracy": 0.04,
      "precision": 0.04,
      "recall": 1.0,
      "f1_score": 0.07692307692307693,
      "correct": 2,
      "incorrect": 48,
      "missing": 0,
      "hallucinated": 0
    },
    "harm.affected_parties": {
      "accuracy": 0.4,
      "precision": 0.4,
      "recall": 1.0,
      "f1_score": 0.5714285714285715,
      "correct": 20,
      "incorrect": 29,
      "missing": 0,
      "hallucinated": 1
    },
    "organizations[0].name": {
      "accuracy": 0.76,
      "precision": 1.0,
      "recall": 0.76,
      "f1_score": 0.8636363636363636,
      "correct": 38,
      "incorrect": 0,
      "missing": 12,
      "hallucinated": 0
    },
    "organizations[0].role": {
      "accuracy": 0.26,
      "precision": 0.34210526315789475,
      "recall": 0.52,
      "f1_score": 0.41269841269841273,
      "correct": 13,
      "incorrect": 24,
      "missing": 12,
      "hallucinated": 1
    },
    "organizations[1].name": {
      "accuracy": 0.5757575757575758,
      "precision": 1.0,
      "recall": 0.5757575757575758,
      "f1_score": 0.7307692307692308,
      "correct": 19,
      "incorrect": 0,
      "missing": 14,
      "hallucinated": 0
    },
    "organizations[1].role": {
      "accuracy": 0.18181818181818182,
      "precision": 0.3,
      "recall": 0.3157894736842105,
      "f1_score": 0.3076923076923077,
      "correct": 6,
      "incorrect": 14,
      "missing": 13,
      "hallucinated": 0
    },
    "organizations[2].name": {
      "accuracy": 0.2,
      "precision": 1.0,
      "recall": 0.2,
      "f1_score": 0.33333333333333337,
      "correct": 3,
      "incorrect": 0,
      "missing": 12,
      "hallucinated": 0
    },
    "organizations[2].role": {
      "accuracy": 0.06666666666666667,
      "precision": 0.3333333333333333,
      "recall": 0.07692307692307693,
      "f1_score": 0.125,
      "correct": 1,
      "incorrect": 2,
      "missing": 12,
      "hallucinated": 0
    },
    "organizations[h0].name": {
      "accuracy": 0.0,
      "precision": 0.0,
      "recall": 0.0,
      "f1_score": 0.0,
      "correct": 0,
      "incorrect": 0,
      "missing": 0,
      "hallucinated": 13
    },
    "organizations[h0].role": {
      "accuracy": 0.0,
      "precision": 0.0,
      "recall": 0.0,
      "f1_score": 0.0,
      "correct": 0,
      "incorrect": 0,
      "missing": 0,
      "hallucinated": 13
    },
    "organizations[h1].name": {
      "accuracy": 0.0,
      "precision": 0.0,
      "recall": 0.0,
      "f1_score": 0.0,
      "correct": 0,
      "incorrect": 0,
      "missing": 0,
      "hallucinated": 19
    },
    "organizations[h1].role": {
      "accuracy": 0.0,
      "precision": 0.0,
      "recall": 0.0,
      "f1_score": 0.0,
      "correct": 0,
      "incorrect": 0,
      "missing": 0,
      "hallucinated": 19
    },
    "organizations[h2].name": {
      "accuracy": 0.0,
      "precision": 0.0,
      "recall": 0.0,
      "f1_score": 0.0,
      "correct": 0,
      "incorrect": 0,
      "missing": 0,
      "hallucinated": 9
    },
    "organizations[h2].role": {
      "accuracy": 0.0,
      "precision": 0.0,
      "recall": 0.0,
      "f1_score": 0.0,
      "correct": 0,
      "incorrect": 0,
      "missing": 0,
      "hallucinated": 9
    },
    "organizations[h3].name": {
      "accuracy": 0.0,
      "precision": 0.0,
      "recall": 0.0,
      "f1_score": 0.0,
      "correct": 0,
      "incorrect": 0,
      "missing": 0,
      "hallucinated": 3
    },
    "organizations[h3].role": {
      "accuracy": 0.0,
      "precision": 0.0,
      "recall": 0.0,
      "f1_score": 0.0,
      "correct": 0,
      "incorrect": 0,
      "missing": 0,
      "hallucinated": 3
    },
    "organizations[3].name": {
      "accuracy": 0.0,
      "precision": 0.0,
      "recall": 0.0,
      "f1_score": 0.0,
      "correct": 0,
      "incorrect": 0,
      "missing": 3,
      "hallucinated": 0
    },
    "organizations[3].role": {
      "accuracy": 0.0,
      "precision": 0.0,
      "recall": 0.0,
      "f1_score": 0.0,
      "correct": 0,
      "incorrect": 0,
      "missing": 3,
      "hallucinated": 0
    },
    "organizations[4].name": {
      "accuracy": 0.0,
      "precision": 0.0,
      "recall": 0.0,
      "f1_score": 0.0,
      "correct": 0,
      "incorrect": 0,
      "missing": 1,
      "hallucinated": 0
    },
    "organizations[4].role": {
      "accuracy": 0.0,
      "precision": 0.0,
      "recall": 0.0,
      "f1_score": 0.0,
      "correct": 0,
      "incorrect": 0,
      "missing": 1,
      "hallucinated": 0
    },
    "organizations[h4].name": {
      "accuracy": 0.0,
      "precision": 0.0,
      "recall": 0.0,
      "f1_score": 0.0,
      "correct": 0,
      "incorrect": 0,
      "missing": 0,
      "hallucinated": 1
    },
    "organizations[h4].role": {
      "accuracy": 0.0,
      "precision": 0.0,
      "recall": 0.0,
      "f1_score": 0.0,
      "correct": 0,
      "incorrect": 0,
      "missing": 0,
      "hallucinated": 1
    }
  },
  "error_count": 0
}