{
  "model": "llama3.1:8b",
  "template": "PS2_KI2",
  "total_samples": 50,
  "valid_json_count": 50,
  "json_validity_rate": 1.0,
  "overall_accuracy": 0.4860612508059317,
  "overall_precision": 0.6974629333251432,
  "overall_recall": 0.6093665621009687,
  "overall_f1": 0.6124852944620516,
  "overall_hallucination_rate": 0.1118421052631579,
  "avg_latency_seconds": 9.339396800994873,
  "field_metrics": {
    "ai_system.developer": {
      "accuracy": 0.72,
      "precision": 0.972972972972973,
      "recall": 0.7346938775510204,
      "f1_score": 0.8372093023255813,
      "correct": 36,
      "incorrect": 1,
      "missing": 13,
      "hallucinated": 0
    },
    "ai_system.deployer": {
      "accuracy": 0.6,
      "precision": 0.75,
      "recall": 0.75,
      "f1_score": 0.75,
      "correct": 30,
      "incorrect": 4,
      "missing": 10,
      "hallucinated": 6
    },
    "ai_system.system_type": {
      "accuracy": 0.46,
      "precision": 0.575,
      "recall": 0.696969696969697,
      "f1_score": 0.6301369863013698,
      "correct": 23,
      "incorrect": 17,
      "missing": 10,
      "hallucinated": 0
    },
    "ai_system.name": {
      "accuracy": 0.76,
      "precision": 0.7755102040816326,
      "recall": 0.9743589743589743,
      "f1_score": 0.8636363636363635,
      "correct": 38,
      "incorrect": 3,
      "missing": 1,
      "hallucinated": 8
    },
    "organizations[0].name": {
      "accuracy": 0.851063829787234,
      "precision": 1.0,
      "recall": 0.851063829787234,
      "f1_score": 0.9195402298850576,
      "correct": 40,
      "incorrect": 0,
      "missing": 7,
      "hallucinated": 0
    },
    "organizations[0].role": {
      "accuracy": 0.5531914893617021,
      "precision": 0.6666666666666666,
      "recall": 0.7647058823529411,
      "f1_score": 0.7123287671232877,
      "correct": 26,
      "incorrect": 12,
      "missing": 8,
      "hallucinated": 1
    },
    "organizations[1].name": {
      "accuracy": 0.696969696969697,
      "precision": 0.9583333333333334,
      "recall": 0.71875,
      "f1_score": 0.8214285714285714,
      "correct": 23,
      "incorrect": 1,
      "missing": 9,
      "hallucinated": 0
    },
    "organizations[1].role": {
      "accuracy": 0.3333333333333333,
      "precision": 0.4782608695652174,
      "recall": 0.5238095238095238,
      "f1_score": 0.5,
      "correct": 11,
      "incorrect": 11,
      "missing": 10,
      "hallucinated": 1
    },
    "organizations[2].name": {
      "accuracy": 0.4,
      "precision": 1.0,
      "recall": 0.4,
      "f1_score": 0.5714285714285715,
      "correct": 6,
      "incorrect": 0,
      "missing": 9,
      "hallucinated": 0
    },
    "organizations[2].role": {
      "accuracy": 0.2,
      "precision": 0.5,
      "recall": 0.25,
      "f1_score": 0.3333333333333333,
      "correct": 3,
      "incorrect": 3,
      "missing": 9,
      "hallucinated": 0
    },
    "event.event_date": {
      "accuracy": 0.86,
      "precision": 0.9555555555555556,
      "recall": 0.8958333333333334,
      "f1_score": 0.924731182795699,
      "correct": 43,
      "incorrect": 2,
      "missing": 5,
      "hallucinated": 0
    },
    "event.event_location": {
      "accuracy": 0.34,
      "precision": 0.8947368421052632,
      "recall": 0.3541666666666667,
      "f1_score": 0.5074626865671642,
      "correct": 17,
      "incorrect": 2,
      "missing": 31,
      "hallucinated": 0
    },
    "event.event_type": {
      "accuracy": 0.7,
      "precision": 0.7,
      "recall": 1.0,
      "f1_score": 0.8235294117647058,
      "correct": 35,
      "incorrect": 15,
      "missing": 0,
      "hallucinated": 0
    },
    "harm.affected_parties": {
      "accuracy": 0.48,
      "precision": 0.5,
      "recall": 0.9230769230769231,
      "f1_score": 0.6486486486486487,
      "correct": 24,
      "incorrect": 22,
      "missing": 2,
      "hallucinated": 2
    },
    "harm.severity": {
      "accuracy": 0.44,
      "precision": 0.4888888888888889,
      "recall": 0.8148148148148148,
      "f1_score": 0.611111111111111,
      "correct": 22,
      "incorrect": 23,
      "missing": 5,
      "hallucinated": 0
    },
    "harm.harm_type": {
      "accuracy": 0.66,
      "precision": 0.7333333333333333,
      "recall": 0.868421052631579,
      "f1_score": 0.7951807228915663,
      "correct": 33,
      "incorrect": 12,
      "missing": 5,
      "hallucinated": 0
    },
    "organizations[h0].name": {
      "accuracy": 0.0,
      "precision": 0.0,
      "recall": 0.0,
      "f1_score": 0.0,
      "correct": 0,
      "incorrect": 0,
      "missing": 0,
      "hallucinated": 8
    },
    "organizations[h0].role": {
      "accuracy": 0.0,
      "precision": 0.0,
      "recall": 0.0,
      "f1_score": 0.0,
      "correct": 0,
      "incorrect": 0,
      "missing": 0,
      "hallucinated": 8
    },
    "organizations[h1].name": {
      "accuracy": 0.0,
      "precision": 0.0,
      "recall": 0.0,
      "f1_score": 0.0,
      "correct": 0,
      "incorrect": 0,
      "missing": 0,
      "hallucinated": 12
    },
    "organizations[h1].role": {
      "accuracy": 0.0,
      "precision": 0.0,
      "recall": 0.0,
      "f1_score": 0.0,
      "correct": 0,
      "incorrect": 0,
      "missing": 0,
      "hallucinated": 12
    },
    "organizations[h2].name": {
      "accuracy": 0.0,
      "precision": 0.0,
      "recall": 0.0,
      "f1_score": 0.0,
      "correct": 0,
      "incorrect": 0,
      "missing": 0,
      "hallucinated": 5
    },
    "organizations[h2].role": {
      "accuracy": 0.0,
      "precision": 0.0,
      "recall": 0.0,
      "f1_score": 0.0,
      "correct": 0,
      "incorrect": 0,
      "missing": 0,
      "hallucinated": 5
    },
    "organizations[3].name": {
      "accuracy": 0.3333333333333333,
      "precision": 1.0,
      "recall": 0.3333333333333333,
      "f1_score": 0.5,
      "correct": 1,
      "incorrect": 0,
      "missing": 2,
      "hallucinated": 0
    },
    "organizations[3].role": {
      "accuracy": 0.3333333333333333,
      "precision": 1.0,
      "recall": 0.3333333333333333,
      "f1_score": 0.5,
      "correct": 1,
      "incorrect": 0,
      "missing": 2,
      "hallucinated": 0
    },
    "organizations[4].name": {
      "accuracy": 0.0,
      "precision": 0.0,
      "recall": 0.0,
      "f1_score": 0.0,
      "correct": 0,
      "incorrect": 0,
      "missing": 1,
      "hallucinated": 0
    },
    "organizations[4].role": {
      "accuracy": 0.0,
      "precision": 0.0,
      "recall": 0.0,
      "f1_score": 0.0,
      "correct": 0,
      "incorrect": 0,
      "missing": 1,
      "hallucinated": 0
    }
  },
  "error_count": 0
}