{
  "model": "llama3.1:8b",
  "template": "PS2_KI4",
  "total_samples": 50,
  "valid_json_count": 50,
  "json_validity_rate": 1.0,
  "overall_accuracy": 0.44703739522888464,
  "overall_precision": 0.5605659349105496,
  "overall_recall": 0.5851441744675239,
  "overall_f1": 0.5508458831078935,
  "overall_hallucination_rate": 0.11352253756260434,
  "avg_latency_seconds": 11.051275353431702,
  "field_metrics": {
    "ai_system.developer": {
      "accuracy": 0.66,
      "precision": 0.9705882352941176,
      "recall": 0.673469387755102,
      "f1_score": 0.7951807228915663,
      "correct": 33,
      "incorrect": 1,
      "missing": 16,
      "hallucinated": 0
    },
    "ai_system.name": {
      "accuracy": 0.8,
      "precision": 0.8163265306122449,
      "recall": 0.975609756097561,
      "f1_score": 0.888888888888889,
      "correct": 40,
      "incorrect": 2,
      "missing": 1,
      "hallucinated": 7
    },
    "ai_system.deployer": {
      "accuracy": 0.66,
      "precision": 0.825,
      "recall": 0.7674418604651163,
      "f1_score": 0.7951807228915662,
      "correct": 33,
      "incorrect": 3,
      "missing": 10,
      "hallucinated": 4
    },
    "ai_system.system_type": {
      "accuracy": 0.56,
      "precision": 0.56,
      "recall": 1.0,
      "f1_score": 0.717948717948718,
      "correct": 28,
      "incorrect": 21,
      "missing": 0,
      "hallucinated": 1
    },
    "event.event_location": {
      "accuracy": 0.64,
      "precision": 0.9142857142857143,
      "recall": 0.6808510638297872,
      "f1_score": 0.7804878048780487,
      "correct": 32,
      "incorrect": 3,
      "missing": 15,
      "hallucinated": 0
    },
    "event.event_type": {
      "accuracy": 0.7,
      "precision": 0.7,
      "recall": 1.0,
      "f1_score": 0.8235294117647058,
      "correct": 35,
      "incorrect": 15,
      "missing": 0,
      "hallucinated": 0
    },
    "event.event_date": {
      "accuracy": 0.0,
      "precision": 0.0,
      "recall": 0.0,
      "f1_score": 0.0,
      "correct": 0,
      "incorrect": 0,
      "missing": 50,
      "hallucinated": 0
    },
    "harm.severity": {
      "accuracy": 0.44,
      "precision": 0.4583333333333333,
      "recall": 0.9166666666666666,
      "f1_score": 0.611111111111111,
      "correct": 22,
      "incorrect": 26,
      "missing": 2,
      "hallucinated": 0
    },
    "harm.harm_type": {
      "accuracy": 0.62,
      "precision": 0.6458333333333334,
      "recall": 0.9393939393939394,
      "f1_score": 0.7654320987654321,
      "correct": 31,
      "incorrect": 17,
      "missing": 2,
      "hallucinated": 0
    },
    "harm.affected_parties": {
      "accuracy": 0.62,
      "precision": 0.6326530612244898,
      "recall": 0.96875,
      "f1_score": 0.7654320987654322,
      "correct": 31,
      "incorrect": 16,
      "missing": 1,
      "hallucinated": 2
    },
    "organizations[0].name": {
      "accuracy": 0.8723404255319149,
      "precision": 1.0,
      "recall": 0.8723404255319149,
      "f1_score": 0.9318181818181819,
      "correct": 41,
      "incorrect": 0,
      "missing": 6,
      "hallucinated": 0
    },
    "organizations[0].role": {
      "accuracy": 0.574468085106383,
      "precision": 0.6585365853658537,
      "recall": 0.8181818181818182,
      "f1_score": 0.7297297297297297,
      "correct": 27,
      "incorrect": 13,
      "missing": 6,
      "hallucinated": 1
    },
    "organizations[1].name": {
      "accuracy": 0.696969696969697,
      "precision": 0.9583333333333334,
      "recall": 0.71875,
      "f1_score": 0.8214285714285714,
      "correct": 23,
      "incorrect": 1,
      "missing": 9,
      "hallucinated": 0
    },
    "organizations[1].role": {
      "accuracy": 0.36363636363636365,
      "precision": 0.5,
      "recall": 0.5714285714285714,
      "f1_score": 0.5333333333333333,
      "correct": 12,
      "incorrect": 11,
      "missing": 9,
      "hallucinated": 1
    },
    "organizations[2].name": {
      "accuracy": 0.4666666666666667,
      "precision": 1.0,
      "recall": 0.4666666666666667,
      "f1_score": 0.6363636363636364,
      "correct": 7,
      "incorrect": 0,
      "missing": 8,
      "hallucinated": 0
    },
    "organizations[2].role": {
      "accuracy": 0.26666666666666666,
      "precision": 0.5714285714285714,
      "recall": 0.3333333333333333,
      "f1_score": 0.4210526315789474,
      "correct": 4,
      "incorrect": 3,
      "missing": 8,
      "hallucinated": 0
    },
    "organizations[h0].name": {
      "accuracy": 0.0,
      "precision": 0.0,
      "recall": 0.0,
      "f1_score": 0.0,
      "correct": 0,
      "incorrect": 0,
      "missing": 0,
      "hallucinated": 9
    },
    "organizations[h0].role": {
      "accuracy": 0.0,
      "precision": 0.0,
      "recall": 0.0,
      "f1_score": 0.0,
      "correct": 0,
      "incorrect": 0,
      "missing": 0,
      "hallucinated": 9
    },
    "organizations[h1].name": {
      "accuracy": 0.0,
      "precision": 0.0,
      "recall": 0.0,
      "f1_score": 0.0,
      "correct": 0,
      "incorrect": 0,
      "missing": 0,
      "hallucinated": 15
    },
    "organizations[h1].role": {
      "accuracy": 0.0,
      "precision": 0.0,
      "recall": 0.0,
      "f1_score": 0.0,
      "correct": 0,
      "incorrect": 0,
      "missing": 0,
      "hallucinated": 15
    },
    "organizations[3].name": {
      "accuracy": 0.0,
      "precision": 0.0,
      "recall": 0.0,
      "f1_score": 0.0,
      "correct": 0,
      "incorrect": 0,
      "missing": 3,
      "hallucinated": 0
    },
    "organizations[3].role": {
      "accuracy": 0.0,
      "precision": 0.0,
      "recall": 0.0,
      "f1_score": 0.0,
      "correct": 0,
      "incorrect": 0,
      "missing": 3,
      "hallucinated": 0
    },
    "organizations[4].name": {
      "accuracy": 0.0,
      "precision": 0.0,
      "recall": 0.0,
      "f1_score": 0.0,
      "correct": 0,
      "incorrect": 0,
      "missing": 1,
      "hallucinated": 0
    },
    "organizations[4].role": {
      "accuracy": 0.0,
      "precision": 0.0,
      "recall": 0.0,
      "f1_score": 0.0,
      "correct": 0,
      "incorrect": 0,
      "missing": 1,
      "hallucinated": 0
    },
    "organizations[h2].name": {
      "accuracy": 0.0,
      "precision": 0.0,
      "recall": 0.0,
      "f1_score": 0.0,
      "correct": 0,
      "incorrect": 0,
      "missing": 0,
      "hallucinated": 2
    },
    "organizations[h2].role": {
      "accuracy": 0.0,
      "precision": 0.0,
      "recall": 0.0,
      "f1_score": 0.0,
      "correct": 0,
      "incorrect": 0,
      "missing": 0,
      "hallucinated": 2
    }
  },
  "error_count": 0
}