{
  "model": "llama3.1:8b",
  "template": "PS2_KI4",
  "total_samples": 50,
  "valid_json_count": 50,
  "json_validity_rate": 1.0,
  "overall_accuracy": 0.48207736943907153,
  "overall_precision": 0.6156391527377254,
  "overall_recall": 0.6148940649966177,
  "overall_f1": 0.5877431458904404,
  "overall_hallucination_rate": 0.10935023771790808,
  "avg_latency_seconds": 11.32759015083313,
  "field_metrics": {
    "ai_system.developer": {
      "accuracy": 0.66,
      "precision": 0.9705882352941176,
      "recall": 0.673469387755102,
      "f1_score": 0.7951807228915663,
      "correct": 33,
      "incorrect": 1,
      "missing": 16,
      "hallucinated": 0
    },
    "ai_system.deployer": {
      "accuracy": 0.66,
      "precision": 0.8048780487804879,
      "recall": 0.7857142857142857,
      "f1_score": 0.7951807228915663,
      "correct": 33,
      "incorrect": 3,
      "missing": 9,
      "hallucinated": 5
    },
    "ai_system.system_type": {
      "accuracy": 0.5,
      "precision": 0.5555555555555556,
      "recall": 0.8333333333333334,
      "f1_score": 0.6666666666666667,
      "correct": 25,
      "incorrect": 19,
      "missing": 5,
      "hallucinated": 1
    },
    "ai_system.name": {
      "accuracy": 0.82,
      "precision": 0.8367346938775511,
      "recall": 0.9761904761904762,
      "f1_score": 0.9010989010989012,
      "correct": 41,
      "incorrect": 3,
      "missing": 1,
      "hallucinated": 5
    },
    "organizations[0].name": {
      "accuracy": 0.8936170212765957,
      "precision": 1.0,
      "recall": 0.8936170212765957,
      "f1_score": 0.9438202247191011,
      "correct": 42,
      "incorrect": 0,
      "missing": 5,
      "hallucinated": 0
    },
    "organizations[0].role": {
      "accuracy": 0.6170212765957447,
      "precision": 0.6904761904761905,
      "recall": 0.8529411764705882,
      "f1_score": 0.7631578947368423,
      "correct": 29,
      "incorrect": 12,
      "missing": 5,
      "hallucinated": 1
    },
    "organizations[1].name": {
      "accuracy": 0.7272727272727273,
      "precision": 0.96,
      "recall": 0.75,
      "f1_score": 0.8421052631578947,
      "correct": 24,
      "incorrect": 1,
      "missing": 8,
      "hallucinated": 0
    },
    "organizations[1].role": {
      "accuracy": 0.36363636363636365,
      "precision": 0.48,
      "recall": 0.6,
      "f1_score": 0.5333333333333332,
      "correct": 12,
      "incorrect": 12,
      "missing": 8,
      "hallucinated": 1
    },
    "organizations[2].name": {
      "accuracy": 0.4666666666666667,
      "precision": 1.0,
      "recall": 0.4666666666666667,
      "f1_score": 0.6363636363636364,
      "correct": 7,
      "incorrect": 0,
      "missing": 8,
      "hallucinated": 0
    },
    "organizations[2].role": {
      "accuracy": 0.3333333333333333,
      "precision": 0.7142857142857143,
      "recall": 0.38461538461538464,
      "f1_score": 0.5,
      "correct": 5,
      "incorrect": 2,
      "missing": 8,
      "hallucinated": 0
    },
    "event.event_date": {
      "accuracy": 0.96,
      "precision": 0.96,
      "recall": 1.0,
      "f1_score": 0.9795918367346939,
      "correct": 48,
      "incorrect": 2,
      "missing": 0,
      "hallucinated": 0
    },
    "event.event_location": {
      "accuracy": 0.32,
      "precision": 0.9411764705882353,
      "recall": 0.32653061224489793,
      "f1_score": 0.48484848484848486,
      "correct": 16,
      "incorrect": 1,
      "missing": 33,
      "hallucinated": 0
    },
    "event.event_type": {
      "accuracy": 0.7,
      "precision": 0.7,
      "recall": 1.0,
      "f1_score": 0.8235294117647058,
      "correct": 35,
      "incorrect": 15,
      "missing": 0,
      "hallucinated": 0
    },
    "harm.affected_parties": {
      "accuracy": 0.56,
      "precision": 0.5714285714285714,
      "recall": 0.9655172413793104,
      "f1_score": 0.717948717948718,
      "correct": 28,
      "incorrect": 19,
      "missing": 1,
      "hallucinated": 2
    },
    "harm.severity": {
      "accuracy": 0.42,
      "precision": 0.44680851063829785,
      "recall": 0.875,
      "f1_score": 0.591549295774648,
      "correct": 21,
      "incorrect": 26,
      "missing": 3,
      "hallucinated": 0
    },
    "harm.harm_type": {
      "accuracy": 0.64,
      "precision": 0.6808510638297872,
      "recall": 0.9142857142857143,
      "f1_score": 0.7804878048780487,
      "correct": 32,
      "incorrect": 15,
      "missing": 3,
      "hallucinated": 0
    },
    "organizations[h0].name": {
      "accuracy": 0.0,
      "precision": 0.0,
      "recall": 0.0,
      "f1_score": 0.0,
      "correct": 0,
      "incorrect": 0,
      "missing": 0,
      "hallucinated": 8
    },
    "organizations[h0].role": {
      "accuracy": 0.0,
      "precision": 0.0,
      "recall": 0.0,
      "f1_score": 0.0,
      "correct": 0,
      "incorrect": 0,
      "missing": 0,
      "hallucinated": 8
    },
    "organizations[h1].name": {
      "accuracy": 0.0,
      "precision": 0.0,
      "recall": 0.0,
      "f1_score": 0.0,
      "correct": 0,
      "incorrect": 0,
      "missing": 0,
      "hallucinated": 13
    },
    "organizations[h1].role": {
      "accuracy": 0.0,
      "precision": 0.0,
      "recall": 0.0,
      "f1_score": 0.0,
      "correct": 0,
      "incorrect": 0,
      "missing": 0,
      "hallucinated": 13
    },
    "organizations[3].name": {
      "accuracy": 0.0,
      "precision": 0.0,
      "recall": 0.0,
      "f1_score": 0.0,
      "correct": 0,
      "incorrect": 0,
      "missing": 3,
      "hallucinated": 0
    },
    "organizations[3].role": {
      "accuracy": 0.0,
      "precision": 0.0,
      "recall": 0.0,
      "f1_score": 0.0,
      "correct": 0,
      "incorrect": 0,
      "missing": 3,
      "hallucinated": 0
    },
    "organizations[h2].name": {
      "accuracy": 0.0,
      "precision": 0.0,
      "recall": 0.0,
      "f1_score": 0.0,
      "correct": 0,
      "incorrect": 0,
      "missing": 0,
      "hallucinated": 4
    },
    "organizations[h2].role": {
      "accuracy": 0.0,
      "precision": 0.0,
      "recall": 0.0,
      "f1_score": 0.0,
      "correct": 0,
      "incorrect": 0,
      "missing": 0,
      "hallucinated": 4
    },
    "organizations[h3].name": {
      "accuracy": 0.0,
      "precision": 0.0,
      "recall": 0.0,
      "f1_score": 0.0,
      "correct": 0,
      "incorrect": 0,
      "missing": 0,
      "hallucinated": 2
    },
    "organizations[h3].role": {
      "accuracy": 0.0,
      "precision": 0.0,
      "recall": 0.0,
      "f1_score": 0.0,
      "correct": 0,
      "incorrect": 0,
      "missing": 0,
      "hallucinated": 2
    },
    "organizations[4].name": {
      "accuracy": 0.0,
      "precision": 0.0,
      "recall": 0.0,
      "f1_score": 0.0,
      "correct": 0,
      "incorrect": 0,
      "missing": 1,
      "hallucinated": 0
    },
    "organizations[4].role": {
      "accuracy": 0.0,
      "precision": 0.0,
      "recall": 0.0,
      "f1_score": 0.0,
      "correct": 0,
      "incorrect": 0,
      "missing": 1,
      "hallucinated": 0
    }
  },
  "error_count": 0
}