{
  "model": "llama3.1:8b",
  "template": "PS2_KI4",
  "total_samples": 50,
  "valid_json_count": 49,
  "json_validity_rate": 0.98,
  "overall_accuracy": 0.3745588860544218,
  "overall_precision": 0.4526547532773583,
  "overall_recall": 0.4758482644961577,
  "overall_f1": 0.446979936668444,
  "overall_hallucination_rate": 0.13712374581939799,
  "avg_latency_seconds": 12.138978509902953,
  "field_metrics": {
    "event.event_type": {
      "accuracy": 0.6938775510204082,
      "precision": 0.6938775510204082,
      "recall": 1.0,
      "f1_score": 0.819277108433735,
      "correct": 34,
      "incorrect": 15,
      "missing": 0,
      "hallucinated": 0
    },
    "event.event_location": {
      "accuracy": 0.4897959183673469,
      "precision": 0.7741935483870968,
      "recall": 0.5714285714285714,
      "f1_score": 0.6575342465753424,
      "correct": 24,
      "incorrect": 7,
      "missing": 18,
      "hallucinated": 0
    },
    "event.event_date": {
      "accuracy": 0.0,
      "precision": 0.0,
      "recall": 0.0,
      "f1_score": 0.0,
      "correct": 0,
      "incorrect": 0,
      "missing": 49,
      "hallucinated": 0
    },
    "organizations[0].name": {
      "accuracy": 0.7959183673469388,
      "precision": 1.0,
      "recall": 0.7959183673469388,
      "f1_score": 0.8863636363636364,
      "correct": 39,
      "incorrect": 0,
      "missing": 10,
      "hallucinated": 0
    },
    "organizations[0].role": {
      "accuracy": 0.6122448979591837,
      "precision": 0.75,
      "recall": 0.7692307692307693,
      "f1_score": 0.7594936708860761,
      "correct": 30,
      "incorrect": 9,
      "missing": 9,
      "hallucinated": 1
    },
    "organizations[1].name": {
      "accuracy": 0.59375,
      "precision": 0.95,
      "recall": 0.6129032258064516,
      "f1_score": 0.7450980392156863,
      "correct": 19,
      "incorrect": 1,
      "missing": 12,
      "hallucinated": 0
    },
    "organizations[1].role": {
      "accuracy": 0.28125,
      "precision": 0.45,
      "recall": 0.42857142857142855,
      "f1_score": 0.4390243902439024,
      "correct": 9,
      "incorrect": 10,
      "missing": 12,
      "hallucinated": 1
    },
    "organizations[2].name": {
      "accuracy": 0.4666666666666667,
      "precision": 1.0,
      "recall": 0.4666666666666667,
      "f1_score": 0.6363636363636364,
      "correct": 7,
      "incorrect": 0,
      "missing": 8,
      "hallucinated": 0
    },
    "organizations[2].role": {
      "accuracy": 0.26666666666666666,
      "precision": 0.5714285714285714,
      "recall": 0.3333333333333333,
      "f1_score": 0.4210526315789474,
      "correct": 4,
      "incorrect": 3,
      "missing": 8,
      "hallucinated": 0
    },
    "ai_system.system_type": {
      "accuracy": 0.5306122448979592,
      "precision": 0.5652173913043478,
      "recall": 0.896551724137931,
      "f1_score": 0.6933333333333332,
      "correct": 26,
      "incorrect": 19,
      "missing": 3,
      "hallucinated": 1
    },
    "ai_system.name": {
      "accuracy": 0.7755102040816326,
      "precision": 0.7916666666666666,
      "recall": 0.9743589743589743,
      "f1_score": 0.8735632183908045,
      "correct": 38,
      "incorrect": 2,
      "missing": 1,
      "hallucinated": 8
    },
    "ai_system.deployer": {
      "accuracy": 0.6530612244897959,
      "precision": 0.8205128205128205,
      "recall": 0.7619047619047619,
      "f1_score": 0.7901234567901233,
      "correct": 32,
      "incorrect": 3,
      "missing": 10,
      "hallucinated": 4
    },
    "ai_system.developer": {
      "accuracy": 0.7142857142857143,
      "precision": 0.9722222222222222,
      "recall": 0.7291666666666666,
      "f1_score": 0.8333333333333333,
      "correct": 35,
      "incorrect": 1,
      "missing": 13,
      "hallucinated": 0
    },
    "harm.severity": {
      "accuracy": 0.4489795918367347,
      "precision": 0.4583333333333333,
      "recall": 0.9565217391304348,
      "f1_score": 0.619718309859155,
      "correct": 22,
      "incorrect": 26,
      "missing": 1,
      "hallucinated": 0
    },
    "harm.harm_type": {
      "accuracy": 0.673469387755102,
      "precision": 0.6875,
      "recall": 0.9705882352941176,
      "f1_score": 0.8048780487804877,
      "correct": 33,
      "incorrect": 15,
      "missing": 1,
      "hallucinated": 0
    },
    "harm.affected_parties": {
      "accuracy": 0.4897959183673469,
      "precision": 0.5,
      "recall": 0.96,
      "f1_score": 0.6575342465753424,
      "correct": 24,
      "incorrect": 22,
      "missing": 1,
      "hallucinated": 2
    },
    "system_type": {
      "accuracy": 1.0,
      "precision": 1.0,
      "recall": 1.0,
      "f1_score": 1.0,
      "correct": 2,
      "incorrect": 0,
      "missing": 0,
      "hallucinated": 0
    },
    "deployer": {
      "accuracy": 0.5,
      "precision": 0.5,
      "recall": 1.0,
      "f1_score": 0.6666666666666666,
      "correct": 1,
      "incorrect": 0,
      "missing": 0,
      "hallucinated": 1
    },
    "organizations[h0].name": {
      "accuracy": 0.0,
      "precision": 0.0,
      "recall": 0.0,
      "f1_score": 0.0,
      "correct": 0,
      "incorrect": 0,
      "missing": 0,
      "hallucinated": 12
    },
    "organizations[h0].role": {
      "accuracy": 0.0,
      "precision": 0.0,
      "recall": 0.0,
      "f1_score": 0.0,
      "correct": 0,
      "incorrect": 0,
      "missing": 0,
      "hallucinated": 12
    },
    "organizations[h1].name": {
      "accuracy": 0.0,
      "precision": 0.0,
      "recall": 0.0,
      "f1_score": 0.0,
      "correct": 0,
      "incorrect": 0,
      "missing": 0,
      "hallucinated": 16
    },
    "organizations[h1].role": {
      "accuracy": 0.0,
      "precision": 0.0,
      "recall": 0.0,
      "f1_score": 0.0,
      "correct": 0,
      "incorrect": 0,
      "missing": 0,
      "hallucinated": 16
    },
    "developer": {
      "accuracy": 1.0,
      "precision": 1.0,
      "recall": 1.0,
      "f1_score": 1.0,
      "correct": 2,
      "incorrect": 0,
      "missing": 0,
      "hallucinated": 0
    },
    "ai_system_name": {
      "accuracy": 1.0,
      "precision": 1.0,
      "recall": 1.0,
      "f1_score": 1.0,
      "correct": 2,
      "incorrect": 0,
      "missing": 0,
      "hallucinated": 0
    },
    "organizations[3].name": {
      "accuracy": 0.0,
      "precision": 0.0,
      "recall": 0.0,
      "f1_score": 0.0,
      "correct": 0,
      "incorrect": 0,
      "missing": 3,
      "hallucinated": 0
    },
    "organizations[3].role": {
      "accuracy": 0.0,
      "precision": 0.0,
      "recall": 0.0,
      "f1_score": 0.0,
      "correct": 0,
      "incorrect": 0,
      "missing": 3,
      "hallucinated": 0
    },
    "organizations[h2].name": {
      "accuracy": 0.0,
      "precision": 0.0,
      "recall": 0.0,
      "f1_score": 0.0,
      "correct": 0,
      "incorrect": 0,
      "missing": 0,
      "hallucinated": 3
    },
    "organizations[h2].role": {
      "accuracy": 0.0,
      "precision": 0.0,
      "recall": 0.0,
      "f1_score": 0.0,
      "correct": 0,
      "incorrect": 0,
      "missing": 0,
      "hallucinated": 3
    },
    "organizations[h3].name": {
      "accuracy": 0.0,
      "precision": 0.0,
      "recall": 0.0,
      "f1_score": 0.0,
      "correct": 0,
      "incorrect": 0,
      "missing": 0,
      "hallucinated": 1
    },
    "organizations[h3].role": {
      "accuracy": 0.0,
      "precision": 0.0,
      "recall": 0.0,
      "f1_score": 0.0,
      "correct": 0,
      "incorrect": 0,
      "missing": 0,
      "hallucinated": 1
    },
    "organizations[4].name": {
      "accuracy": 0.0,
      "precision": 0.0,
      "recall": 0.0,
      "f1_score": 0.0,
      "correct": 0,
      "incorrect": 0,
      "missing": 1,
      "hallucinated": 0
    },
    "organizations[4].role": {
      "accuracy": 0.0,
      "precision": 0.0,
      "recall": 0.0,
      "f1_score": 0.0,
      "correct": 0,
      "incorrect": 0,
      "missing": 1,