{
  "model": "llama3.1:8b",
  "template": "PS2_KI4",
  "total_samples": 50,
  "valid_json_count": 49,
  "json_validity_rate": 0.98,
  "overall_accuracy": 0.3177812196307094,
  "overall_precision": 0.3981963449106986,
  "overall_recall": 0.4173217919122422,
  "overall_f1": 0.39215422333681627,
  "overall_hallucination_rate": 0.11973018549747048,
  "avg_latency_seconds": 12.138978509902953,
  "field_metrics": {
    "event.event_location": {
      "accuracy": 0.5510204081632653,
      "precision": 0.8709677419354839,
      "recall": 0.6,
      "f1_score": 0.7105263157894737,
      "correct": 27,
      "incorrect": 4,
      "missing": 18,
      "hallucinated": 0
    },
    "event.event_date": {
      "accuracy": 0.0,
      "precision": 0.0,
      "recall": 0.0,
      "f1_score": 0.0,
      "correct": 0,
      "incorrect": 0,
      "missing": 49,
      "hallucinated": 0
    },
    "event.event_type": {
      "accuracy": 0.6938775510204082,
      "precision": 0.6938775510204082,
      "recall": 1.0,
      "f1_score": 0.819277108433735,
      "correct": 34,
      "incorrect": 15,
      "missing": 0,
      "hallucinated": 0
    },
    "harm.harm_type": {
      "accuracy": 0.673469387755102,
      "precision": 0.6875,
      "recall": 0.9705882352941176,
      "f1_score": 0.8048780487804877,
      "correct": 33,
      "incorrect": 15,
      "missing": 1,
      "hallucinated": 0
    },
    "harm.severity": {
      "accuracy": 0.4489795918367347,
      "precision": 0.4583333333333333,
      "recall": 0.9565217391304348,
      "f1_score": 0.619718309859155,
      "correct": 22,
      "incorrect": 26,
      "missing": 1,
      "hallucinated": 0
    },
    "harm.affected_parties": {
      "accuracy": 0.5714285714285714,
      "precision": 0.5833333333333334,
      "recall": 0.9655172413793104,
      "f1_score": 0.7272727272727274,
      "correct": 28,
      "incorrect": 18,
      "missing": 1,
      "hallucinated": 2
    },
    "ai_system.name": {
      "accuracy": 0.7755102040816326,
      "precision": 0.7916666666666666,
      "recall": 0.9743589743589743,
      "f1_score": 0.8735632183908045,
      "correct": 38,
      "incorrect": 2,
      "missing": 1,
      "hallucinated": 8
    },
    "ai_system.developer": {
      "accuracy": 0.7142857142857143,
      "precision": 0.9722222222222222,
      "recall": 0.7291666666666666,
      "f1_score": 0.8333333333333333,
      "correct": 35,
      "incorrect": 1,
      "missing": 13,
      "hallucinated": 0
    },
    "ai_system.deployer": {
      "accuracy": 0.6326530612244898,
      "precision": 0.7948717948717948,
      "recall": 0.7560975609756098,
      "f1_score": 0.7749999999999999,
      "correct": 31,
      "incorrect": 3,
      "missing": 10,
      "hallucinated": 5
    },
    "ai_system.system_type": {
      "accuracy": 0.5306122448979592,
      "precision": 0.5652173913043478,
      "recall": 0.896551724137931,
      "f1_score": 0.6933333333333332,
      "correct": 26,
      "incorrect": 19,
      "missing": 3,
      "hallucinated": 1
    },
    "organizations[0].name": {
      "accuracy": 0.8979591836734694,
      "precision": 1.0,
      "recall": 0.8979591836734694,
      "f1_score": 0.9462365591397849,
      "correct": 44,
      "incorrect": 0,
      "missing": 5,
      "hallucinated": 0
    },
    "organizations[0].role": {
      "accuracy": 0.6122448979591837,
      "precision": 0.6818181818181818,
      "recall": 0.8571428571428571,
      "f1_score": 0.759493670886076,
      "correct": 30,
      "incorrect": 12,
      "missing": 5,
      "hallucinated": 2
    },
    "organizations[1].name": {
      "accuracy": 0.6875,
      "precision": 0.9565217391304348,
      "recall": 0.7096774193548387,
      "f1_score": 0.8148148148148149,
      "correct": 22,
      "incorrect": 1,
      "missing": 9,
      "hallucinated": 0
    },
    "organizations[1].role": {
      "accuracy": 0.375,
      "precision": 0.5217391304347826,
      "recall": 0.5714285714285714,
      "f1_score": 0.5454545454545454,
      "correct": 12,
      "incorrect": 10,
      "missing": 9,
      "hallucinated": 1
    },
    "organizations[2].name": {
      "accuracy": 0.4666666666666667,
      "precision": 1.0,
      "recall": 0.4666666666666667,
      "f1_score": 0.6363636363636364,
      "correct": 7,
      "incorrect": 0,
      "missing": 8,
      "hallucinated": 0
    },
    "organizations[2].role": {
      "accuracy": 0.26666666666666666,
      "precision": 0.5714285714285714,
      "recall": 0.3333333333333333,
      "f1_score": 0.4210526315789474,
      "correct": 4,
      "incorrect": 3,
      "missing": 8,
      "hallucinated": 0
    },
    "organizations[h0].name": {
      "accuracy": 0.0,
      "precision": 0.0,
      "recall": 0.0,
      "f1_score": 0.0,
      "correct": 0,
      "incorrect": 0,
      "missing": 0,
      "hallucinated": 8
    },
    "organizations[h0].role": {
      "accuracy": 0.0,
      "precision": 0.0,
      "recall": 0.0,
      "f1_score": 0.0,
      "correct": 0,
      "incorrect": 0,
      "missing": 0,
      "hallucinated": 8
    },
    "organizations[h1].name": {
      "accuracy": 0.0,
      "precision": 0.0,
      "recall": 0.0,
      "f1_score": 0.0,
      "correct": 0,
      "incorrect": 0,
      "missing": 0,
      "hallucinated": 14
    },
    "organizations[h1].role": {
      "accuracy": 0.0,
      "precision": 0.0,
      "recall": 0.0,
      "f1_score": 0.0,
      "correct": 0,
      "incorrect": 0,
      "missing": 0,
      "hallucinated": 14
    },
    "organizations[3].name": {
      "accuracy": 0.0,
      "precision": 0.0,
      "recall": 0.0,
      "f1_score": 0.0,
      "correct": 0,
      "incorrect": 0,
      "missing": 3,
      "hallucinated": 0
    },
    "organizations[3].role": {
      "accuracy": 0.0,
      "precision": 0.0,
      "recall": 0.0,
      "f1_score": 0.0,
      "correct": 0,
      "incorrect": 0,
      "missing": 3,
      "hallucinated": 0
    },
    "organizations[h2].name": {
      "accuracy": 0.0,
      "precision": 0.0,
      "recall": 0.0,
      "f1_score": 0.0,
      "correct": 0,
      "incorrect": 0,
      "missing": 0,
      "hallucinated": 3
    },
    "organizations[h2].role": {
      "accuracy": 0.0,
      "precision": 0.0,
      "recall": 0.0,
      "f1_score": 0.0,
      "correct": 0,
      "incorrect": 0,
      "missing": 0,
      "hallucinated": 3
    },
    "organizations[h3].name": {
      "accuracy": 0.0,
      "precision": 0.0,
      "recall": 0.0,
      "f1_score": 0.0,
      "correct": 0,
      "incorrect": 0,
      "missing": 0,
      "hallucinated": 1
    },
    "organizations[h3].role": {
      "accuracy": 0.0,
      "precision": 0.0,
      "recall": 0.0,
      "f1_score": 0.0,
      "correct": 0,
      "incorrect": 0,
      "missing": 0,
      "hallucinated": 1
    },
    "organizations[4].name": {
      "accuracy": 0.0,
      "precision": 0.0,
      "recall": 0.0,
      "f1_score": 0.0,
      "correct": 0,
      "incorrect": 0,
      "missing": 1,
      "hallucinated": 0
    },
    "organizations[4].role": {
      "accuracy": 0.0,
      "precision": 0.0,
      "recall": 0.0,
      "f1_score": 0.0,
      "correct": 0,
      "incorrect": 0,
      "missing": 1,
      "hallucinated": 0
    }
  },
  "error_count": 0
}