{
  "model": "llama3.1:8b",
  "template": "PS2_KI4",
  "total_samples": 50,
  "valid_json_count": 49,
  "json_validity_rate": 0.98,
  "overall_accuracy": 0.3122727272727273,
  "overall_precision": 0.3983481913635655,
  "overall_recall": 0.4068420619235837,
  "overall_f1": 0.3879128360015618,
  "overall_hallucination_rate": 0.11952861952861953,
  "avg_latency_seconds": 12.138978509902953,
  "field_metrics": {
    "harm.harm_type": {
      "accuracy": 0.66,
      "precision": 0.6875,
      "recall": 0.9428571428571428,
      "f1_score": 0.7951807228915663,
      "correct": 33,
      "incorrect": 15,
      "missing": 2,
      "hallucinated": 0
    },
    "harm.affected_parties": {
      "accuracy": 0.56,
      "precision": 0.5833333333333334,
      "recall": 0.9333333333333333,
      "f1_score": 0.7179487179487181,
      "correct": 28,
      "incorrect": 18,
      "missing": 2,
      "hallucinated": 2
    },
    "harm.severity": {
      "accuracy": 0.44,
      "precision": 0.4583333333333333,
      "recall": 0.9166666666666666,
      "f1_score": 0.611111111111111,
      "correct": 22,
      "incorrect": 26,
      "missing": 2,
      "hallucinated": 0
    },
    "event.event_date": {
      "accuracy": 0.0,
      "precision": 0.0,
      "recall": 0.0,
      "f1_score": 0.0,
      "correct": 0,
      "incorrect": 0,
      "missing": 50,
      "hallucinated": 0
    },
    "event.event_location": {
      "accuracy": 0.54,
      "precision": 0.8709677419354839,
      "recall": 0.5869565217391305,
      "f1_score": 0.7012987012987013,
      "correct": 27,
      "incorrect": 4,
      "missing": 19,
      "hallucinated": 0
    },
    "event.event_type": {
      "accuracy": 0.68,
      "precision": 0.6938775510204082,
      "recall": 0.9714285714285714,
      "f1_score": 0.8095238095238094,
      "correct": 34,
      "incorrect": 15,
      "missing": 1,
      "hallucinated": 0
    },
    "ai_system.name": {
      "accuracy": 0.78,
      "precision": 0.7959183673469388,
      "recall": 0.975,
      "f1_score": 0.8764044943820225,
      "correct": 39,
      "incorrect": 2,
      "missing": 1,
      "hallucinated": 8
    },
    "ai_system.developer": {
      "accuracy": 0.7,
      "precision": 0.9722222222222222,
      "recall": 0.7142857142857143,
      "f1_score": 0.8235294117647058,
      "correct": 35,
      "incorrect": 1,
      "missing": 14,
      "hallucinated": 0
    },
    "ai_system.deployer": {
      "accuracy": 0.62,
      "precision": 0.7948717948717948,
      "recall": 0.7380952380952381,
      "f1_score": 0.7654320987654322,
      "correct": 31,
      "incorrect": 3,
      "missing": 11,
      "hallucinated": 5
    },
    "ai_system.system_type": {
      "accuracy": 0.52,
      "precision": 0.5652173913043478,
      "recall": 0.8666666666666667,
      "f1_score": 0.6842105263157895,
      "correct": 26,
      "incorrect": 19,
      "missing": 4,
      "hallucinated": 1
    },
    "organizations[0].name": {
      "accuracy": 0.88,
      "precision": 1.0,
      "recall": 0.88,
      "f1_score": 0.9361702127659575,
      "correct": 44,
      "incorrect": 0,
      "missing": 6,
      "hallucinated": 0
    },
    "organizations[0].role": {
      "accuracy": 0.6,
      "precision": 0.6818181818181818,
      "recall": 0.8333333333333334,
      "f1_score": 0.7499999999999999,
      "correct": 30,
      "incorrect": 12,
      "missing": 6,
      "hallucinated": 2
    },
    "organizations[1].name": {
      "accuracy": 0.6666666666666666,
      "precision": 0.9565217391304348,
      "recall": 0.6875,
      "f1_score": 0.8,
      "correct": 22,
      "incorrect": 1,
      "missing": 10,
      "hallucinated": 0
    },
    "organizations[1].role": {
      "accuracy": 0.36363636363636365,
      "precision": 0.5217391304347826,
      "recall": 0.5454545454545454,
      "f1_score": 0.5333333333333332,
      "correct": 12,
      "incorrect": 10,
      "missing": 10,
      "hallucinated": 1
    },
    "organizations[2].name": {
      "accuracy": 0.4666666666666667,
      "precision": 1.0,
      "recall": 0.4666666666666667,
      "f1_score": 0.6363636363636364,
      "correct": 7,
      "incorrect": 0,
      "missing": 8,
      "hallucinated": 0
    },
    "organizations[2].role": {
      "accuracy": 0.26666666666666666,
      "precision": 0.5714285714285714,
      "recall": 0.3333333333333333,
      "f1_score": 0.4210526315789474,
      "correct": 4,
      "incorrect": 3,
      "missing": 8,
      "hallucinated": 0
    },
    "organizations[h0].name": {
      "accuracy": 0.0,
      "precision": 0.0,
      "recall": 0.0,
      "f1_score": 0.0,
      "correct": 0,
      "incorrect": 0,
      "missing": 0,
      "hallucinated": 8
    },
    "organizations[h0].role": {
      "accuracy": 0.0,
      "precision": 0.0,
      "recall": 0.0,
      "f1_score": 0.0,
      "correct": 0,
      "incorrect": 0,
      "missing": 0,
      "hallucinated": 8
    },
    "organizations[h1].name": {
      "accuracy": 0.0,
      "precision": 0.0,
      "recall": 0.0,
      "f1_score": 0.0,
      "correct": 0,
      "incorrect": 0,
      "missing": 0,
      "hallucinated": 14
    },
    "organizations[h1].role": {
      "accuracy": 0.0,
      "precision": 0.0,
      "recall": 0.0,
      "f1_score": 0.0,
      "correct": 0,
      "incorrect": 0,
      "missing": 0,
      "hallucinated": 14
    },
    "organizations[3].name": {
      "accuracy": 0.0,
      "precision": 0.0,
      "recall": 0.0,
      "f1_score": 0.0,
      "correct": 0,
      "incorrect": 0,
      "missing": 3,
      "hallucinated": 0
    },
    "organizations[3].role": {
      "accuracy": 0.0,
      "precision": 0.0,
      "recall": 0.0,
      "f1_score": 0.0,
      "correct": 0,
      "incorrect": 0,
      "missing": 3,
      "hallucinated": 0
    },
    "organizations[h2].name": {
      "accuracy": 0.0,
      "precision": 0.0,
      "recall": 0.0,
      "f1_score": 0.0,
      "correct": 0,
      "incorrect": 0,
      "missing": 0,
      "hallucinated": 3
    },
    "organizations[h2].role": {
      "accuracy": 0.0,
      "precision": 0.0,
      "recall": 0.0,
      "f1_score": 0.0,
      "correct": 0,
      "incorrect": 0,
      "missing": 0,
      "hallucinated": 3
    },
    "organizations[h3].name": {
      "accuracy": 0.0,
      "precision": 0.0,
      "recall": 0.0,
      "f1_score": 0.0,
      "correct": 0,
      "incorrect": 0,
      "missing": 0,
      "hallucinated": 1
    },
    "organizations[h3].role": {
      "accuracy": 0.0,
      "precision": 0.0,
      "recall": 0.0,
      "f1_score": 0.0,
      "correct": 0,
      "incorrect": 0,
      "missing": 0,
      "hallucinated": 1
    },
    "organizations[4].name": {
      "accuracy": 0.0,
      "precision": 0.0,
      "recall": 0.0,
      "f1_score": 0.0,
      "correct": 0,
      "incorrect": 0,
      "missing": 1,
      "hallucinated": 0
    },
    "organizations[4].role": {
      "accuracy": 0.0,
      "precision": 0.0,
      "recall": 0.0,
      "f1_score": 0.0,
      "correct": 0,
      "incorrect": 0,
      "missing": 1,
      "hallucinated": 0
    }
  },
  "error_count": 0
}