{
  "model": "claude-haiku-4-5-20251001",
  "template": "PS3_KI4",
  "total_samples": 50,
  "valid_json_count": 50,
  "json_validity_rate": 1.0,
  "overall_accuracy": 0.79,
  "overall_accuracy_micro": 0.79,
  "overall_precision": 0.8344721859453241,
  "overall_precision_micro": 0.8345864661654135,
  "overall_recall": 0.8794977699594467,
  "overall_recall_micro": 0.8951612903225806,
  "overall_f1": 0.850031898889658,
  "overall_f1_micro": 0.8638132295719845,
  "overall_hallucination_rate": 0.017543859649122806,
  "avg_latency_seconds": 9.000629639625549,
  "field_metrics": {
    "ai_system.deployer": {
      "accuracy": 0.78,
      "precision": 0.8571428571428571,
      "recall": 0.6923076923076923,
      "f1_score": 0.7659574468085107,
      "correct": 18,
      "true_negative": 21,
      "incorrect": 2,
      "missing": 8,
      "hallucinated": 1
    },
    "ai_system.system_type": {
      "accuracy": 0.66,
      "precision": 0.7021276595744681,
      "recall": 0.9166666666666666,
      "f1_score": 0.7951807228915662,
      "correct": 33,
      "true_negative": 0,
      "incorrect": 14,
      "missing": 3,
      "hallucinated": 0
    },
    "ai_system.developer": {
      "accuracy": 0.82,
      "precision": 0.9565217391304348,
      "recall": 0.7333333333333333,
      "f1_score": 0.8301886792452831,
      "correct": 22,
      "true_negative": 19,
      "incorrect": 1,
      "missing": 8,
      "hallucinated": 0
    },
    "ai_system.name": {
      "accuracy": 0.84,
      "precision": 0.7666666666666667,
      "recall": 0.9583333333333334,
      "f1_score": 0.8518518518518519,
      "correct": 23,
      "true_negative": 19,
      "incorrect": 1,
      "missing": 1,
      "hallucinated": 6
    },
    "harm.harm_type": {
      "accuracy": 0.78,
      "precision": 0.8125,
      "recall": 0.9512195121951219,
      "f1_score": 0.8764044943820225,
      "correct": 39,
      "true_negative": 0,
      "incorrect": 9,
      "missing": 2,
      "hallucinated": 0
    },
    "harm.severity": {
      "accuracy": 0.52,
      "precision": 0.6341463414634146,
      "recall": 0.7428571428571429,
      "f1_score": 0.6842105263157895,
      "correct": 26,
      "true_negative": 0,
      "incorrect": 15,
      "missing": 9,
      "hallucinated": 0
    },
    "harm.affected_parties": {
      "accuracy": 0.66,
      "precision": 0.6976744186046512,
      "recall": 0.8823529411764706,
      "f1_score": 0.7792207792207793,
      "correct": 30,
      "true_negative": 3,
      "incorrect": 13,
      "missing": 4,
      "hallucinated": 0
    },
    "event.event_location": {
      "accuracy": 0.98,
      "precision": 1.0,
      "recall": 0.98,
      "f1_score": 0.98989898989899,
      "correct": 49,
      "true_negative": 0,
      "incorrect": 0,
      "missing": 1,
      "hallucinated": 0
    },
    "event.event_date": {
      "accuracy": 0.94,
      "precision": 0.9791666666666666,
      "recall": 0.9591836734693877,
      "f1_score": 0.9690721649484536,
      "correct": 47,
      "true_negative": 0,
      "incorrect": 1,
      "missing": 2,
      "hallucinated": 0
    },
    "event.event_type": {
      "accuracy": 0.92,
      "precision": 0.9387755102040817,
      "recall": 0.9787234042553191,
      "f1_score": 0.9583333333333333,
      "correct": 46,
      "true_negative": 0,
      "incorrect": 3,
      "missing": 1,
      "hallucinated": 0
    },
    "organizations[0].name": {
      "accuracy": 0.9148936170212766,
      "precision": 1.0,
      "recall": 0.9148936170212766,
      "f1_score": 0.9555555555555556,
      "correct": 43,
      "true_negative": 0,
      "incorrect": 0,
      "missing": 4,
      "hallucinated": 0
    },
    "organizations[0].role": {
      "accuracy": 0.6808510638297872,
      "precision": 0.7441860465116279,
      "recall": 0.8888888888888888,
      "f1_score": 0.8101265822784809,
      "correct": 32,
      "true_negative": 0,
      "incorrect": 11,
      "missing": 4,
      "hallucinated": 0
    },
    "organizations[1].name": {
      "accuracy": 0.7272727272727273,
      "precision": 0.9230769230769231,
      "recall": 0.7741935483870968,
      "f1_score": 0.8421052631578947,
      "correct": 24,
      "true_negative": 0,
      "incorrect": 2,
      "missing": 7,
      "hallucinated": 0
    },
    "organizations[1].role": {
      "accuracy": 0.5454545454545454,
      "precision": 0.6923076923076923,
      "recall": 0.72,
      "f1_score": 0.7058823529411765,
      "correct": 18,
      "true_negative": 0,
      "incorrect": 8,
      "missing": 7,
      "hallucinated": 0
    },
    "organizations[2].name": {
      "accuracy": 0.3333333333333333,
      "precision": 1.0,
      "recall": 0.3333333333333333,
      "f1_score": 0.5,
      "correct": 5,
      "true_negative": 0,
      "incorrect": 0,
      "missing": 10,
      "hallucinated": 0
    },
    "organizations[2].role": {
      "accuracy": 0.3333333333333333,
      "precision": 1.0,
      "recall": 0.3333333333333333,
      "f1_score": 0.5,
      "correct": 5,
      "true_negative": 0,
      "incorrect": 0,
      "missing": 10,
      "hallucinated": 0
    },
    "organizations[h3].name": {
      "accuracy": 0.0,
      "precision": 0.0,
      "recall": 0.0,
      "f1_score": 0.0,
      "correct": 0,
      "true_negative": 0,
      "incorrect": 0,
      "missing": 0,
      "hallucinated": 8
    },
    "organizations[h3].role": {
      "accuracy": 0.0,
      "precision": 0.0,
      "recall": 0.0,
      "f1_score": 0.0,
      "correct": 0,
      "true_negative": 0,
      "incorrect": 0,
      "missing": 0,
      "hallucinated": 8
    },
    "organizations[h0].name": {
      "accuracy": 0.0,
      "precision": 0.0,
      "recall": 0.0,
      "f1_score": 0.0,
      "correct": 0,
      "true_negative": 0,
      "incorrect": 0,
      "missing": 0,
      "hallucinated": 5
    },
    "organizations[h0].role": {
      "accuracy": 0.0,
      "precision": 0.0,
      "recall": 0.0,
      "f1_score": 0.0,
      "correct": 0,
      "true_negative": 0,
      "incorrect": 0,
      "missing": 0,
      "hallucinated": 5
    },
    "organizations[h1].name": {
      "accuracy": 0.0,
      "precision": 0.0,
      "recall": 0.0,
      "f1_score": 0.0,
      "correct": 0,
      "true_negative": 0,
      "incorrect": 0,
      "missing": 0,
      "hallucinated": 14
    },
    "organizations[h1].role": {
      "accuracy": 0.0,
      "precision": 0.0,
      "recall": 0.0,
      "f1_score": 0.0,
      "correct": 0,
      "true_negative": 0,
      "incorrect": 0,
      "missing": 0,
      "hallucinated": 14
    },
    "organizations[h2].name": {
      "accuracy": 0.0,
      "precision": 0.0,
      "recall": 0.0,
      "f1_score": 0.0,
      "correct": 0,
      "true_negative": 0,
      "incorrect": 0,
      "missing": 0,
      "hallucinated": 11
    },
    "organizations[h2].role": {
      "accuracy": 0.0,
      "precision": 0.0,
      "recall": 0.0,
      "f1_score": 0.0,
      "correct": 0,
      "true_negative": 0,
      "incorrect": 0,
      "missing": 0,
      "hallucinated": 11
    },
    "incidents": {
      "accuracy": 0.0,
      "precision": 0.0,
      "recall": 0.0,
      "f1_score": 0.0,
      "correct": 0,
      "true_negative": 0,
      "incorrect": 0,
      "missing": 0,
      "hallucinated": 1
    },
    "organizations[3].name": {
      "accuracy": 0.3333333333333333,
      "precision": 1.0,
      "recall": 0.3333333333333333,
      "f1_score": 0.5,
      "correct": 1,
      "true_negative": 0,
      "incorrect": 0,
      "missing": 2,
      "hallucinated": 0
    },
    "organizations[3].role": {
      "accuracy": 0.3333333333333333,
      "precision": 1.0,
      "recall": 0.3333333333333333,
      "f1_score": 0.5,
      "correct": 1,
      "true_negative": 0,
      "incorrect": 0,
      "missing": 2,
      "hallucinated": 0
    },
    "organizations[4].name": {
      "accuracy": 0.0,
      "precision": 0.0,
      "recall": 0.0,
      "f1_score": 0.0,
      "correct": 0,
      "true_negative": 0,