{
  "model": "claude-opus-4-6",
  "template": "PS1_KI4",
  "total_samples": 50,
  "valid_json_count": 50,
  "json_validity_rate": 1.0,
  "overall_accuracy": 0.7780857511283044,
  "overall_accuracy_micro": 0.8124098124098124,
  "overall_precision": 0.9069866401591986,
  "overall_precision_micro": 0.8769470404984424,
  "overall_recall": 0.8558098851924839,
  "overall_recall_micro": 0.9095315024232633,
  "overall_f1": 0.861631442822724,
  "overall_f1_micro": 0.8929421094369548,
  "overall_hallucination_rate": 0.13215258855585832,
  "avg_latency_seconds": 4.098941764831543,
  "field_metrics": {
    "ai_system.name": {
      "accuracy": 0.88,
      "precision": 0.88,
      "recall": 1.0,
      "f1_score": 0.9361702127659575,
      "correct": 44,
      "incorrect": 2,
      "missing": 0,
      "hallucinated": 4
    },
    "ai_system.system_type": {
      "accuracy": 0.82,
      "precision": 0.82,
      "recall": 1.0,
      "f1_score": 0.9010989010989011,
      "correct": 41,
      "incorrect": 9,
      "missing": 0,
      "hallucinated": 0
    },
    "ai_system.developer": {
      "accuracy": 0.9,
      "precision": 1.0,
      "recall": 0.9,
      "f1_score": 0.9473684210526316,
      "correct": 45,
      "incorrect": 0,
      "missing": 5,
      "hallucinated": 0
    },
    "ai_system.deployer": {
      "accuracy": 0.84,
      "precision": 0.9333333333333333,
      "recall": 0.8936170212765957,
      "f1_score": 0.9130434782608695,
      "correct": 42,
      "incorrect": 2,
      "missing": 5,
      "hallucinated": 1
    },
    "organizations[0].name": {
      "accuracy": 0.9574468085106383,
      "precision": 1.0,
      "recall": 0.9574468085106383,
      "f1_score": 0.9782608695652174,
      "correct": 45,
      "incorrect": 0,
      "missing": 2,
      "hallucinated": 0
    },
    "organizations[0].role": {
      "accuracy": 0.8085106382978723,
      "precision": 0.8444444444444444,
      "recall": 0.95,
      "f1_score": 0.8941176470588236,
      "correct": 38,
      "incorrect": 7,
      "missing": 2,
      "hallucinated": 0
    },
    "organizations[1].name": {
      "accuracy": 0.7878787878787878,
      "precision": 0.9629629629629629,
      "recall": 0.8125,
      "f1_score": 0.8813559322033898,
      "correct": 26,
      "incorrect": 1,
      "missing": 6,
      "hallucinated": 0
    },
    "organizations[1].role": {
      "accuracy": 0.45454545454545453,
      "precision": 0.5555555555555556,
      "recall": 0.7142857142857143,
      "f1_score": 0.6250000000000001,
      "correct": 15,
      "incorrect": 12,
      "missing": 6,
      "hallucinated": 0
    },
    "organizations[2].name": {
      "accuracy": 0.4,
      "precision": 1.0,
      "recall": 0.4,
      "f1_score": 0.5714285714285715,
      "correct": 6,
      "incorrect": 0,
      "missing": 9,
      "hallucinated": 0
    },
    "organizations[2].role": {
      "accuracy": 0.4,
      "precision": 1.0,
      "recall": 0.4,
      "f1_score": 0.5714285714285715,
      "correct": 6,
      "incorrect": 0,
      "missing": 9,
      "hallucinated": 0
    },
    "harm.harm_type": {
      "accuracy": 0.76,
      "precision": 0.7755102040816326,
      "recall": 0.9743589743589743,
      "f1_score": 0.8636363636363635,
      "correct": 38,
      "incorrect": 11,
      "missing": 1,
      "hallucinated": 0
    },
    "harm.severity": {
      "accuracy": 0.68,
      "precision": 0.7083333333333334,
      "recall": 0.9444444444444444,
      "f1_score": 0.8095238095238096,
      "correct": 34,
      "incorrect": 14,
      "missing": 2,
      "hallucinated": 0
    },
    "harm.affected_parties": {
      "accuracy": 0.7,
      "precision": 0.7608695652173914,
      "recall": 0.8974358974358975,
      "f1_score": 0.8235294117647058,
      "correct": 35,
      "incorrect": 11,
      "missing": 4,
      "hallucinated": 0
    },
    "event.event_date": {
      "accuracy": 0.92,
      "precision": 0.9787234042553191,
      "recall": 0.9387755102040817,
      "f1_score": 0.9583333333333333,
      "correct": 46,
      "incorrect": 1,
      "missing": 3,
      "hallucinated": 0
    },
    "event.event_type": {
      "accuracy": 0.92,
      "precision": 0.92,
      "recall": 1.0,
      "f1_score": 0.9583333333333334,
      "correct": 46,
      "incorrect": 4,
      "missing": 0,
      "hallucinated": 0
    },
    "event.event_location": {
      "accuracy": 1.0,
      "precision": 1.0,
      "recall": 1.0,
      "f1_score": 1.0,
      "correct": 50,
      "incorrect": 0,
      "missing": 0,
      "hallucinated": 0
    },
    "organizations[h0].name": {
      "accuracy": 0.0,
      "precision": 0.0,
      "recall": 0.0,
      "f1_score": 0.0,
      "correct": 0,
      "incorrect": 0,
      "missing": 0,
      "hallucinated": 5
    },
    "organizations[h0].role": {
      "accuracy": 0.0,
      "precision": 0.0,
      "recall": 0.0,
      "f1_score": 0.0,
      "correct": 0,
      "incorrect": 0,
      "missing": 0,
      "hallucinated": 5
    },
    "organizations[h1].name": {
      "accuracy": 0.0,
      "precision": 0.0,
      "recall": 0.0,
      "f1_score": 0.0,
      "correct": 0,
      "incorrect": 0,
      "missing": 0,
      "hallucinated": 14
    },
    "organizations[h1].role": {
      "accuracy": 0.0,
      "precision": 0.0,
      "recall": 0.0,
      "f1_score": 0.0,
      "correct": 0,
      "incorrect": 0,
      "missing": 0,
      "hallucinated": 14
    },
    "organizations[h2].name": {
      "accuracy": 0.0,
      "precision": 0.0,
      "recall": 0.0,
      "f1_score": 0.0,
      "correct": 0,
      "incorrect": 0,
      "missing": 0,
      "hallucinated": 17
    },
    "organizations[h2].role": {
      "accuracy": 0.0,
      "precision": 0.0,
      "recall": 0.0,
      "f1_score": 0.0,
      "correct": 0,
      "incorrect": 0,
      "missing": 0,
      "hallucinated": 17
    },
    "organizations[h3].name": {
      "accuracy": 0.0,
      "precision": 0.0,
      "recall": 0.0,
      "f1_score": 0.0,
      "correct": 0,
      "incorrect": 0,
      "missing": 0,
      "hallucinated": 7
    },
    "organizations[h3].role": {
      "accuracy": 0.0,
      "precision": 0.0,
      "recall": 0.0,
      "f1_score": 0.0,
      "correct": 0,
      "incorrect": 0,
      "missing": 0,
      "hallucinated": 7
    },
    "organizations[h4].name": {
      "accuracy": 0.0,
      "precision": 0.0,
      "recall": 0.0,
      "f1_score": 0.0,
      "correct": 0,
      "incorrect": 0,
      "missing": 0,
      "hallucinated": 2
    },
    "organizations[h4].role": {
      "accuracy": 0.0,
      "precision": 0.0,
      "recall": 0.0,
      "f1_score": 0.0,
      "correct": 0,
      "incorrect": 0,
      "missing": 0,
      "hallucinated": 2
    },
    "organizations[3].name": {
      "accuracy": 0.6666666666666666,
      "precision": 1.0,
      "recall": 0.6666666666666666,
      "f1_score": 0.8,
      "correct": 2,
      "incorrect": 0,
      "missing": 1,
      "hallucinated": 0
    },
    "organizations[3].role": {
      "accuracy": 0.6666666666666666,
      "precision": 1.0,
      "recall": 0.6666666666666666,
      "f1_score": 0.8,
      "correct": 2,
      "incorrect": 0,
      "missing": 1,
      "hallucinated": 0
    },
    "organizations[4].name": {
      "accuracy": 1.0,
      "precision": 1.0,
      "recall": 1.0,
      "f1_score": 1.0,
      "correct": 1,
      "incorrect": 0,
      "missing": 0,
      "hallucinated": 0
    },
    "organizations[4].role": {
      "accuracy": 1.0,
      "precision": 1.0,
      "recall": 1.0,
      "f1_score": 1.0,
      "correct": 1,
      "incorrect": 0,
      "missing": 0,
      "hallucinated": 0
    },
    "organizations[h5].name": {
      "accuracy": 0.0,
      "precision": 0.0,
      "recall": 0.0,
      "f1_score": 0.0,
      "correct": 0,
      "incorrect": 0,
      "missing": 0,
      "hallucinated": 1
    },
    "organizations[h5].role": {
      "accuracy": 0.0,
      "precision": 0.0,
      "recall": 0.0,
      "f1_score": 0.0,
      "correct": 0,