{
  "model": "llama3.1:8b",
  "template": "PS3_KI1",
  "total_samples": 50,
  "valid_json_count": 50,
  "json_validity_rate": 1.0,
  "overall_accuracy": 0.27538749194068346,
  "overall_accuracy_micro": 0.3656387665198238,
  "overall_precision": 0.45131248656780576,
  "overall_precision_micro": 0.6272040302267002,
  "overall_recall": 0.3268132183079208,
  "overall_recall_micro": 0.4527272727272727,
  "overall_f1": 0.34844904723565445,
  "overall_f1_micro": 0.5258711721224921,
  "overall_hallucination_rate": 0.13043478260869565,
  "avg_latency_seconds": 14.459409379959107,
  "field_metrics": {
    "ai_system.name": {
      "accuracy": 0.56,
      "precision": 0.5957446808510638,
      "recall": 0.9032258064516129,
      "f1_score": 0.7179487179487178,
      "correct": 28,
      "incorrect": 2,
      "missing": 3,
      "hallucinated": 17
    },
    "ai_system.system_type": {
      "accuracy": 0.06,
      "precision": 0.06818181818181818,
      "recall": 0.3333333333333333,
      "f1_score": 0.11320754716981131,
      "correct": 3,
      "incorrect": 41,
      "missing": 6,
      "hallucinated": 0
    },
    "ai_system.developer": {
      "accuracy": 0.42,
      "precision": 0.9545454545454546,
      "recall": 0.42857142857142855,
      "f1_score": 0.5915492957746478,
      "correct": 21,
      "incorrect": 1,
      "missing": 28,
      "hallucinated": 0
    },
    "ai_system.deployer": {
      "accuracy": 0.46,
      "precision": 1.0,
      "recall": 0.46,
      "f1_score": 0.6301369863013699,
      "correct": 23,
      "incorrect": 0,
      "missing": 27,
      "hallucinated": 0
    },
    "organizations[0].name": {
      "accuracy": 0.7021276595744681,
      "precision": 1.0,
      "recall": 0.7021276595744681,
      "f1_score": 0.825,
      "correct": 33,
      "incorrect": 0,
      "missing": 14,
      "hallucinated": 0
    },
    "organizations[0].role": {
      "accuracy": 0.2553191489361702,
      "precision": 0.375,
      "recall": 0.4444444444444444,
      "f1_score": 0.4067796610169491,
      "correct": 12,
      "incorrect": 20,
      "missing": 15,
      "hallucinated": 0
    },
    "organizations[1].name": {
      "accuracy": 0.5151515151515151,
      "precision": 1.0,
      "recall": 0.5151515151515151,
      "f1_score": 0.6799999999999999,
      "correct": 17,
      "incorrect": 0,
      "missing": 16,
      "hallucinated": 0
    },
    "organizations[1].role": {
      "accuracy": 0.18181818181818182,
      "precision": 0.375,
      "recall": 0.2608695652173913,
      "f1_score": 0.30769230769230765,
      "correct": 6,
      "incorrect": 10,
      "missing": 17,
      "hallucinated": 0
    },
    "organizations[2].name": {
      "accuracy": 0.3333333333333333,
      "precision": 1.0,
      "recall": 0.3333333333333333,
      "f1_score": 0.5,
      "correct": 5,
      "incorrect": 0,
      "missing": 10,
      "hallucinated": 0
    },
    "organizations[2].role": {
      "accuracy": 0.0,
      "precision": 0.0,
      "recall": 0.0,
      "f1_score": 0.0,
      "correct": 0,
      "incorrect": 4,
      "missing": 11,
      "hallucinated": 0
    },
    "harm.affected_parties": {
      "accuracy": 0.1,
      "precision": 0.5555555555555556,
      "recall": 0.10869565217391304,
      "f1_score": 0.1818181818181818,
      "correct": 5,
      "incorrect": 4,
      "missing": 41,
      "hallucinated": 0
    },
    "harm.harm_type": {
      "accuracy": 0.0,
      "precision": 0.0,
      "recall": 0.0,
      "f1_score": 0.0,
      "correct": 0,
      "incorrect": 32,
      "missing": 18,
      "hallucinated": 0
    },
    "harm.severity": {
      "accuracy": 0.04,
      "precision": 0.2222222222222222,
      "recall": 0.046511627906976744,
      "f1_score": 0.07692307692307693,
      "correct": 2,
      "incorrect": 7,
      "missing": 41,
      "hallucinated": 0
    },
    "event.event_date": {
      "accuracy": 0.96,
      "precision": 0.96,
      "recall": 1.0,
      "f1_score": 0.9795918367346939,
      "correct": 48,
      "incorrect": 2,
      "missing": 0,
      "hallucinated": 0
    },
    "event.event_type": {
      "accuracy": 0.0,
      "precision": 0.0,
      "recall": 0.0,
      "f1_score": 0.0,
      "correct": 0,
      "incorrect": 4,
      "missing": 46,
      "hallucinated": 0
    },
    "event.event_location": {
      "accuracy": 0.92,
      "precision": 0.92,
      "recall": 1.0,
      "f1_score": 0.9583333333333334,
      "correct": 46,
      "incorrect": 4,
      "missing": 0,
      "hallucinated": 0
    },
    "organizations[h0].name": {
      "accuracy": 0.0,
      "precision": 0.0,
      "recall": 0.0,
      "f1_score": 0.0,
      "correct": 0,
      "incorrect": 0,
      "missing": 0,
      "hallucinated": 11
    },
    "organizations[h0].role": {
      "accuracy": 0.0,
      "precision": 0.0,
      "recall": 0.0,
      "f1_score": 0.0,
      "correct": 0,
      "incorrect": 0,
      "missing": 0,
      "hallucinated": 11
    },
    "organizations[h1].name": {
      "accuracy": 0.0,
      "precision": 0.0,
      "recall": 0.0,
      "f1_score": 0.0,
      "correct": 0,
      "incorrect": 0,
      "missing": 0,
      "hallucinated": 7
    },
    "organizations[h1].role": {
      "accuracy": 0.0,
      "precision": 0.0,
      "recall": 0.0,
      "f1_score": 0.0,
      "correct": 0,
      "incorrect": 0,
      "missing": 0,
      "hallucinated": 7
    },
    "organizations[h2].name": {
      "accuracy": 0.0,
      "precision": 0.0,
      "recall": 0.0,
      "f1_score": 0.0,
      "correct": 0,
      "incorrect": 0,
      "missing": 0,
      "hallucinated": 2
    },
    "organizations[h2].role": {
      "accuracy": 0.0,
      "precision": 0.0,
      "recall": 0.0,
      "f1_score": 0.0,
      "correct": 0,
      "incorrect": 0,
      "missing": 0,
      "hallucinated": 2
    },
    "organizations[3].name": {
      "accuracy": 0.0,
      "precision": 0.0,
      "recall": 0.0,
      "f1_score": 0.0,
      "correct": 0,
      "incorrect": 0,
      "missing": 3,
      "hallucinated": 0
    },
    "organizations[3].role": {
      "accuracy": 0.0,
      "precision": 0.0,
      "recall": 0.0,
      "f1_score": 0.0,
      "correct": 0,
      "incorrect": 0,
      "missing": 3,
      "hallucinated": 0
    },
    "organizations[4].name": {
      "accuracy": 0.0,
      "precision": 0.0,
      "recall": 0.0,
      "f1_score": 0.0,
      "correct": 0,
      "incorrect": 0,
      "missing": 1,
      "hallucinated": 0
    },
    "organizations[4].role": {
      "accuracy": 0.0,
      "precision": 0.0,
      "recall": 0.0,
      "f1_score": 0.0,
      "correct": 0,
      "incorrect": 0,
      "missing": 1,
      "hallucinated": 0
    }
  },
  "error_count": 0
}