{
  "model": "llama3.1:8b",
  "template": "PS1_KI2",
  "total_samples": 50,
  "valid_json_count": 50,
  "json_validity_rate": 1.0,
  "overall_accuracy": 0.451030303030303,
  "overall_precision": 0.6346584452236541,
  "overall_recall": 0.5934896059588601,
  "overall_f1": 0.573880255362414,
  "overall_hallucination_rate": 0.16530278232405893,
  "avg_latency_seconds": 6.946198396682739,
  "field_metrics": {
    "ai_system.developer": {
      "accuracy": 0.72,
      "precision": 0.75,
      "recall": 0.9473684210526315,
      "f1_score": 0.8372093023255814,
      "correct": 36,
      "incorrect": 5,
      "missing": 2,
      "hallucinated": 7
    },
    "ai_system.name": {
      "accuracy": 0.7,
      "precision": 0.7,
      "recall": 1.0,
      "f1_score": 0.8235294117647058,
      "correct": 35,
      "incorrect": 2,
      "missing": 0,
      "hallucinated": 13
    },
    "ai_system.deployer": {
      "accuracy": 0.4,
      "precision": 0.47619047619047616,
      "recall": 0.7142857142857143,
      "f1_score": 0.5714285714285714,
      "correct": 20,
      "incorrect": 6,
      "missing": 8,
      "hallucinated": 16
    },
    "ai_system.system_type": {
      "accuracy": 0.7,
      "precision": 0.7,
      "recall": 1.0,
      "f1_score": 0.8235294117647058,
      "correct": 35,
      "incorrect": 14,
      "missing": 0,
      "hallucinated": 1
    },
    "event.event_location": {
      "accuracy": 0.36,
      "precision": 0.6,
      "recall": 0.47368421052631576,
      "f1_score": 0.5294117647058824,
      "correct": 18,
      "incorrect": 12,
      "missing": 20,
      "hallucinated": 0
    },
    "event.event_type": {
      "accuracy": 0.74,
      "precision": 0.7708333333333334,
      "recall": 0.9487179487179487,
      "f1_score": 0.8505747126436781,
      "correct": 37,
      "incorrect": 11,
      "missing": 2,
      "hallucinated": 0
    },
    "event.event_date": {
      "accuracy": 0.0,
      "precision": 0.0,
      "recall": 0.0,
      "f1_score": 0.0,
      "correct": 0,
      "incorrect": 0,
      "missing": 50,
      "hallucinated": 0
    },
    "harm.severity": {
      "accuracy": 0.46,
      "precision": 0.5,
      "recall": 0.8518518518518519,
      "f1_score": 0.6301369863013698,
      "correct": 23,
      "incorrect": 23,
      "missing": 4,
      "hallucinated": 0
    },
    "harm.harm_type": {
      "accuracy": 0.66,
      "precision": 0.7021276595744681,
      "recall": 0.9166666666666666,
      "f1_score": 0.7951807228915662,
      "correct": 33,
      "incorrect": 14,
      "missing": 3,
      "hallucinated": 0
    },
    "harm.affected_parties": {
      "accuracy": 0.64,
      "precision": 0.6666666666666666,
      "recall": 0.9411764705882353,
      "f1_score": 0.7804878048780487,
      "correct": 32,
      "incorrect": 15,
      "missing": 2,
      "hallucinated": 1
    },
    "organizations[0].name": {
      "accuracy": 0.8,
      "precision": 0.975609756097561,
      "recall": 0.8163265306122449,
      "f1_score": 0.888888888888889,
      "correct": 40,
      "incorrect": 1,
      "missing": 9,
      "hallucinated": 0
    },
    "organizations[0].role": {
      "accuracy": 0.58,
      "precision": 0.6904761904761905,
      "recall": 0.7837837837837838,
      "f1_score": 0.7341772151898734,
      "correct": 29,
      "incorrect": 12,
      "missing": 8,
      "hallucinated": 1
    },
    "organizations[1].name": {
      "accuracy": 0.6060606060606061,
      "precision": 0.9090909090909091,
      "recall": 0.6451612903225806,
      "f1_score": 0.7547169811320754,
      "correct": 20,
      "incorrect": 2,
      "missing": 11,
      "hallucinated": 0
    },
    "organizations[1].role": {
      "accuracy": 0.45454545454545453,
      "precision": 0.6521739130434783,
      "recall": 0.6,
      "f1_score": 0.6250000000000001,
      "correct": 15,
      "incorrect": 8,
      "missing": 10,
      "hallucinated": 0
    },
    "organizations[2].name": {
      "accuracy": 0.3333333333333333,
      "precision": 1.0,
      "recall": 0.3333333333333333,
      "f1_score": 0.5,
      "correct": 5,
      "incorrect": 0,
      "missing": 10,
      "hallucinated": 0
    },
    "organizations[2].role": {
      "accuracy": 0.2,
      "precision": 0.6,
      "recall": 0.23076923076923078,
      "f1_score": 0.33333333333333337,
      "correct": 3,
      "incorrect": 2,
      "missing": 10,
      "hallucinated": 0
    },
    "organizations[h0].name": {
      "accuracy": 0.0,
      "precision": 0.0,
      "recall": 0.0,
      "f1_score": 0.0,
      "correct": 0,
      "incorrect": 0,
      "missing": 0,
      "hallucinated": 12
    },
    "organizations[h0].role": {
      "accuracy": 0.0,
      "precision": 0.0,
      "recall": 0.0,
      "f1_score": 0.0,
      "correct": 0,
      "incorrect": 0,
      "missing": 0,
      "hallucinated": 12
    },
    "organizations[h1].name": {
      "accuracy": 0.0,
      "precision": 0.0,
      "recall": 0.0,
      "f1_score": 0.0,
      "correct": 0,
      "incorrect": 0,
      "missing": 0,
      "hallucinated": 17
    },
    "organizations[h1].role": {
      "accuracy": 0.0,
      "precision": 0.0,
      "recall": 0.0,
      "f1_score": 0.0,
      "correct": 0,
      "incorrect": 0,
      "missing": 0,
      "hallucinated": 17
    },
    "organizations[h2].name": {
      "accuracy": 0.0,
      "precision": 0.0,
      "recall": 0.0,
      "f1_score": 0.0,
      "correct": 0,
      "incorrect": 0,
      "missing": 0,
      "hallucinated": 2
    },
    "organizations[h2].role": {
      "accuracy": 0.0,
      "precision": 0.0,
      "recall": 0.0,
      "f1_score": 0.0,
      "correct": 0,
      "incorrect": 0,
      "missing": 0,
      "hallucinated": 2
    },
    "organizations[3].name": {
      "accuracy": 0.3333333333333333,
      "precision": 1.0,
      "recall": 0.3333333333333333,
      "f1_score": 0.5,
      "correct": 1,
      "incorrect": 0,
      "missing": 2,
      "hallucinated": 0
    },
    "organizations[3].role": {
      "accuracy": 0.3333333333333333,
      "precision": 1.0,
      "recall": 0.3333333333333333,
      "f1_score": 0.5,
      "correct": 1,
      "incorrect": 0,
      "missing": 2,
      "hallucinated": 0
    },
    "organizations[4].name": {
      "accuracy": 0.0,
      "precision": 0.0,
      "recall": 0.0,
      "f1_score": 0.0,
      "correct": 0,
      "incorrect": 0,
      "missing": 1,
      "hallucinated": 0
    },
    "organizations[4].role": {
      "accuracy": 0.0,
      "precision": 0.0,
      "recall": 0.0,
      "f1_score": 0.0,
      "correct": 0,
      "incorrect": 0,
      "missing": 1,
      "hallucinated": 0
    }
  },
  "error_count": 0
}