{
  "model": "claude-haiku-4-5-20251001",
  "template": "PS1_KI3",
  "total_samples": 50,
  "valid_json_count": 50,
  "json_validity_rate": 1.0,
  "overall_accuracy": 0.5340315004144791,
  "overall_precision": 0.7094341966019707,
  "overall_recall": 0.612308039028122,
  "overall_f1": 0.6321663656098692,
  "overall_hallucination_rate": 0.14756671899529042,
  "avg_latency_seconds": 1.741086950302124,
  "field_metrics": {
    "ai_system.developer": {
      "accuracy": 0.84,
      "precision": 0.9767441860465116,
      "recall": 0.8571428571428571,
      "f1_score": 0.9130434782608695,
      "correct": 42,
      "incorrect": 1,
      "missing": 7,
      "hallucinated": 0
    },
    "ai_system.name": {
      "accuracy": 0.84,
      "precision": 0.875,
      "recall": 0.9545454545454546,
      "f1_score": 0.9130434782608695,
      "correct": 42,
      "incorrect": 0,
      "missing": 2,
      "hallucinated": 6
    },
    "ai_system.deployer": {
      "accuracy": 0.76,
      "precision": 0.9047619047619048,
      "recall": 0.8260869565217391,
      "f1_score": 0.8636363636363636,
      "correct": 38,
      "incorrect": 3,
      "missing": 8,
      "hallucinated": 1
    },
    "ai_system.system_type": {
      "accuracy": 0.7,
      "precision": 0.7291666666666666,
      "recall": 0.9459459459459459,
      "f1_score": 0.8235294117647058,
      "correct": 35,
      "incorrect": 12,
      "missing": 2,
      "hallucinated": 1
    },
    "event.event_location": {
      "accuracy": 0.5,
      "precision": 0.9615384615384616,
      "recall": 0.5102040816326531,
      "f1_score": 0.6666666666666667,
      "correct": 25,
      "incorrect": 1,
      "missing": 24,
      "hallucinated": 0
    },
    "event.event_type": {
      "accuracy": 0.84,
      "precision": 0.875,
      "recall": 0.9545454545454546,
      "f1_score": 0.9130434782608695,
      "correct": 42,
      "incorrect": 6,
      "missing": 2,
      "hallucinated": 0
    },
    "event.event_date": {
      "accuracy": 0.0,
      "precision": 0.0,
      "recall": 0.0,
      "f1_score": 0.0,
      "correct": 0,
      "incorrect": 1,
      "missing": 49,
      "hallucinated": 0
    },
    "harm.severity": {
      "accuracy": 0.62,
      "precision": 0.6888888888888889,
      "recall": 0.8611111111111112,
      "f1_score": 0.7654320987654321,
      "correct": 31,
      "incorrect": 14,
      "missing": 5,
      "hallucinated": 0
    },
    "harm.harm_type": {
      "accuracy": 0.8,
      "precision": 0.8333333333333334,
      "recall": 0.9523809523809523,
      "f1_score": 0.888888888888889,
      "correct": 40,
      "incorrect": 8,
      "missing": 2,
      "hallucinated": 0
    },
    "harm.affected_parties": {
      "accuracy": 0.64,
      "precision": 0.7272727272727273,
      "recall": 0.8421052631578947,
      "f1_score": 0.7804878048780488,
      "correct": 32,
      "incorrect": 12,
      "missing": 6,
      "hallucinated": 0
    },
    "organizations[0].name": {
      "accuracy": 0.9148936170212766,
      "precision": 1.0,
      "recall": 0.9148936170212766,
      "f1_score": 0.9555555555555556,
      "correct": 43,
      "incorrect": 0,
      "missing": 4,
      "hallucinated": 0
    },
    "organizations[0].role": {
      "accuracy": 0.723404255319149,
      "precision": 0.7906976744186046,
      "recall": 0.8947368421052632,
      "f1_score": 0.8395061728395061,
      "correct": 34,
      "incorrect": 8,
      "missing": 4,
      "hallucinated": 1
    },
    "organizations[1].name": {
      "accuracy": 0.7878787878787878,
      "precision": 0.9285714285714286,
      "recall": 0.8387096774193549,
      "f1_score": 0.8813559322033899,
      "correct": 26,
      "incorrect": 2,
      "missing": 5,
      "hallucinated": 0
    },
    "organizations[1].role": {
      "accuracy": 0.5151515151515151,
      "precision": 0.6071428571428571,
      "recall": 0.7727272727272727,
      "f1_score": 0.68,
      "correct": 17,
      "incorrect": 10,
      "missing": 5,
      "hallucinated": 1
    },
    "organizations[2].name": {
      "accuracy": 0.5333333333333333,
      "precision": 1.0,
      "recall": 0.5333333333333333,
      "f1_score": 0.6956521739130436,
      "correct": 8,
      "incorrect": 0,
      "missing": 7,
      "hallucinated": 0
    },
    "organizations[2].role": {
      "accuracy": 0.5333333333333333,
      "precision": 1.0,
      "recall": 0.5333333333333333,
      "f1_score": 0.6956521739130436,
      "correct": 8,
      "incorrect": 0,
      "missing": 7,
      "hallucinated": 0
    },
    "organizations[h3].name": {
      "accuracy": 0.0,
      "precision": 0.0,
      "recall": 0.0,
      "f1_score": 0.0,
      "correct": 0,
      "incorrect": 0,
      "missing": 0,
      "hallucinated": 8
    },
    "organizations[h3].role": {
      "accuracy": 0.0,
      "precision": 0.0,
      "recall": 0.0,
      "f1_score": 0.0,
      "correct": 0,
      "incorrect": 0,
      "missing": 0,
      "hallucinated": 8
    },
    "organizations[h0].name": {
      "accuracy": 0.0,
      "precision": 0.0,
      "recall": 0.0,
      "f1_score": 0.0,
      "correct": 0,
      "incorrect": 0,
      "missing": 0,
      "hallucinated": 5
    },
    "organizations[h0].role": {
      "accuracy": 0.0,
      "precision": 0.0,
      "recall": 0.0,
      "f1_score": 0.0,
      "correct": 0,
      "incorrect": 0,
      "missing": 0,
      "hallucinated": 5
    },
    "organizations[h1].name": {
      "accuracy": 0.0,
      "precision": 0.0,
      "recall": 0.0,
      "f1_score": 0.0,
      "correct": 0,
      "incorrect": 0,
      "missing": 0,
      "hallucinated": 15
    },
    "organizations[h1].role": {
      "accuracy": 0.0,
      "precision": 0.0,
      "recall": 0.0,
      "f1_score": 0.0,
      "correct": 0,
      "incorrect": 0,
      "missing": 0,
      "hallucinated": 15
    },
    "organizations[h2].name": {
      "accuracy": 0.0,
      "precision": 0.0,
      "recall": 0.0,
      "f1_score": 0.0,
      "correct": 0,
      "incorrect": 0,
      "missing": 0,
      "hallucinated": 12
    },
    "organizations[h2].role": {
      "accuracy": 0.0,
      "precision": 0.0,
      "recall": 0.0,
      "f1_score": 0.0,
      "correct": 0,
      "incorrect": 0,
      "missing": 0,
      "hallucinated": 12
    },
    "incidents": {
      "accuracy": 0.0,
      "precision": 0.0,
      "recall": 0.0,
      "f1_score": 0.0,
      "correct": 0,
      "incorrect": 0,
      "missing": 0,
      "hallucinated": 2
    },
    "organizations[3].name": {
      "accuracy": 0.3333333333333333,
      "precision": 1.0,
      "recall": 0.3333333333333333,
      "f1_score": 0.5,
      "correct": 1,
      "incorrect": 0,
      "missing": 2,
      "hallucinated": 0
    },
    "organizations[3].role": {
      "accuracy": 0.3333333333333333,
      "precision": 1.0,
      "recall": 0.3333333333333333,
      "f1_score": 0.5,
      "correct": 1,
      "incorrect": 0,
      "missing": 2,
      "hallucinated": 0
    },
    "organizations[h4].name": {
      "accuracy": 0.0,
      "precision": 0.0,
      "recall": 0.0,
      "f1_score": 0.0,
      "correct": 0,
      "incorrect": 0,
      "missing": 0,
      "hallucinated": 1
    },
    "organizations[h4].role": {
      "accuracy": 0.0,
      "precision": 0.0,
      "recall": 0.0,
      "f1_score": 0.0,
      "correct": 0,
      "incorrect": 0,
      "missing": 0,
      "hallucinated": 1
    },
    "organizations[4].name": {
      "accuracy": 0.0,
      "precision": 0.0,
      "recall": 0.0,
      "f1_score": 0.0,
      "correct": 0,
      "incorrect": 0,
      "missing": 1,
      "hallucinated": 0
    },
    "organizations[4].role": {
      "accuracy": 0.0,
      "precision": 0.0,
      "recall": 0.0,
      "f1_score": 0.0,
      "correct": 0,
      "incorrect": 0,
      "missing": 1,
      "hallucinated": 0
    }
  },
  "error_count": 0
}