{
  "model": "claude-haiku-4-5-20251001",
  "template": "PS3_KI3",
  "total_samples": 50,
  "valid_json_count": 50,
  "json_validity_rate": 1.0,
  "overall_accuracy": 0.5345454545454545,
  "overall_accuracy_micro": 0.48902195608782434,
  "overall_precision": 0.614887088533804,
  "overall_precision_micro": 0.6234096692111959,
  "overall_recall": 0.6082375383496296,
  "overall_recall_micro": 0.6940509915014165,
  "overall_f1": 0.5883824446708397,
  "overall_f1_micro": 0.6568364611260055,
  "overall_hallucination_rate": 0.017811704834605598,
  "avg_latency_seconds": 3.905163884162903,
  "field_metrics": {
    "organizations[0].name": {
      "accuracy": 0.8936170212765957,
      "precision": 1.0,
      "recall": 0.8936170212765957,
      "f1_score": 0.9438202247191011,
      "correct": 42,
      "incorrect": 0,
      "missing": 5,
      "hallucinated": 0
    },
    "organizations[0].role": {
      "accuracy": 0.19148936170212766,
      "precision": 0.21428571428571427,
      "recall": 0.6428571428571429,
      "f1_score": 0.32142857142857145,
      "correct": 9,
      "incorrect": 33,
      "missing": 5,
      "hallucinated": 0
    },
    "organizations[1].name": {
      "accuracy": 0.7878787878787878,
      "precision": 0.9629629629629629,
      "recall": 0.8125,
      "f1_score": 0.8813559322033898,
      "correct": 26,
      "incorrect": 1,
      "missing": 6,
      "hallucinated": 0
    },
    "organizations[1].role": {
      "accuracy": 0.12121212121212122,
      "precision": 0.14814814814814814,
      "recall": 0.4,
      "f1_score": 0.21621621621621623,
      "correct": 4,
      "incorrect": 23,
      "missing": 6,
      "hallucinated": 0
    },
    "organizations[2].name": {
      "accuracy": 0.3333333333333333,
      "precision": 1.0,
      "recall": 0.3333333333333333,
      "f1_score": 0.5,
      "correct": 5,
      "incorrect": 0,
      "missing": 10,
      "hallucinated": 0
    },
    "organizations[2].role": {
      "accuracy": 0.06666666666666667,
      "precision": 0.2,
      "recall": 0.09090909090909091,
      "f1_score": 0.12500000000000003,
      "correct": 1,
      "incorrect": 4,
      "missing": 10,
      "hallucinated": 0
    },
    "event.event_type": {
      "accuracy": 0.0,
      "precision": 0.0,
      "recall": 0.0,
      "f1_score": 0.0,
      "correct": 0,
      "incorrect": 40,
      "missing": 10,
      "hallucinated": 0
    },
    "event.event_date": {
      "accuracy": 0.9,
      "precision": 0.9375,
      "recall": 0.9574468085106383,
      "f1_score": 0.9473684210526315,
      "correct": 45,
      "incorrect": 3,
      "missing": 2,
      "hallucinated": 0
    },
    "event.event_location": {
      "accuracy": 0.94,
      "precision": 0.9791666666666666,
      "recall": 0.9591836734693877,
      "f1_score": 0.9690721649484536,
      "correct": 47,
      "incorrect": 1,
      "missing": 2,
      "hallucinated": 0
    },
    "harm.severity": {
      "accuracy": 0.02,
      "precision": 0.3333333333333333,
      "recall": 0.020833333333333332,
      "f1_score": 0.0392156862745098,
      "correct": 1,
      "incorrect": 2,
      "missing": 47,
      "hallucinated": 0
    },
    "harm.harm_type": {
      "accuracy": 0.02,
      "precision": 0.02127659574468085,
      "recall": 0.25,
      "f1_score": 0.0392156862745098,
      "correct": 1,
      "incorrect": 46,
      "missing": 3,
      "hallucinated": 0
    },
    "harm.affected_parties": {
      "accuracy": 0.58,
      "precision": 0.7073170731707317,
      "recall": 0.7631578947368421,
      "f1_score": 0.7341772151898733,
      "correct": 29,
      "incorrect": 12,
      "missing": 9,
      "hallucinated": 0
    },
    "ai_system.name": {
      "accuracy": 0.86,
      "precision": 0.8775510204081632,
      "recall": 0.9772727272727273,
      "f1_score": 0.9247311827956989,
      "correct": 43,
      "incorrect": 2,
      "missing": 1,
      "hallucinated": 4
    },
    "ai_system.system_type": {
      "accuracy": 0.06,
      "precision": 0.08823529411764706,
      "recall": 0.15789473684210525,
      "f1_score": 0.11320754716981131,
      "correct": 3,
      "incorrect": 31,
      "missing": 16,
      "hallucinated": 0
    },
    "ai_system.developer": {
      "accuracy": 0.86,
      "precision": 0.9772727272727273,
      "recall": 0.8775510204081632,
      "f1_score": 0.9247311827956989,
      "correct": 43,
      "incorrect": 1,
      "missing": 6,
      "hallucinated": 0
    },
    "ai_system.deployer": {
      "accuracy": 0.64,
      "precision": 0.8421052631578947,
      "recall": 0.7272727272727273,
      "f1_score": 0.7804878048780488,
      "correct": 32,
      "incorrect": 3,
      "missing": 12,
      "hallucinated": 3
    },
    "organizations[h0].name": {
      "accuracy": 0.0,
      "precision": 0.0,
      "recall": 0.0,
      "f1_score": 0.0,
      "correct": 0,
      "incorrect": 0,
      "missing": 0,
      "hallucinated": 8
    },
    "organizations[h0].role": {
      "accuracy": 0.0,
      "precision": 0.0,
      "recall": 0.0,
      "f1_score": 0.0,
      "correct": 0,
      "incorrect": 0,
      "missing": 0,
      "hallucinated": 8
    },
    "organizations[h1].name": {
      "accuracy": 0.0,
      "precision": 0.0,
      "recall": 0.0,
      "f1_score": 0.0,
      "correct": 0,
      "incorrect": 0,
      "missing": 0,
      "hallucinated": 11
    },
    "organizations[h1].role": {
      "accuracy": 0.0,
      "precision": 0.0,
      "recall": 0.0,
      "f1_score": 0.0,
      "correct": 0,
      "incorrect": 0,
      "missing": 0,
      "hallucinated": 11
    },
    "organizations[h2].name": {
      "accuracy": 0.0,
      "precision": 0.0,
      "recall": 0.0,
      "f1_score": 0.0,
      "correct": 0,
      "incorrect": 0,
      "missing": 0,
      "hallucinated": 7
    },
    "organizations[h2].role": {
      "accuracy": 0.0,
      "precision": 0.0,
      "recall": 0.0,
      "f1_score": 0.0,
      "correct": 0,
      "incorrect": 0,
      "missing": 0,
      "hallucinated": 7
    },
    "incidents": {
      "accuracy": 0.0,
      "precision": 0.0,
      "recall": 0.0,
      "f1_score": 0.0,
      "correct": 0,
      "incorrect": 0,
      "missing": 0,
      "hallucinated": 1
    },
    "organizations[3].name": {
      "accuracy": 0.3333333333333333,
      "precision": 1.0,
      "recall": 0.3333333333333333,
      "f1_score": 0.5,
      "correct": 1,
      "incorrect": 0,
      "missing": 2,
      "hallucinated": 0
    },
    "organizations[3].role": {
      "accuracy": 0.0,
      "precision": 0.0,
      "recall": 0.0,
      "f1_score": 0.0,
      "correct": 0,
      "incorrect": 1,
      "missing": 2,
      "hallucinated": 0
    },
    "organizations[h3].name": {
      "accuracy": 0.0,
      "precision": 0.0,
      "recall": 0.0,
      "f1_score": 0.0,
      "correct": 0,
      "incorrect": 0,
      "missing": 0,
      "hallucinated": 3
    },
    "organizations[h3].role": {
      "accuracy": 0.0,
      "precision": 0.0,
      "recall": 0.0,
      "f1_score": 0.0,
      "correct": 0,
      "incorrect": 0,
      "missing": 0,
      "hallucinated": 3
    },
    "harm.deployer": {
      "accuracy": 1.0,
      "precision": 1.0,
      "recall": 1.0,
      "f1_score": 1.0,
      "correct": 1,
      "incorrect": 0,
      "missing": 0,
      "hallucinated": 0
    },
    "organizations[h4].name": {
      "accuracy": 0.0,
      "precision": 0.0,
      "recall": 0.0,
      "f1_score": 0.0,
      "correct": 0,
      "incorrect": 0,
      "missing": 0,
      "hallucinated": 1
    },
    "organizations[h4].role": {
      "accuracy": 0.0,
      "precision": 0.0,
      "recall": 0.0,
      "f1_score": 0.0,
      "correct": 0,
      "incorrect": 0,
      "missing": 0,
      "hallucinated": 1
    },
    "organizations[4].name": {
      "accuracy": 0.0,
      "precision": 0.0,
      "recall": 0.0,
      "f1_score": 0.0,
      "correct": 0,
      "incorrect": 0,
      "missing": 1,
      "hallucinated": 0
    },