{
  "model": "llama3.1:8b",
  "template": "PS3_KI1",
  "total_samples": 50,
  "valid_json_count": 50,
  "json_validity_rate": 1.0,
  "overall_accuracy": 0.49666666666666665,
  "overall_accuracy_micro": 0.398406374501992,
  "overall_precision": 0.5854028902765837,
  "overall_precision_micro": 0.5988023952095808,
  "overall_recall": 0.5604897366851552,
  "overall_recall_micro": 0.5434782608695652,
  "overall_f1": 0.5476481628405552,
  "overall_f1_micro": 0.5698005698005697,
  "overall_hallucination_rate": 0.059880239520958084,
  "avg_latency_seconds": 14.040524907112122,
  "field_metrics": {
    "harm.severity": {
      "accuracy": 0.02,
      "precision": 0.1,
      "recall": 0.024390243902439025,
      "f1_score": 0.03921568627450981,
      "correct": 1,
      "incorrect": 9,
      "missing": 40,
      "hallucinated": 0
    },
    "harm.harm_type": {
      "accuracy": 0.0,
      "precision": 0.0,
      "recall": 0.0,
      "f1_score": 0.0,
      "correct": 0,
      "incorrect": 41,
      "missing": 9,
      "hallucinated": 0
    },
    "harm.affected_parties": {
      "accuracy": 0.06,
      "precision": 0.5,
      "recall": 0.06382978723404255,
      "f1_score": 0.11320754716981131,
      "correct": 3,
      "incorrect": 3,
      "missing": 44,
      "hallucinated": 0
    },
    "event.event_type": {
      "accuracy": 0.02,
      "precision": 0.08333333333333333,
      "recall": 0.02564102564102564,
      "f1_score": 0.039215686274509796,
      "correct": 1,
      "incorrect": 11,
      "missing": 38,
      "hallucinated": 0
    },
    "event.event_location": {
      "accuracy": 0.94,
      "precision": 0.94,
      "recall": 1.0,
      "f1_score": 0.9690721649484536,
      "correct": 47,
      "incorrect": 3,
      "missing": 0,
      "hallucinated": 0
    },
    "event.event_date": {
      "accuracy": 0.98,
      "precision": 0.98,
      "recall": 1.0,
      "f1_score": 0.98989898989899,
      "correct": 49,
      "incorrect": 1,
      "missing": 0,
      "hallucinated": 0
    },
    "organizations[0].name": {
      "accuracy": 0.7872340425531915,
      "precision": 1.0,
      "recall": 0.7872340425531915,
      "f1_score": 0.880952380952381,
      "correct": 37,
      "incorrect": 0,
      "missing": 10,
      "hallucinated": 0
    },
    "organizations[0].role": {
      "accuracy": 0.23404255319148937,
      "precision": 0.3142857142857143,
      "recall": 0.4782608695652174,
      "f1_score": 0.3793103448275862,
      "correct": 11,
      "incorrect": 24,
      "missing": 12,
      "hallucinated": 0
    },
    "organizations[1].name": {
      "accuracy": 0.6363636363636364,
      "precision": 0.9130434782608695,
      "recall": 0.6774193548387096,
      "f1_score": 0.7777777777777777,
      "correct": 21,
      "incorrect": 2,
      "missing": 10,
      "hallucinated": 0
    },
    "organizations[1].role": {
      "accuracy": 0.21212121212121213,
      "precision": 0.3333333333333333,
      "recall": 0.3684210526315789,
      "f1_score": 0.35,
      "correct": 7,
      "incorrect": 14,
      "missing": 12,
      "hallucinated": 0
    },
    "organizations[2].name": {
      "accuracy": 0.4,
      "precision": 1.0,
      "recall": 0.4,
      "f1_score": 0.5714285714285715,
      "correct": 6,
      "incorrect": 0,
      "missing": 9,
      "hallucinated": 0
    },
    "organizations[2].role": {
      "accuracy": 0.0,
      "precision": 0.0,
      "recall": 0.0,
      "f1_score": 0.0,
      "correct": 0,
      "incorrect": 5,
      "missing": 10,
      "hallucinated": 0
    },
    "organizations[h2].name": {
      "accuracy": 0.0,
      "precision": 0.0,
      "recall": 0.0,
      "f1_score": 0.0,
      "correct": 0,
      "incorrect": 0,
      "missing": 0,
      "hallucinated": 7
    },
    "organizations[h2].role": {
      "accuracy": 0.0,
      "precision": 0.0,
      "recall": 0.0,
      "f1_score": 0.0,
      "correct": 0,
      "incorrect": 0,
      "missing": 0,
      "hallucinated": 7
    },
    "ai_system.name": {
      "accuracy": 0.68,
      "precision": 0.6938775510204082,
      "recall": 0.9714285714285714,
      "f1_score": 0.8095238095238094,
      "correct": 34,
      "incorrect": 3,
      "missing": 1,
      "hallucinated": 12
    },
    "ai_system.deployer": {
      "accuracy": 0.56,
      "precision": 0.6829268292682927,
      "recall": 0.7567567567567568,
      "f1_score": 0.7179487179487181,
      "correct": 28,
      "incorrect": 5,
      "missing": 9,
      "hallucinated": 8
    },
    "ai_system.developer": {
      "accuracy": 0.64,
      "precision": 0.9696969696969697,
      "recall": 0.6530612244897959,
      "f1_score": 0.7804878048780488,
      "correct": 32,
      "incorrect": 1,
      "missing": 17,
      "hallucinated": 0
    },
    "ai_system.system_type": {
      "accuracy": 0.06,
      "precision": 0.075,
      "recall": 0.23076923076923078,
      "f1_score": 0.11320754716981132,
      "correct": 3,
      "incorrect": 37,
      "missing": 10,
      "hallucinated": 0
    },
    "organizations[h0].name": {
      "accuracy": 0.0,
      "precision": 0.0,
      "recall": 0.0,
      "f1_score": 0.0,
      "correct": 0,
      "incorrect": 0,
      "missing": 0,
      "hallucinated": 12
    },
    "organizations[h0].role": {
      "accuracy": 0.0,
      "precision": 0.0,
      "recall": 0.0,
      "f1_score": 0.0,
      "correct": 0,
      "incorrect": 0,
      "missing": 0,
      "hallucinated": 12
    },
    "organizations[h1].name": {
      "accuracy": 0.0,
      "precision": 0.0,
      "recall": 0.0,
      "f1_score": 0.0,
      "correct": 0,
      "incorrect": 0,
      "missing": 0,
      "hallucinated": 13
    },
    "organizations[h1].role": {
      "accuracy": 0.0,
      "precision": 0.0,
      "recall": 0.0,
      "f1_score": 0.0,
      "correct": 0,
      "incorrect": 0,
      "missing": 0,
      "hallucinated": 13
    },
    "organizations[3].name": {
      "accuracy": 0.3333333333333333,
      "precision": 1.0,
      "recall": 0.3333333333333333,
      "f1_score": 0.5,
      "correct": 1,
      "incorrect": 0,
      "missing": 2,
      "hallucinated": 0
    },
    "organizations[3].role": {
      "accuracy": 0.0,
      "precision": 0.0,
      "recall": 0.0,
      "f1_score": 0.0,
      "correct": 0,
      "incorrect": 1,
      "missing": 2,
      "hallucinated": 0
    },
    "organizations[h3].name": {
      "accuracy": 0.0,
      "precision": 0.0,
      "recall": 0.0,
      "f1_score": 0.0,
      "correct": 0,
      "incorrect": 0,
      "missing": 0,
      "hallucinated": 2
    },
    "organizations[h3].role": {
      "accuracy": 0.0,
      "precision": 0.0,
      "recall": 0.0,
      "f1_score": 0.0,
      "correct": 0,
      "incorrect": 0,
      "missing": 0,
      "hallucinated": 2
    },
    "organizations[h4].name": {
      "accuracy": 0.0,
      "precision": 0.0,
      "recall": 0.0,
      "f1_score": 0.0,
      "correct": 0,
      "incorrect": 0,
      "missing": 0,
      "hallucinated": 2
    },
    "organizations[h4].role": {
      "accuracy": 0.0,
      "precision": 0.0,
      "recall": 0.0,
      "f1_score": 0.0,
      "correct": 0,
      "incorrect": 0,
      "missing": 0,
      "hallucinated": 2
    },
    "developer.name": {
      "accuracy": 0.0,
      "precision": 0.0,
      "recall": 0.0,
      "f1_score": 0.0,
      "correct": 0,
      "incorrect": 0,
      "missing": 0,
      "hallucinated": 1
    },
    "deployer.role": {
      "accuracy": 1.0,
      "precision": 1.0,
      "recall": 1.0,
      "f1_score": 1.0,
      "correct": 1,
      "incorrect": 0,
      "missing": 0,
      "hallucinated": 0
    },
    "organizations.name": {
      "accuracy": 0.0,
      "precision": 0.0,
      "recall": 0.0,
      "f1_score": 0.0,
      "correct": 0,
      "incorrect": 0,
      "missing": 0,
      "hallucinated": 1
    },
    "developer.role": {
      "accuracy": 1.0,
      "precision": 1.0,
      "recall": 1.0,
      "f1_score": 1.0,
      "correct": 1,
      "incorrect": 0,
      "missing": 0,