{
  "model": "llama3.1:8b",
  "template": "PS2_KI4",
  "total_samples": 50,
  "valid_json_count": 50,
  "json_validity_rate": 1.0,
  "overall_accuracy": 0.654,
  "overall_accuracy_micro": 0.654,
  "overall_precision": 0.7060543719271185,
  "overall_precision_micro": 0.6997389033942559,
  "overall_recall": 0.7898784114436288,
  "overall_recall_micro": 0.8220858895705522,
  "overall_f1": 0.7170637725386131,
  "overall_f1_micro": 0.7559943582510579,
  "overall_hallucination_rate": 0.02610966057441253,
  "avg_latency_seconds": 11.381993522644043,
  "field_metrics": {
    "ai_system.deployer": {
      "accuracy": 0.6,
      "precision": 0.6,
      "recall": 0.5,
      "f1_score": 0.5454545454545454,
      "correct": 12,
      "true_negative": 18,
      "incorrect": 4,
      "missing": 12,
      "hallucinated": 4
    },
    "ai_system.system_type": {
      "accuracy": 0.48,
      "precision": 0.5853658536585366,
      "recall": 0.7272727272727273,
      "f1_score": 0.6486486486486487,
      "correct": 24,
      "true_negative": 0,
      "incorrect": 17,
      "missing": 9,
      "hallucinated": 0
    },
    "ai_system.developer": {
      "accuracy": 0.58,
      "precision": 0.9090909090909091,
      "recall": 0.3333333333333333,
      "f1_score": 0.4878048780487804,
      "correct": 10,
      "true_negative": 19,
      "incorrect": 1,
      "missing": 20,
      "hallucinated": 0
    },
    "ai_system.name": {
      "accuracy": 0.76,
      "precision": 0.7391304347826086,
      "recall": 0.7391304347826086,
      "f1_score": 0.7391304347826085,
      "correct": 17,
      "true_negative": 21,
      "incorrect": 2,
      "missing": 6,
      "hallucinated": 4
    },
    "harm.harm_type": {
      "accuracy": 0.62,
      "precision": 0.6739130434782609,
      "recall": 0.8857142857142857,
      "f1_score": 0.7654320987654321,
      "correct": 31,
      "true_negative": 0,
      "incorrect": 15,
      "missing": 4,
      "hallucinated": 0
    },
    "harm.severity": {
      "accuracy": 0.4,
      "precision": 0.43478260869565216,
      "recall": 0.8333333333333334,
      "f1_score": 0.5714285714285714,
      "correct": 20,
      "true_negative": 0,
      "incorrect": 26,
      "missing": 4,
      "hallucinated": 0
    },
    "harm.affected_parties": {
      "accuracy": 0.46,
      "precision": 0.4782608695652174,
      "recall": 0.88,
      "f1_score": 0.619718309859155,
      "correct": 22,
      "true_negative": 1,
      "incorrect": 22,
      "missing": 3,
      "hallucinated": 2
    },
    "event.event_location": {
      "accuracy": 0.98,
      "precision": 0.98,
      "recall": 1.0,
      "f1_score": 0.98989898989899,
      "correct": 49,
      "true_negative": 0,
      "incorrect": 1,
      "missing": 0,
      "hallucinated": 0
    },
    "event.event_date": {
      "accuracy": 0.96,
      "precision": 0.96,
      "recall": 1.0,
      "f1_score": 0.9795918367346939,
      "correct": 48,
      "true_negative": 0,
      "incorrect": 2,
      "missing": 0,
      "hallucinated": 0
    },
    "event.event_type": {
      "accuracy": 0.7,
      "precision": 0.7,
      "recall": 1.0,
      "f1_score": 0.8235294117647058,
      "correct": 35,
      "true_negative": 0,
      "incorrect": 15,
      "missing": 0,
      "hallucinated": 0
    },
    "organizations[0].name": {
      "accuracy": 0.851063829787234,
      "precision": 1.0,
      "recall": 0.851063829787234,
      "f1_score": 0.9195402298850576,
      "correct": 40,
      "true_negative": 0,
      "incorrect": 0,
      "missing": 7,
      "hallucinated": 0
    },
    "organizations[0].role": {
      "accuracy": 0.574468085106383,
      "precision": 0.675,
      "recall": 0.7941176470588235,
      "f1_score": 0.7297297297297296,
      "correct": 27,
      "true_negative": 0,
      "incorrect": 13,
      "missing": 7,
      "hallucinated": 0
    },
    "organizations[1].name": {
      "accuracy": 0.6666666666666666,
      "precision": 0.9565217391304348,
      "recall": 0.6875,
      "f1_score": 0.8,
      "correct": 22,
      "true_negative": 0,
      "incorrect": 1,
      "missing": 10,
      "hallucinated": 0
    },
    "organizations[1].role": {
      "accuracy": 0.3939393939393939,
      "precision": 0.5652173913043478,
      "recall": 0.5652173913043478,
      "f1_score": 0.5652173913043478,
      "correct": 13,
      "true_negative": 0,
      "incorrect": 10,
      "missing": 10,
      "hallucinated": 0
    },
    "organizations[2].name": {
      "accuracy": 0.3333333333333333,
      "precision": 1.0,
      "recall": 0.3333333333333333,
      "f1_score": 0.5,
      "correct": 5,
      "true_negative": 0,
      "incorrect": 0,
      "missing": 10,
      "hallucinated": 0
    },
    "organizations[2].role": {
      "accuracy": 0.2,
      "precision": 0.6,
      "recall": 0.23076923076923078,
      "f1_score": 0.33333333333333337,
      "correct": 3,
      "true_negative": 0,
      "incorrect": 2,
      "missing": 10,
      "hallucinated": 0
    },
    "organizations[h0].name": {
      "accuracy": 0.0,
      "precision": 0.0,
      "recall": 0.0,
      "f1_score": 0.0,
      "correct": 0,
      "true_negative": 0,
      "incorrect": 0,
      "missing": 0,
      "hallucinated": 11
    },
    "organizations[h0].role": {
      "accuracy": 0.0,
      "precision": 0.0,
      "recall": 0.0,
      "f1_score": 0.0,
      "correct": 0,
      "true_negative": 0,
      "incorrect": 0,
      "missing": 0,
      "hallucinated": 11
    },
    "organizations[h1].name": {
      "accuracy": 0.0,
      "precision": 0.0,
      "recall": 0.0,
      "f1_score": 0.0,
      "correct": 0,
      "true_negative": 0,
      "incorrect": 0,
      "missing": 0,
      "hallucinated": 15
    },
    "organizations[h1].role": {
      "accuracy": 0.0,
      "precision": 0.0,
      "recall": 0.0,
      "f1_score": 0.0,
      "correct": 0,
      "true_negative": 0,
      "incorrect": 0,
      "missing": 0,
      "hallucinated": 15
    },
    "organizations[h2].name": {
      "accuracy": 0.0,
      "precision": 0.0,
      "recall": 0.0,
      "f1_score": 0.0,
      "correct": 0,
      "true_negative": 0,
      "incorrect": 0,
      "missing": 0,
      "hallucinated": 4
    },
    "organizations[h2].role": {
      "accuracy": 0.0,
      "precision": 0.0,
      "recall": 0.0,
      "f1_score": 0.0,
      "correct": 0,
      "true_negative": 0,
      "incorrect": 0,
      "missing": 0,
      "hallucinated": 4
    },
    "organizations[3].name": {
      "accuracy": 0.3333333333333333,
      "precision": 1.0,
      "recall": 0.3333333333333333,
      "f1_score": 0.5,
      "correct": 1,
      "true_negative": 0,
      "incorrect": 0,
      "missing": 2,
      "hallucinated": 0
    },
    "organizations[3].role": {
      "accuracy": 0.3333333333333333,
      "precision": 1.0,
      "recall": 0.3333333333333333,
      "f1_score": 0.5,
      "correct": 1,
      "true_negative": 0,
      "incorrect": 0,
      "missing": 2,
      "hallucinated": 0
    },
    "organizations[4].name": {
      "accuracy": 0.0,
      "precision": 0.0,
      "recall": 0.0,
      "f1_score": 0.0,
      "correct": 0,
      "true_negative": 0,
      "incorrect": 0,
      "missing": 1,
      "hallucinated": 0
    },
    "organizations[4].role": {
      "accuracy": 0.0,
      "precision": 0.0,
      "recall": 0.0,
      "f1_score": 0.0,
      "correct": 0,
      "true_negative": 0,
      "incorrect": 0,
      "missing": 1,
      "hallucinated": 0
    },
    "organizations[h3].name": {
      "accuracy": 0.0,
      "precision": 0.0,
      "recall": 0.0,
      "f1_score": 0.0,
      "correct": 0,
      "true_negative": 0,
      "incorrect": 0,
      "missing": 0,
      "hallucinated": 2
    },
    "organizations[h3].role": {
      "accuracy": 0.0,
      "precision": 0.0,
      "recall": 0.0,
      "f1_score": 0.0,
      "correct": 0,
      "true_negative": 0,
      "incorrect": 0,
      "missing": 0,
      "hallucinated": 2
    }
  },
  "error_count": 0
}