{
  "model": "llama3.1:8b",
  "template": "PS1_KI3",
  "total_samples": 50,
  "valid_json_count": 50,
  "json_validity_rate": 1.0,
  "overall_accuracy": 0.35391608391608387,
  "overall_precision": 0.4881584535389487,
  "overall_recall": 0.46987976044174623,
  "overall_f1": 0.4469346806809961,
  "overall_hallucination_rate": 0.15048543689320387,
  "avg_latency_seconds": 7.858801240921021,
  "field_metrics": {
    "organizations[0].name": {
      "accuracy": 0.86,
      "precision": 1.0,
      "recall": 0.86,
      "f1_score": 0.924731182795699,
      "correct": 43,
      "incorrect": 0,
      "missing": 7,
      "hallucinated": 0
    },
    "organizations[0].role": {
      "accuracy": 0.62,
      "precision": 0.7045454545454546,
      "recall": 0.8378378378378378,
      "f1_score": 0.7654320987654323,
      "correct": 31,
      "incorrect": 13,
      "missing": 6,
      "hallucinated": 0
    },
    "organizations[1].name": {
      "accuracy": 0.6666666666666666,
      "precision": 0.9166666666666666,
      "recall": 0.7096774193548387,
      "f1_score": 0.7999999999999999,
      "correct": 22,
      "incorrect": 2,
      "missing": 9,
      "hallucinated": 0
    },
    "organizations[1].role": {
      "accuracy": 0.5151515151515151,
      "precision": 0.68,
      "recall": 0.68,
      "f1_score": 0.68,
      "correct": 17,
      "incorrect": 8,
      "missing": 8,
      "hallucinated": 0
    },
    "organizations[2].name": {
      "accuracy": 0.3333333333333333,
      "precision": 1.0,
      "recall": 0.3333333333333333,
      "f1_score": 0.5,
      "correct": 5,
      "incorrect": 0,
      "missing": 10,
      "hallucinated": 0
    },
    "organizations[2].role": {
      "accuracy": 0.2,
      "precision": 0.6,
      "recall": 0.23076923076923078,
      "f1_score": 0.33333333333333337,
      "correct": 3,
      "incorrect": 2,
      "missing": 10,
      "hallucinated": 0
    },
    "event.event_date": {
      "accuracy": 0.0,
      "precision": 0.0,
      "recall": 0.0,
      "f1_score": 0.0,
      "correct": 0,
      "incorrect": 0,
      "missing": 50,
      "hallucinated": 0
    },
    "event.event_location": {
      "accuracy": 0.36,
      "precision": 0.6,
      "recall": 0.47368421052631576,
      "f1_score": 0.5294117647058824,
      "correct": 18,
      "incorrect": 12,
      "missing": 20,
      "hallucinated": 0
    },
    "event.event_type": {
      "accuracy": 0.74,
      "precision": 0.7551020408163265,
      "recall": 0.9736842105263158,
      "f1_score": 0.8505747126436782,
      "correct": 37,
      "incorrect": 12,
      "missing": 1,
      "hallucinated": 0
    },
    "harm.harm_type": {
      "accuracy": 0.62,
      "precision": 0.6326530612244898,
      "recall": 0.96875,
      "f1_score": 0.7654320987654322,
      "correct": 31,
      "incorrect": 18,
      "missing": 1,
      "hallucinated": 0
    },
    "harm.severity": {
      "accuracy": 0.46,
      "precision": 0.4791666666666667,
      "recall": 0.92,
      "f1_score": 0.6301369863013699,
      "correct": 23,
      "incorrect": 25,
      "missing": 2,
      "hallucinated": 0
    },
    "harm.affected_parties": {
      "accuracy": 0.62,
      "precision": 0.6458333333333334,
      "recall": 0.9393939393939394,
      "f1_score": 0.7654320987654321,
      "correct": 31,
      "incorrect": 16,
      "missing": 2,
      "hallucinated": 1
    },
    "ai_system.system_type": {
      "accuracy": 0.7,
      "precision": 0.7,
      "recall": 1.0,
      "f1_score": 0.8235294117647058,
      "correct": 35,
      "incorrect": 14,
      "missing": 0,
      "hallucinated": 1
    },
    "ai_system.developer": {
      "accuracy": 0.72,
      "precision": 0.7659574468085106,
      "recall": 0.9230769230769231,
      "f1_score": 0.8372093023255814,
      "correct": 36,
      "incorrect": 5,
      "missing": 3,
      "hallucinated": 6
    },
    "ai_system.name": {
      "accuracy": 0.7,
      "precision": 0.7,
      "recall": 1.0,
      "f1_score": 0.8235294117647058,
      "correct": 35,
      "incorrect": 2,
      "missing": 0,
      "hallucinated": 13
    },
    "ai_system.deployer": {
      "accuracy": 0.42,
      "precision": 0.5121951219512195,
      "recall": 0.7,
      "f1_score": 0.5915492957746479,
      "correct": 21,
      "incorrect": 6,
      "missing": 9,
      "hallucinated": 14
    },
    "organizations[h0].name": {
      "accuracy": 0.0,
      "precision": 0.0,
      "recall": 0.0,
      "f1_score": 0.0,
      "correct": 0,
      "incorrect": 0,
      "missing": 0,
      "hallucinated": 11
    },
    "organizations[h0].role": {
      "accuracy": 0.0,
      "precision": 0.0,
      "recall": 0.0,
      "f1_score": 0.0,
      "correct": 0,
      "incorrect": 0,
      "missing": 0,
      "hallucinated": 11
    },
    "organizations[h1].name": {
      "accuracy": 0.0,
      "precision": 0.0,
      "recall": 0.0,
      "f1_score": 0.0,
      "correct": 0,
      "incorrect": 0,
      "missing": 0,
      "hallucinated": 16
    },
    "organizations[h1].role": {
      "accuracy": 0.0,
      "precision": 0.0,
      "recall": 0.0,
      "f1_score": 0.0,
      "correct": 0,
      "incorrect": 0,
      "missing": 0,
      "hallucinated": 16
    },
    "organizations[3].name": {
      "accuracy": 0.3333333333333333,
      "precision": 1.0,
      "recall": 0.3333333333333333,
      "f1_score": 0.5,
      "correct": 1,
      "incorrect": 0,
      "missing": 2,
      "hallucinated": 0
    },
    "organizations[3].role": {
      "accuracy": 0.3333333333333333,
      "precision": 1.0,
      "recall": 0.3333333333333333,
      "f1_score": 0.5,
      "correct": 1,
      "incorrect": 0,
      "missing": 2,
      "hallucinated": 0
    },
    "organizations[h2].name": {
      "accuracy": 0.0,
      "precision": 0.0,
      "recall": 0.0,
      "f1_score": 0.0,
      "correct": 0,
      "incorrect": 0,
      "missing": 0,
      "hallucinated": 2
    },
    "organizations[h2].role": {
      "accuracy": 0.0,
      "precision": 0.0,
      "recall": 0.0,
      "f1_score": 0.0,
      "correct": 0,
      "incorrect": 0,
      "missing": 0,
      "hallucinated": 2
    },
    "organizations[4].name": {
      "accuracy": 0.0,
      "precision": 0.0,
      "recall": 0.0,
      "f1_score": 0.0,
      "correct": 0,
      "incorrect": 0,
      "missing": 1,
      "hallucinated": 0
    },
    "organizations[4].role": {
      "accuracy": 0.0,
      "precision": 0.0,
      "recall": 0.0,
      "f1_score": 0.0,
      "correct": 0,
      "incorrect": 0,
      "missing": 1,
      "hallucinated": 0
    }
  },
  "error_count": 0
}