{
  "model": "llama3.1:8b",
  "template": "PS2_KI3",
  "total_samples": 50,
  "valid_json_count": 50,
  "json_validity_rate": 1.0,
  "overall_accuracy": 0.4690676982591876,
  "overall_precision": 0.6356382099499397,
  "overall_recall": 0.6222006650481364,
  "overall_f1": 0.5893915899098598,
  "overall_hallucination_rate": 0.12845528455284552,
  "avg_latency_seconds": 10.38245159626007,
  "field_metrics": {
    "ai_system.developer": {
      "accuracy": 0.64,
      "precision": 0.9411764705882353,
      "recall": 0.6666666666666666,
      "f1_score": 0.7804878048780487,
      "correct": 32,
      "incorrect": 1,
      "missing": 16,
      "hallucinated": 1
    },
    "ai_system.name": {
      "accuracy": 0.74,
      "precision": 0.7551020408163265,
      "recall": 0.9736842105263158,
      "f1_score": 0.8505747126436782,
      "correct": 37,
      "incorrect": 3,
      "missing": 1,
      "hallucinated": 9
    },
    "ai_system.deployer": {
      "accuracy": 0.64,
      "precision": 0.7804878048780488,
      "recall": 0.7804878048780488,
      "f1_score": 0.7804878048780488,
      "correct": 32,
      "incorrect": 3,
      "missing": 9,
      "hallucinated": 6
    },
    "ai_system.system_type": {
      "accuracy": 0.48,
      "precision": 0.5217391304347826,
      "recall": 0.8571428571428571,
      "f1_score": 0.6486486486486486,
      "correct": 24,
      "incorrect": 21,
      "missing": 4,
      "hallucinated": 1
    },
    "event.event_location": {
      "accuracy": 0.74,
      "precision": 0.9024390243902439,
      "recall": 0.8043478260869565,
      "f1_score": 0.8505747126436782,
      "correct": 37,
      "incorrect": 4,
      "missing": 9,
      "hallucinated": 0
    },
    "event.event_type": {
      "accuracy": 0.72,
      "precision": 0.72,
      "recall": 1.0,
      "f1_score": 0.8372093023255813,
      "correct": 36,
      "incorrect": 14,
      "missing": 0,
      "hallucinated": 0
    },
    "event.event_date": {
      "accuracy": 0.0,
      "precision": 0.0,
      "recall": 0.0,
      "f1_score": 0.0,
      "correct": 0,
      "incorrect": 0,
      "missing": 50,
      "hallucinated": 0
    },
    "harm.severity": {
      "accuracy": 0.44,
      "precision": 0.4489795918367347,
      "recall": 0.9565217391304348,
      "f1_score": 0.6111111111111112,
      "correct": 22,
      "incorrect": 27,
      "missing": 1,
      "hallucinated": 0
    },
    "harm.harm_type": {
      "accuracy": 0.62,
      "precision": 0.6458333333333334,
      "recall": 0.9393939393939394,
      "f1_score": 0.7654320987654321,
      "correct": 31,
      "incorrect": 17,
      "missing": 2,
      "hallucinated": 0
    },
    "harm.affected_parties": {
      "accuracy": 0.46,
      "precision": 0.46938775510204084,
      "recall": 0.9583333333333334,
      "f1_score": 0.6301369863013699,
      "correct": 23,
      "incorrect": 24,
      "missing": 1,
      "hallucinated": 2
    },
    "organizations[0].name": {
      "accuracy": 0.8936170212765957,
      "precision": 1.0,
      "recall": 0.8936170212765957,
      "f1_score": 0.9438202247191011,
      "correct": 42,
      "incorrect": 0,
      "missing": 5,
      "hallucinated": 0
    },
    "organizations[0].role": {
      "accuracy": 0.5531914893617021,
      "precision": 0.6190476190476191,
      "recall": 0.8387096774193549,
      "f1_score": 0.7123287671232876,
      "correct": 26,
      "incorrect": 15,
      "missing": 5,
      "hallucinated": 1
    },
    "organizations[1].name": {
      "accuracy": 0.7272727272727273,
      "precision": 0.96,
      "recall": 0.75,
      "f1_score": 0.8421052631578947,
      "correct": 24,
      "incorrect": 1,
      "missing": 8,
      "hallucinated": 0
    },
    "organizations[1].role": {
      "accuracy": 0.3939393939393939,
      "precision": 0.52,
      "recall": 0.6190476190476191,
      "f1_score": 0.5652173913043478,
      "correct": 13,
      "incorrect": 11,
      "missing": 8,
      "hallucinated": 1
    },
    "organizations[2].name": {
      "accuracy": 0.4666666666666667,
      "precision": 1.0,
      "recall": 0.4666666666666667,
      "f1_score": 0.6363636363636364,
      "correct": 7,
      "incorrect": 0,
      "missing": 8,
      "hallucinated": 0
    },
    "organizations[2].role": {
      "accuracy": 0.2,
      "precision": 0.42857142857142855,
      "recall": 0.2727272727272727,
      "f1_score": 0.33333333333333326,
      "correct": 3,
      "incorrect": 4,
      "missing": 8,
      "hallucinated": 0
    },
    "organizations[h0].name": {
      "accuracy": 0.0,
      "precision": 0.0,
      "recall": 0.0,
      "f1_score": 0.0,
      "correct": 0,
      "incorrect": 0,
      "missing": 0,
      "hallucinated": 10
    },
    "organizations[h0].role": {
      "accuracy": 0.0,
      "precision": 0.0,
      "recall": 0.0,
      "f1_score": 0.0,
      "correct": 0,
      "incorrect": 0,
      "missing": 0,
      "hallucinated": 10
    },
    "organizations[h1].name": {
      "accuracy": 0.0,
      "precision": 0.0,
      "recall": 0.0,
      "f1_score": 0.0,
      "correct": 0,
      "incorrect": 0,
      "missing": 0,
      "hallucinated": 14
    },
    "organizations[h1].role": {
      "accuracy": 0.0,
      "precision": 0.0,
      "recall": 0.0,
      "f1_score": 0.0,
      "correct": 0,
      "incorrect": 0,
      "missing": 0,
      "hallucinated": 14
    },
    "organizations[h2].name": {
      "accuracy": 0.0,
      "precision": 0.0,
      "recall": 0.0,
      "f1_score": 0.0,
      "correct": 0,
      "incorrect": 0,
      "missing": 0,
      "hallucinated": 3
    },
    "organizations[h2].role": {
      "accuracy": 0.0,
      "precision": 0.0,
      "recall": 0.0,
      "f1_score": 0.0,
      "correct": 0,
      "incorrect": 0,
      "missing": 0,
      "hallucinated": 3
    },
    "organizations[3].name": {
      "accuracy": 0.3333333333333333,
      "precision": 1.0,
      "recall": 0.3333333333333333,
      "f1_score": 0.5,
      "correct": 1,
      "incorrect": 0,
      "missing": 2,
      "hallucinated": 0
    },
    "organizations[3].role": {
      "accuracy": 0.3333333333333333,
      "precision": 1.0,
      "recall": 0.3333333333333333,
      "f1_score": 0.5,
      "correct": 1,
      "incorrect": 0,
      "missing": 2,
      "hallucinated": 0
    },
    "organizations[h3].name": {
      "accuracy": 0.0,
      "precision": 0.0,
      "recall": 0.0,
      "f1_score": 0.0,
      "correct": 0,
      "incorrect": 0,
      "missing": 0,
      "hallucinated": 2
    },
    "organizations[h3].role": {
      "accuracy": 0.0,
      "precision": 0.0,
      "recall": 0.0,
      "f1_score": 0.0,
      "correct": 0,
      "incorrect": 0,
      "missing": 0,
      "hallucinated": 2
    },
    "organizations[4].name": {
      "accuracy": 0.0,
      "precision": 0.0,
      "recall": 0.0,
      "f1_score": 0.0,
      "correct": 0,
      "incorrect": 0,
      "missing": 1,
      "hallucinated": 0
    },
    "organizations[4].role": {
      "accuracy": 0.0,
      "precision": 0.0,
      "recall": 0.0,
      "f1_score": 0.0,
      "correct": 0,
      "incorrect": 0,
      "missing": 1,
      "hallucinated": 0
    }
  },
  "error_count": 0
}