{
  "model": "llama3.1:8b",
  "template": "PS1_KI4",
  "total_samples": 50,
  "valid_json_count": 50,
  "json_validity_rate": 1.0,
  "overall_accuracy": 0.4630277240490006,
  "overall_precision": 0.5989474383520907,
  "overall_recall": 0.5866715382008062,
  "overall_f1": 0.5663108832473234,
  "overall_hallucination_rate": 0.1383147853736089,
  "avg_latency_seconds": 9.067883019447327,
  "field_metrics": {
    "ai_system.developer": {
      "accuracy": 0.7,
      "precision": 0.813953488372093,
      "recall": 0.8333333333333334,
      "f1_score": 0.8235294117647058,
      "correct": 35,
      "incorrect": 3,
      "missing": 7,
      "hallucinated": 5
    },
    "ai_system.deployer": {
      "accuracy": 0.5,
      "precision": 0.6097560975609756,
      "recall": 0.7352941176470589,
      "f1_score": 0.6666666666666666,
      "correct": 25,
      "incorrect": 4,
      "missing": 9,
      "hallucinated": 12
    },
    "ai_system.system_type": {
      "accuracy": 0.82,
      "precision": 0.82,
      "recall": 1.0,
      "f1_score": 0.9010989010989011,
      "correct": 41,
      "incorrect": 8,
      "missing": 0,
      "hallucinated": 1
    },
    "ai_system.name": {
      "accuracy": 0.76,
      "precision": 0.76,
      "recall": 1.0,
      "f1_score": 0.8636363636363636,
      "correct": 38,
      "incorrect": 2,
      "missing": 0,
      "hallucinated": 10
    },
    "organizations[0].name": {
      "accuracy": 0.851063829787234,
      "precision": 1.0,
      "recall": 0.851063829787234,
      "f1_score": 0.9195402298850576,
      "correct": 40,
      "incorrect": 0,
      "missing": 7,
      "hallucinated": 0
    },
    "organizations[0].role": {
      "accuracy": 0.5319148936170213,
      "precision": 0.625,
      "recall": 0.78125,
      "f1_score": 0.6944444444444444,
      "correct": 25,
      "incorrect": 14,
      "missing": 7,
      "hallucinated": 1
    },
    "organizations[1].name": {
      "accuracy": 0.696969696969697,
      "precision": 0.92,
      "recall": 0.7419354838709677,
      "f1_score": 0.8214285714285714,
      "correct": 23,
      "incorrect": 2,
      "missing": 8,
      "hallucinated": 0
    },
    "organizations[1].role": {
      "accuracy": 0.3939393939393939,
      "precision": 0.52,
      "recall": 0.6190476190476191,
      "f1_score": 0.5652173913043478,
      "correct": 13,
      "incorrect": 11,
      "missing": 8,
      "hallucinated": 1
    },
    "organizations[2].name": {
      "accuracy": 0.26666666666666666,
      "precision": 1.0,
      "recall": 0.26666666666666666,
      "f1_score": 0.4210526315789474,
      "correct": 4,
      "incorrect": 0,
      "missing": 11,
      "hallucinated": 0
    },
    "organizations[2].role": {
      "accuracy": 0.2,
      "precision": 0.75,
      "recall": 0.21428571428571427,
      "f1_score": 0.3333333333333333,
      "correct": 3,
      "incorrect": 1,
      "missing": 11,
      "hallucinated": 0
    },
    "event.event_date": {
      "accuracy": 0.96,
      "precision": 0.96,
      "recall": 1.0,
      "f1_score": 0.9795918367346939,
      "correct": 48,
      "incorrect": 2,
      "missing": 0,
      "hallucinated": 0
    },
    "event.event_location": {
      "accuracy": 0.36,
      "precision": 0.6923076923076923,
      "recall": 0.42857142857142855,
      "f1_score": 0.5294117647058824,
      "correct": 18,
      "incorrect": 8,
      "missing": 24,
      "hallucinated": 0
    },
    "event.event_type": {
      "accuracy": 0.78,
      "precision": 0.78,
      "recall": 1.0,
      "f1_score": 0.8764044943820225,
      "correct": 39,
      "incorrect": 11,
      "missing": 0,
      "hallucinated": 0
    },
    "harm.affected_parties": {
      "accuracy": 0.6,
      "precision": 0.6521739130434783,
      "recall": 0.8823529411764706,
      "f1_score": 0.75,
      "correct": 30,
      "incorrect": 15,
      "missing": 4,
      "hallucinated": 1
    },
    "harm.severity": {
      "accuracy": 0.38,
      "precision": 0.5757575757575758,
      "recall": 0.5277777777777778,
      "f1_score": 0.5507246376811594,
      "correct": 19,
      "incorrect": 14,
      "missing": 17,
      "hallucinated": 0
    },
    "harm.harm_type": {
      "accuracy": 0.46,
      "precision": 0.5,
      "recall": 0.8518518518518519,
      "f1_score": 0.6301369863013698,
      "correct": 23,
      "incorrect": 23,
      "missing": 4,
      "hallucinated": 0
    },
    "organizations[h0].name": {
      "accuracy": 0.0,
      "precision": 0.0,
      "recall": 0.0,
      "f1_score": 0.0,
      "correct": 0,
      "incorrect": 0,
      "missing": 0,
      "hallucinated": 10
    },
    "organizations[h0].role": {
      "accuracy": 0.0,
      "precision": 0.0,
      "recall": 0.0,
      "f1_score": 0.0,
      "correct": 0,
      "incorrect": 0,
      "missing": 0,
      "hallucinated": 10
    },
    "organizations[h1].name": {
      "accuracy": 0.0,
      "precision": 0.0,
      "recall": 0.0,
      "f1_score": 0.0,
      "correct": 0,
      "incorrect": 0,
      "missing": 0,
      "hallucinated": 16
    },
    "organizations[h1].role": {
      "accuracy": 0.0,
      "precision": 0.0,
      "recall": 0.0,
      "f1_score": 0.0,
      "correct": 0,
      "incorrect": 0,
      "missing": 0,
      "hallucinated": 16
    },
    "organizations[3].name": {
      "accuracy": 0.0,
      "precision": 0.0,
      "recall": 0.0,
      "f1_score": 0.0,
      "correct": 0,
      "incorrect": 0,
      "missing": 3,
      "hallucinated": 0
    },
    "organizations[3].role": {
      "accuracy": 0.0,
      "precision": 0.0,
      "recall": 0.0,
      "f1_score": 0.0,
      "correct": 0,
      "incorrect": 0,
      "missing": 3,
      "hallucinated": 0
    },
    "organizations[h2].name": {
      "accuracy": 0.0,
      "precision": 0.0,
      "recall": 0.0,
      "f1_score": 0.0,
      "correct": 0,
      "incorrect": 0,
      "missing": 0,
      "hallucinated": 2
    },
    "organizations[h2].role": {
      "accuracy": 0.0,
      "precision": 0.0,
      "recall": 0.0,
      "f1_score": 0.0,
      "correct": 0,
      "incorrect": 0,
      "missing": 0,
      "hallucinated": 2
    },
    "organizations[4].name": {
      "accuracy": 0.0,
      "precision": 0.0,
      "recall": 0.0,
      "f1_score": 0.0,
      "correct": 0,
      "incorrect": 0,
      "missing": 1,
      "hallucinated": 0
    },
    "organizations[4].role": {
      "accuracy": 0.0,
      "precision": 0.0,
      "recall": 0.0,
      "f1_score": 0.0,
      "correct": 0,
      "incorrect": 0,
      "missing": 1,
      "hallucinated": 0
    }
  },
  "error_count": 0
}