{
  "model": "claude-haiku-4-5-20251001",
  "template": "PS3_KI2",
  "total_samples": 50,
  "valid_json_count": 50,
  "json_validity_rate": 1.0,
  "overall_accuracy": 0.782,
  "overall_accuracy_micro": 0.782,
  "overall_precision": 0.864753933910307,
  "overall_precision_micro": 0.8727678571428571,
  "overall_recall": 0.8774879075211416,
  "overall_recall_micro": 0.8826185101580135,
  "overall_f1": 0.8674405007226061,
  "overall_f1_micro": 0.8776655443322109,
  "overall_hallucination_rate": 0.015625,
  "avg_latency_seconds": 5.036563167572021,
  "field_metrics": {
    "event.event_type": {
      "accuracy": 0.82,
      "precision": 0.8541666666666666,
      "recall": 0.9534883720930233,
      "f1_score": 0.9010989010989011,
      "correct": 41,
      "incorrect": 7,
      "missing": 2,
      "hallucinated": 0
    },
    "event.event_location": {
      "accuracy": 1.0,
      "precision": 1.0,
      "recall": 1.0,
      "f1_score": 1.0,
      "correct": 50,
      "incorrect": 0,
      "missing": 0,
      "hallucinated": 0
    },
    "event.event_date": {
      "accuracy": 0.92,
      "precision": 0.9583333333333334,
      "recall": 0.9583333333333334,
      "f1_score": 0.9583333333333334,
      "correct": 46,
      "incorrect": 2,
      "missing": 2,
      "hallucinated": 0
    },
    "harm.harm_type": {
      "accuracy": 0.84,
      "precision": 0.875,
      "recall": 0.9545454545454546,
      "f1_score": 0.9130434782608695,
      "correct": 42,
      "incorrect": 6,
      "missing": 2,
      "hallucinated": 0
    },
    "harm.affected_parties": {
      "accuracy": 0.66,
      "precision": 0.8048780487804879,
      "recall": 0.7857142857142857,
      "f1_score": 0.7951807228915663,
      "correct": 33,
      "incorrect": 8,
      "missing": 9,
      "hallucinated": 0
    },
    "harm.severity": {
      "accuracy": 0.4,
      "precision": 0.6451612903225806,
      "recall": 0.5128205128205128,
      "f1_score": 0.5714285714285714,
      "correct": 20,
      "incorrect": 11,
      "missing": 19,
      "hallucinated": 0
    },
    "organizations[0].name": {
      "accuracy": 0.9574468085106383,
      "precision": 1.0,
      "recall": 0.9574468085106383,
      "f1_score": 0.9782608695652174,
      "correct": 45,
      "incorrect": 0,
      "missing": 2,
      "hallucinated": 0
    },
    "organizations[0].role": {
      "accuracy": 0.7659574468085106,
      "precision": 0.8,
      "recall": 0.9473684210526315,
      "f1_score": 0.8674698795180723,
      "correct": 36,
      "incorrect": 9,
      "missing": 2,
      "hallucinated": 0
    },
    "organizations[1].name": {
      "accuracy": 0.7878787878787878,
      "precision": 0.9285714285714286,
      "recall": 0.8387096774193549,
      "f1_score": 0.8813559322033899,
      "correct": 26,
      "incorrect": 2,
      "missing": 5,
      "hallucinated": 0
    },
    "organizations[1].role": {
      "accuracy": 0.5151515151515151,
      "precision": 0.6071428571428571,
      "recall": 0.7727272727272727,
      "f1_score": 0.68,
      "correct": 17,
      "incorrect": 11,
      "missing": 5,
      "hallucinated": 0
    },
    "organizations[2].name": {
      "accuracy": 0.4,
      "precision": 1.0,
      "recall": 0.4,
      "f1_score": 0.5714285714285715,
      "correct": 6,
      "incorrect": 0,
      "missing": 9,
      "hallucinated": 0
    },
    "organizations[2].role": {
      "accuracy": 0.4,
      "precision": 1.0,
      "recall": 0.4,
      "f1_score": 0.5714285714285715,
      "correct": 6,
      "incorrect": 0,
      "missing": 9,
      "hallucinated": 0
    },
    "organizations[h3].name": {
      "accuracy": 0.0,
      "precision": 0.0,
      "recall": 0.0,
      "f1_score": 0.0,
      "correct": 0,
      "incorrect": 0,
      "missing": 0,
      "hallucinated": 6
    },
    "organizations[h3].role": {
      "accuracy": 0.0,
      "precision": 0.0,
      "recall": 0.0,
      "f1_score": 0.0,
      "correct": 0,
      "incorrect": 0,
      "missing": 0,
      "hallucinated": 6
    },
    "ai_system.developer": {
      "accuracy": 0.88,
      "precision": 1.0,
      "recall": 0.88,
      "f1_score": 0.9361702127659575,
      "correct": 44,
      "incorrect": 0,
      "missing": 6,
      "hallucinated": 0
    },
    "ai_system.name": {
      "accuracy": 0.86,
      "precision": 0.86,
      "recall": 1.0,
      "f1_score": 0.924731182795699,
      "correct": 43,
      "incorrect": 1,
      "missing": 0,
      "hallucinated": 6
    },
    "ai_system.deployer": {
      "accuracy": 0.72,
      "precision": 0.9,
      "recall": 0.782608695652174,
      "f1_score": 0.8372093023255814,
      "correct": 36,
      "incorrect": 3,
      "missing": 10,
      "hallucinated": 1
    },
    "ai_system.system_type": {
      "accuracy": 0.72,
      "precision": 0.75,
      "recall": 0.9473684210526315,
      "f1_score": 0.8372093023255814,
      "correct": 36,
      "incorrect": 12,
      "missing": 2,
      "hallucinated": 0
    },
    "organizations[h0].name": {
      "accuracy": 0.0,
      "precision": 0.0,
      "recall": 0.0,
      "f1_score": 0.0,
      "correct": 0,
      "incorrect": 0,
      "missing": 0,
      "hallucinated": 7
    },
    "organizations[h0].role": {
      "accuracy": 0.0,
      "precision": 0.0,
      "recall": 0.0,
      "f1_score": 0.0,
      "correct": 0,
      "incorrect": 0,
      "missing": 0,
      "hallucinated": 7
    },
    "organizations[h1].name": {
      "accuracy": 0.0,
      "precision": 0.0,
      "recall": 0.0,
      "f1_score": 0.0,
      "correct": 0,
      "incorrect": 0,
      "missing": 0,
      "hallucinated": 13
    },
    "organizations[h1].role": {
      "accuracy": 0.0,
      "precision": 0.0,
      "recall": 0.0,
      "f1_score": 0.0,
      "correct": 0,
      "incorrect": 0,
      "missing": 0,
      "hallucinated": 13
    },
    "organizations[h2].name": {
      "accuracy": 0.0,
      "precision": 0.0,
      "recall": 0.0,
      "f1_score": 0.0,
      "correct": 0,
      "incorrect": 0,
      "missing": 0,
      "hallucinated": 7
    },
    "organizations[h2].role": {
      "accuracy": 0.0,
      "precision": 0.0,
      "recall": 0.0,
      "f1_score": 0.0,
      "correct": 0,
      "incorrect": 0,
      "missing": 0,
      "hallucinated": 7
    },
    "organizations[3].name": {
      "accuracy": 0.3333333333333333,
      "precision": 1.0,
      "recall": 0.3333333333333333,
      "f1_score": 0.5,
      "correct": 1,
      "incorrect": 0,
      "missing": 2,
      "hallucinated": 0
    },
    "organizations[3].role": {
      "accuracy": 0.3333333333333333,
      "precision": 1.0,
      "recall": 0.3333333333333333,
      "f1_score": 0.5,
      "correct": 1,
      "incorrect": 0,
      "missing": 2,
      "hallucinated": 0
    },
    "organizations[h4].name": {
      "accuracy": 0.0,
      "precision": 0.0,
      "recall": 0.0,
      "f1_score": 0.0,
      "correct": 0,
      "incorrect": 0,
      "missing": 0,
      "hallucinated": 1
    },
    "organizations[h4].role": {
      "accuracy": 0.0,
      "precision": 0.0,
      "recall": 0.0,
      "f1_score": 0.0,
      "correct": 0,
      "incorrect": 0,
      "missing": 0,
      "hallucinated": 1
    },
    "organizations[4].name": {
      "accuracy": 0.0,
      "precision": 0.0,
      "recall": 0.0,
      "f1_score": 0.0,
      "correct": 0,
      "incorrect": 0,
      "missing": 1,
      "hallucinated": 0
    },
    "organizations[4].role": {
      "accuracy": 0.0,
      "precision": 0.0,
      "recall": 0.0,
      "f1_score": 0.0,
      "correct": 0,
      "incorrect": 0,
      "missing": 1,
      "hallucinated": 0
    },
    "deployment": {
      "accuracy": 0.0,
      "precision": 0.0,
      "recall": 0.0,
      "f1_score": 0.0,
      "correct": 0,
      "incorrect": 0,
      "missing": 0,
      "hallucinated": 1
    }
  },
  "error_count": 0
}