{
  "model": "claude-haiku-4-5-20251001",
  "template": "PS3_KI1",
  "total_samples": 50,
  "valid_json_count": 50,
  "json_validity_rate": 1.0,
  "overall_accuracy": 0.49000000000000005,
  "overall_accuracy_micro": 0.49,
  "overall_precision": 0.5553606055530034,
  "overall_precision_micro": 0.5990220048899756,
  "overall_recall": 0.6112733114452022,
  "overall_recall_micro": 0.7291666666666666,
  "overall_f1": 0.5515324462238864,
  "overall_f1_micro": 0.6577181208053691,
  "overall_hallucination_rate": 0.029339853300733496,
  "avg_latency_seconds": 5.80395923614502,
  "field_metrics": {
    "event.event_type": {
      "accuracy": 0.0,
      "precision": 0.0,
      "recall": 0.0,
      "f1_score": 0.0,
      "correct": 0,
      "incorrect": 47,
      "missing": 3,
      "hallucinated": 0
    },
    "event.event_location": {
      "accuracy": 0.94,
      "precision": 0.9591836734693877,
      "recall": 0.9791666666666666,
      "f1_score": 0.9690721649484536,
      "correct": 47,
      "incorrect": 2,
      "missing": 1,
      "hallucinated": 0
    },
    "event.event_date": {
      "accuracy": 0.94,
      "precision": 0.94,
      "recall": 1.0,
      "f1_score": 0.9690721649484536,
      "correct": 47,
      "incorrect": 3,
      "missing": 0,
      "hallucinated": 0
    },
    "harm.harm_type": {
      "accuracy": 0.02,
      "precision": 0.02040816326530612,
      "recall": 0.5,
      "f1_score": 0.039215686274509796,
      "correct": 1,
      "incorrect": 48,
      "missing": 1,
      "hallucinated": 0
    },
    "harm.affected_parties": {
      "accuracy": 0.62,
      "precision": 0.7045454545454546,
      "recall": 0.8378378378378378,
      "f1_score": 0.7654320987654323,
      "correct": 31,
      "incorrect": 12,
      "missing": 6,
      "hallucinated": 1
    },
    "harm.severity": {
      "accuracy": 0.02,
      "precision": 0.2,
      "recall": 0.021739130434782608,
      "f1_score": 0.0392156862745098,
      "correct": 1,
      "incorrect": 4,
      "missing": 45,
      "hallucinated": 0
    },
    "organizations[0].name": {
      "accuracy": 0.9148936170212766,
      "precision": 1.0,
      "recall": 0.9148936170212766,
      "f1_score": 0.9555555555555556,
      "correct": 43,
      "incorrect": 0,
      "missing": 4,
      "hallucinated": 0
    },
    "organizations[0].role": {
      "accuracy": 0.1702127659574468,
      "precision": 0.18604651162790697,
      "recall": 0.6666666666666666,
      "f1_score": 0.2909090909090909,
      "correct": 8,
      "incorrect": 35,
      "missing": 4,
      "hallucinated": 0
    },
    "organizations[1].name": {
      "accuracy": 0.7878787878787878,
      "precision": 0.9629629629629629,
      "recall": 0.8125,
      "f1_score": 0.8813559322033898,
      "correct": 26,
      "incorrect": 1,
      "missing": 6,
      "hallucinated": 0
    },
    "organizations[1].role": {
      "accuracy": 0.09090909090909091,
      "precision": 0.1111111111111111,
      "recall": 0.3333333333333333,
      "f1_score": 0.16666666666666666,
      "correct": 3,
      "incorrect": 24,
      "missing": 6,
      "hallucinated": 0
    },
    "organizations[2].name": {
      "accuracy": 0.3333333333333333,
      "precision": 1.0,
      "recall": 0.3333333333333333,
      "f1_score": 0.5,
      "correct": 5,
      "incorrect": 0,
      "missing": 10,
      "hallucinated": 0
    },
    "organizations[2].role": {
      "accuracy": 0.06666666666666667,
      "precision": 0.2,
      "recall": 0.09090909090909091,
      "f1_score": 0.12500000000000003,
      "correct": 1,
      "incorrect": 4,
      "missing": 10,
      "hallucinated": 0
    },
    "ai_system.developer": {
      "accuracy": 0.82,
      "precision": 0.9534883720930233,
      "recall": 0.8541666666666666,
      "f1_score": 0.9010989010989011,
      "correct": 41,
      "incorrect": 1,
      "missing": 7,
      "hallucinated": 1
    },
    "ai_system.name": {
      "accuracy": 0.8,
      "precision": 0.8333333333333334,
      "recall": 0.9523809523809523,
      "f1_score": 0.888888888888889,
      "correct": 40,
      "incorrect": 1,
      "missing": 2,
      "hallucinated": 7
    },
    "ai_system.deployer": {
      "accuracy": 0.66,
      "precision": 0.825,
      "recall": 0.7674418604651163,
      "f1_score": 0.7951807228915662,
      "correct": 33,
      "incorrect": 4,
      "missing": 10,
      "hallucinated": 3
    },
    "ai_system.system_type": {
      "accuracy": 0.08,
      "precision": 0.11764705882352941,
      "recall": 0.2,
      "f1_score": 0.14814814814814817,
      "correct": 4,
      "incorrect": 30,
      "missing": 16,
      "hallucinated": 0
    },
    "organizations[h0].name": {
      "accuracy": 0.0,
      "precision": 0.0,
      "recall": 0.0,
      "f1_score": 0.0,
      "correct": 0,
      "incorrect": 0,
      "missing": 0,
      "hallucinated": 10
    },
    "organizations[h0].role": {
      "accuracy": 0.0,
      "precision": 0.0,
      "recall": 0.0,
      "f1_score": 0.0,
      "correct": 0,
      "incorrect": 0,
      "missing": 0,
      "hallucinated": 10
    },
    "organizations[h1].name": {
      "accuracy": 0.0,
      "precision": 0.0,
      "recall": 0.0,
      "f1_score": 0.0,
      "correct": 0,
      "incorrect": 0,
      "missing": 0,
      "hallucinated": 16
    },
    "organizations[h1].role": {
      "accuracy": 0.0,
      "precision": 0.0,
      "recall": 0.0,
      "f1_score": 0.0,
      "correct": 0,
      "incorrect": 0,
      "missing": 0,
      "hallucinated": 16
    },
    "organizations[h2].name": {
      "accuracy": 0.0,
      "precision": 0.0,
      "recall": 0.0,
      "f1_score": 0.0,
      "correct": 0,
      "incorrect": 0,
      "missing": 0,
      "hallucinated": 8
    },
    "organizations[h2].role": {
      "accuracy": 0.0,
      "precision": 0.0,
      "recall": 0.0,
      "f1_score": 0.0,
      "correct": 0,
      "incorrect": 0,
      "missing": 0,
      "hallucinated": 8
    },
    "organizations[3].name": {
      "accuracy": 0.3333333333333333,
      "precision": 1.0,
      "recall": 0.3333333333333333,
      "f1_score": 0.5,
      "correct": 1,
      "incorrect": 0,
      "missing": 2,
      "hallucinated": 0
    },
    "organizations[3].role": {
      "accuracy": 0.0,
      "precision": 0.0,
      "recall": 0.0,
      "f1_score": 0.0,
      "correct": 0,
      "incorrect": 1,
      "missing": 2,
      "hallucinated": 0
    },
    "organizations[h3].name": {
      "accuracy": 0.0,
      "precision": 0.0,
      "recall": 0.0,
      "f1_score": 0.0,
      "correct": 0,
      "incorrect": 0,
      "missing": 0,
      "hallucinated": 2
    },
    "organizations[h3].role": {
      "accuracy": 0.0,
      "precision": 0.0,
      "recall": 0.0,
      "f1_score": 0.0,
      "correct": 0,
      "incorrect": 0,
      "missing": 0,
      "hallucinated": 2
    },
    "organizations[h4].name": {
      "accuracy": 0.0,
      "precision": 0.0,
      "recall": 0.0,
      "f1_score": 0.0,
      "correct": 0,
      "incorrect": 0,
      "missing": 0,
      "hallucinated": 2
    },
    "organizations[h4].role": {
      "accuracy": 0.0,
      "precision": 0.0,
      "recall": 0.0,
      "f1_score": 0.0,
      "correct": 0,
      "incorrect": 0,
      "missing": 0,
      "hallucinated": 2
    },
    "organizations[4].name": {
      "accuracy": 0.0,
      "precision": 0.0,
      "recall": 0.0,
      "f1_score": 0.0,
      "correct": 0,
      "incorrect": 0,
      "missing": 1,
      "hallucinated": 0
    },
    "organizations[4].role": {
      "accuracy": 0.0,
      "precision": 0.0,
      "recall": 0.0,
      "f1_score": 0.0,
      "correct": 0,
      "incorrect": 0,
      "missing": 1,
      "hallucinated": 0
    }
  },
  "error_count": 0
}