{
  "model": "claude-haiku-4-5-20251001",
  "template": "PS1_KI3",
  "total_samples": 50,
  "valid_json_count": 50,
  "json_validity_rate": 1.0,
  "overall_accuracy": 0.6213758865248227,
  "overall_precision": 0.7948133740609672,
  "overall_recall": 0.7083520801487594,
  "overall_f1": 0.7211756816800104,
  "overall_hallucination_rate": 0.13733905579399142,
  "avg_latency_seconds": 1.742308964729309,
  "field_metrics": {
    "ai_system.developer": {
      "accuracy": 0.86,
      "precision": 0.9772727272727273,
      "recall": 0.8775510204081632,
      "f1_score": 0.9247311827956989,
      "correct": 43,
      "incorrect": 1,
      "missing": 6,
      "hallucinated": 0
    },
    "ai_system.deployer": {
      "accuracy": 0.74,
      "precision": 0.9024390243902439,
      "recall": 0.8043478260869565,
      "f1_score": 0.8505747126436782,
      "correct": 37,
      "incorrect": 2,
      "missing": 9,
      "hallucinated": 2
    },
    "ai_system.system_type": {
      "accuracy": 0.76,
      "precision": 0.7755102040816326,
      "recall": 0.9743589743589743,
      "f1_score": 0.8636363636363635,
      "correct": 38,
      "incorrect": 10,
      "missing": 1,
      "hallucinated": 1
    },
    "ai_system.name": {
      "accuracy": 0.86,
      "precision": 0.8775510204081632,
      "recall": 0.9772727272727273,
      "f1_score": 0.9247311827956989,
      "correct": 43,
      "incorrect": 0,
      "missing": 1,
      "hallucinated": 6
    },
    "organizations[0].name": {
      "accuracy": 0.9361702127659575,
      "precision": 1.0,
      "recall": 0.9361702127659575,
      "f1_score": 0.967032967032967,
      "correct": 44,
      "incorrect": 0,
      "missing": 3,
      "hallucinated": 0
    },
    "organizations[0].role": {
      "accuracy": 0.7446808510638298,
      "precision": 0.7954545454545454,
      "recall": 0.9210526315789473,
      "f1_score": 0.8536585365853658,
      "correct": 35,
      "incorrect": 8,
      "missing": 3,
      "hallucinated": 1
    },
    "organizations[1].name": {
      "accuracy": 0.8181818181818182,
      "precision": 0.9310344827586207,
      "recall": 0.8709677419354839,
      "f1_score": 0.9,
      "correct": 27,
      "incorrect": 2,
      "missing": 4,
      "hallucinated": 0
    },
    "organizations[1].role": {
      "accuracy": 0.5151515151515151,
      "precision": 0.5862068965517241,
      "recall": 0.8095238095238095,
      "f1_score": 0.68,
      "correct": 17,
      "incorrect": 11,
      "missing": 4,
      "hallucinated": 1
    },
    "organizations[2].name": {
      "accuracy": 0.5333333333333333,
      "precision": 1.0,
      "recall": 0.5333333333333333,
      "f1_score": 0.6956521739130436,
      "correct": 8,
      "incorrect": 0,
      "missing": 7,
      "hallucinated": 0
    },
    "organizations[2].role": {
      "accuracy": 0.5333333333333333,
      "precision": 1.0,
      "recall": 0.5333333333333333,
      "f1_score": 0.6956521739130436,
      "correct": 8,
      "incorrect": 0,
      "missing": 7,
      "hallucinated": 0
    },
    "organizations[h3].name": {
      "accuracy": 0.0,
      "precision": 0.0,
      "recall": 0.0,
      "f1_score": 0.0,
      "correct": 0,
      "incorrect": 0,
      "missing": 0,
      "hallucinated": 8
    },
    "organizations[h3].role": {
      "accuracy": 0.0,
      "precision": 0.0,
      "recall": 0.0,
      "f1_score": 0.0,
      "correct": 0,
      "incorrect": 0,
      "missing": 0,
      "hallucinated": 8
    },
    "event.event_date": {
      "accuracy": 0.94,
      "precision": 0.9591836734693877,
      "recall": 0.9791666666666666,
      "f1_score": 0.9690721649484536,
      "correct": 47,
      "incorrect": 2,
      "missing": 1,
      "hallucinated": 0
    },
    "event.event_location": {
      "accuracy": 0.54,
      "precision": 0.9642857142857143,
      "recall": 0.5510204081632653,
      "f1_score": 0.7012987012987012,
      "correct": 27,
      "incorrect": 1,
      "missing": 22,
      "hallucinated": 0
    },
    "event.event_type": {
      "accuracy": 0.84,
      "precision": 0.8571428571428571,
      "recall": 0.9767441860465116,
      "f1_score": 0.9130434782608695,
      "correct": 42,
      "incorrect": 7,
      "missing": 1,
      "hallucinated": 0
    },
    "harm.affected_parties": {
      "accuracy": 0.72,
      "precision": 0.782608695652174,
      "recall": 0.9,
      "f1_score": 0.8372093023255814,
      "correct": 36,
      "incorrect": 10,
      "missing": 4,
      "hallucinated": 0
    },
    "harm.severity": {
      "accuracy": 0.58,
      "precision": 0.6304347826086957,
      "recall": 0.8787878787878788,
      "f1_score": 0.7341772151898734,
      "correct": 29,
      "incorrect": 17,
      "missing": 4,
      "hallucinated": 0
    },
    "harm.harm_type": {
      "accuracy": 0.84,
      "precision": 0.8571428571428571,
      "recall": 0.9767441860465116,
      "f1_score": 0.9130434782608695,
      "correct": 42,
      "incorrect": 7,
      "missing": 1,
      "hallucinated": 0
    },
    "organizations[h0].name": {
      "accuracy": 0.0,
      "precision": 0.0,
      "recall": 0.0,
      "f1_score": 0.0,
      "correct": 0,
      "incorrect": 0,
      "missing": 0,
      "hallucinated": 5
    },
    "organizations[h0].role": {
      "accuracy": 0.0,
      "precision": 0.0,
      "recall": 0.0,
      "f1_score": 0.0,
      "correct": 0,
      "incorrect": 0,
      "missing": 0,
      "hallucinated": 5
    },
    "organizations[h1].name": {
      "accuracy": 0.0,
      "precision": 0.0,
      "recall": 0.0,
      "f1_score": 0.0,
      "correct": 0,
      "incorrect": 0,
      "missing": 0,
      "hallucinated": 15
    },
    "organizations[h1].role": {
      "accuracy": 0.0,
      "precision": 0.0,
      "recall": 0.0,
      "f1_score": 0.0,
      "correct": 0,
      "incorrect": 0,
      "missing": 0,
      "hallucinated": 15
    },
    "organizations[h2].name": {
      "accuracy": 0.0,
      "precision": 0.0,
      "recall": 0.0,
      "f1_score": 0.0,
      "correct": 0,
      "incorrect": 0,
      "missing": 0,
      "hallucinated": 12
    },
    "organizations[h2].role": {
      "accuracy": 0.0,
      "precision": 0.0,
      "recall": 0.0,
      "f1_score": 0.0,
      "correct": 0,
      "incorrect": 0,
      "missing": 0,
      "hallucinated": 12
    },
    "incidents": {
      "accuracy": 0.0,
      "precision": 0.0,
      "recall": 0.0,
      "f1_score": 0.0,
      "correct": 0,
      "incorrect": 0,
      "missing": 0,
      "hallucinated": 1
    },
    "organizations[3].name": {
      "accuracy": 0.3333333333333333,
      "precision": 1.0,
      "recall": 0.3333333333333333,
      "f1_score": 0.5,
      "correct": 1,
      "incorrect": 0,
      "missing": 2,
      "hallucinated": 0
    },
    "organizations[3].role": {
      "accuracy": 0.3333333333333333,
      "precision": 1.0,
      "recall": 0.3333333333333333,
      "f1_score": 0.5,
      "correct": 1,
      "incorrect": 0,
      "missing": 2,
      "hallucinated": 0
    },
    "organizations[h4].name": {
      "accuracy": 0.0,
      "precision": 0.0,
      "recall": 0.0,
      "f1_score": 0.0,
      "correct": 0,
      "incorrect": 0,
      "missing": 0,
      "hallucinated": 2
    },
    "organizations[h4].role": {
      "accuracy": 0.0,
      "precision": 0.0,
      "recall": 0.0,
      "f1_score": 0.0,
      "correct": 0,
      "incorrect": 0,
      "missing": 0,
      "hallucinated": 2
    },
    "organizations[4].name": {
      "accuracy": 0.0,
      "precision": 0.0,
      "recall": 0.0,
      "f1_score": 0.0,
      "correct": 0,
      "incorrect": 0,
      "missing": 1,
      "hallucinated": 0
    },
    "organizations[4].role": {
      "accuracy": 0.0,
      "precision": 0.0,
      "recall": 0.0,
      "f1_score": 0.0,
      "correct": 0,
      "incorrect": 0,
      "missing": 1,
      "hallucinated": 0
    }
  },
  "error_count": 0
}