{
  "model": "claude-haiku-4-5-20251001",
  "template": "PS3_KI2",
  "total_samples": 50,
  "valid_json_count": 50,
  "json_validity_rate": 1.0,
  "overall_accuracy": 0.8039999999999999,
  "overall_accuracy_micro": 0.804,
  "overall_precision": 0.8171120395385346,
  "overall_precision_micro": 0.8277511961722488,
  "overall_recall": 0.912375033346672,
  "overall_recall_micro": 0.9301075268817204,
  "overall_f1": 0.8579785119986928,
  "overall_f1_micro": 0.8759493670886075,
  "overall_hallucination_rate": 0.03110047846889952,
  "avg_latency_seconds": 7.5617268896102905,
  "field_metrics": {
    "ai_system.deployer": {
      "accuracy": 0.68,
      "precision": 0.6538461538461539,
      "recall": 0.7083333333333334,
      "f1_score": 0.68,
      "correct": 17,
      "true_negative": 17,
      "incorrect": 4,
      "missing": 7,
      "hallucinated": 5
    },
    "ai_system.system_type": {
      "accuracy": 0.7,
      "precision": 0.7142857142857143,
      "recall": 0.9722222222222222,
      "f1_score": 0.8235294117647058,
      "correct": 35,
      "true_negative": 0,
      "incorrect": 14,
      "missing": 1,
      "hallucinated": 0
    },
    "ai_system.developer": {
      "accuracy": 0.84,
      "precision": 0.9230769230769231,
      "recall": 0.8,
      "f1_score": 0.8571428571428571,
      "correct": 24,
      "true_negative": 18,
      "incorrect": 1,
      "missing": 6,
      "hallucinated": 1
    },
    "ai_system.name": {
      "accuracy": 0.86,
      "precision": 0.78125,
      "recall": 1.0,
      "f1_score": 0.8771929824561403,
      "correct": 25,
      "true_negative": 18,
      "incorrect": 0,
      "missing": 0,
      "hallucinated": 7
    },
    "harm.harm_type": {
      "accuracy": 0.9,
      "precision": 0.9,
      "recall": 1.0,
      "f1_score": 0.9473684210526316,
      "correct": 45,
      "true_negative": 0,
      "incorrect": 5,
      "missing": 0,
      "hallucinated": 0
    },
    "harm.severity": {
      "accuracy": 0.5,
      "precision": 0.5813953488372093,
      "recall": 0.78125,
      "f1_score": 0.6666666666666666,
      "correct": 25,
      "true_negative": 0,
      "incorrect": 18,
      "missing": 7,
      "hallucinated": 0
    },
    "harm.affected_parties": {
      "accuracy": 0.66,
      "precision": 0.6976744186046512,
      "recall": 0.8823529411764706,
      "f1_score": 0.7792207792207793,
      "correct": 30,
      "true_negative": 3,
      "incorrect": 13,
      "missing": 4,
      "hallucinated": 0
    },
    "event.event_location": {
      "accuracy": 1.0,
      "precision": 1.0,
      "recall": 1.0,
      "f1_score": 1.0,
      "correct": 50,
      "true_negative": 0,
      "incorrect": 0,
      "missing": 0,
      "hallucinated": 0
    },
    "event.event_date": {
      "accuracy": 0.96,
      "precision": 0.9795918367346939,
      "recall": 0.9795918367346939,
      "f1_score": 0.9795918367346939,
      "correct": 48,
      "true_negative": 0,
      "incorrect": 1,
      "missing": 1,
      "hallucinated": 0
    },
    "event.event_type": {
      "accuracy": 0.94,
      "precision": 0.94,
      "recall": 1.0,
      "f1_score": 0.9690721649484536,
      "correct": 47,
      "true_negative": 0,
      "incorrect": 3,
      "missing": 0,
      "hallucinated": 0
    },
    "organizations[0].name": {
      "accuracy": 0.9574468085106383,
      "precision": 1.0,
      "recall": 0.9574468085106383,
      "f1_score": 0.9782608695652174,
      "correct": 45,
      "true_negative": 0,
      "incorrect": 0,
      "missing": 2,
      "hallucinated": 0
    },
    "organizations[0].role": {
      "accuracy": 0.7021276595744681,
      "precision": 0.7333333333333333,
      "recall": 0.9428571428571428,
      "f1_score": 0.8250000000000001,
      "correct": 33,
      "true_negative": 0,
      "incorrect": 12,
      "missing": 2,
      "hallucinated": 0
    },
    "organizations[1].name": {
      "accuracy": 0.7878787878787878,
      "precision": 0.9629629629629629,
      "recall": 0.8125,
      "f1_score": 0.8813559322033898,
      "correct": 26,
      "true_negative": 0,
      "incorrect": 1,
      "missing": 6,
      "hallucinated": 0
    },
    "organizations[1].role": {
      "accuracy": 0.48484848484848486,
      "precision": 0.5925925925925926,
      "recall": 0.7272727272727273,
      "f1_score": 0.6530612244897959,
      "correct": 16,
      "true_negative": 0,
      "incorrect": 11,
      "missing": 6,
      "hallucinated": 0
    },
    "organizations[2].name": {
      "accuracy": 0.3333333333333333,
      "precision": 1.0,
      "recall": 0.3333333333333333,
      "f1_score": 0.5,
      "correct": 5,
      "true_negative": 0,
      "incorrect": 0,
      "missing": 10,
      "hallucinated": 0
    },
    "organizations[2].role": {
      "accuracy": 0.3333333333333333,
      "precision": 1.0,
      "recall": 0.3333333333333333,
      "f1_score": 0.5,
      "correct": 5,
      "true_negative": 0,
      "incorrect": 0,
      "missing": 10,
      "hallucinated": 0
    },
    "organizations[h3].name": {
      "accuracy": 0.0,
      "precision": 0.0,
      "recall": 0.0,
      "f1_score": 0.0,
      "correct": 0,
      "true_negative": 0,
      "incorrect": 0,
      "missing": 0,
      "hallucinated": 8
    },
    "organizations[h3].role": {
      "accuracy": 0.0,
      "precision": 0.0,
      "recall": 0.0,
      "f1_score": 0.0,
      "correct": 0,
      "true_negative": 0,
      "incorrect": 0,
      "missing": 0,
      "hallucinated": 8
    },
    "organizations[h0].name": {
      "accuracy": 0.0,
      "precision": 0.0,
      "recall": 0.0,
      "f1_score": 0.0,
      "correct": 0,
      "true_negative": 0,
      "incorrect": 0,
      "missing": 0,
      "hallucinated": 6
    },
    "organizations[h0].role": {
      "accuracy": 0.0,
      "precision": 0.0,
      "recall": 0.0,
      "f1_score": 0.0,
      "correct": 0,
      "true_negative": 0,
      "incorrect": 0,
      "missing": 0,
      "hallucinated": 6
    },
    "organizations[h1].name": {
      "accuracy": 0.0,
      "precision": 0.0,
      "recall": 0.0,
      "f1_score": 0.0,
      "correct": 0,
      "true_negative": 0,
      "incorrect": 0,
      "missing": 0,
      "hallucinated": 17
    },
    "organizations[h1].role": {
      "accuracy": 0.0,
      "precision": 0.0,
      "recall": 0.0,
      "f1_score": 0.0,
      "correct": 0,
      "true_negative": 0,
      "incorrect": 0,
      "missing": 0,
      "hallucinated": 17
    },
    "organizations[h2].name": {
      "accuracy": 0.0,
      "precision": 0.0,
      "recall": 0.0,
      "f1_score": 0.0,
      "correct": 0,
      "true_negative": 0,
      "incorrect": 0,
      "missing": 0,
      "hallucinated": 12
    },
    "organizations[h2].role": {
      "accuracy": 0.0,
      "precision": 0.0,
      "recall": 0.0,
      "f1_score": 0.0,
      "correct": 0,
      "true_negative": 0,
      "incorrect": 0,
      "missing": 0,
      "hallucinated": 12
    },
    "organizations[3].name": {
      "accuracy": 0.3333333333333333,
      "precision": 1.0,
      "recall": 0.3333333333333333,
      "f1_score": 0.5,
      "correct": 1,
      "true_negative": 0,
      "incorrect": 0,
      "missing": 2,
      "hallucinated": 0
    },
    "organizations[3].role": {
      "accuracy": 0.3333333333333333,
      "precision": 1.0,
      "recall": 0.3333333333333333,
      "f1_score": 0.5,
      "correct": 1,
      "true_negative": 0,
      "incorrect": 0,
      "missing": 2,
      "hallucinated": 0
    },
    "organizations[4].name": {
      "accuracy": 0.0,
      "precision": 0.0,
      "recall": 0.0,
      "f1_score": 0.0,
      "correct": 0,
      "true_negative": 0,
      "incorrect": 0,
      "missing": 1,
      "hallucinated": 0
    },
    "organizations[4].role": {
      "accuracy": 0.0,
      "precision": 0.0,
      "recall": 0.0,
      "f1_score": 0.0,
      "correct": 0,
      "true_negative": 0,
      "incorrect": 0,
      "missing": 1,
      "hallucinated": 0
    }
  },
  "error_count": 0
}