{
  "model": "claude-haiku-4-5-20251001",
  "template": "PS1_KI4",
  "total_samples": 50,
  "valid_json_count": 50,
  "json_validity_rate": 1.0,
  "overall_accuracy": 0.7979999999999999,
  "overall_accuracy_micro": 0.798,
  "overall_precision": 0.8382836551149649,
  "overall_precision_micro": 0.8316831683168316,
  "overall_recall": 0.8958973112577764,
  "overall_recall_micro": 0.9105691056910569,
  "overall_f1": 0.8583143227391179,
  "overall_f1_micro": 0.8693402328589909,
  "overall_hallucination_rate": 0.01485148514851485,
  "avg_latency_seconds": 2.4238100624084473,
  "field_metrics": {
    "ai_system.deployer": {
      "accuracy": 0.78,
      "precision": 0.8947368421052632,
      "recall": 0.6538461538461539,
      "f1_score": 0.7555555555555555,
      "correct": 17,
      "true_negative": 22,
      "incorrect": 2,
      "missing": 9,
      "hallucinated": 0
    },
    "ai_system.system_type": {
      "accuracy": 0.7,
      "precision": 0.7291666666666666,
      "recall": 0.9459459459459459,
      "f1_score": 0.8235294117647058,
      "correct": 35,
      "true_negative": 0,
      "incorrect": 13,
      "missing": 2,
      "hallucinated": 0
    },
    "ai_system.developer": {
      "accuracy": 0.84,
      "precision": 0.9583333333333334,
      "recall": 0.7666666666666667,
      "f1_score": 0.8518518518518519,
      "correct": 23,
      "true_negative": 19,
      "incorrect": 1,
      "missing": 7,
      "hallucinated": 0
    },
    "ai_system.name": {
      "accuracy": 0.86,
      "precision": 0.8,
      "recall": 0.96,
      "f1_score": 0.8727272727272728,
      "correct": 24,
      "true_negative": 19,
      "incorrect": 0,
      "missing": 1,
      "hallucinated": 6
    },
    "harm.harm_type": {
      "accuracy": 0.82,
      "precision": 0.8541666666666666,
      "recall": 0.9534883720930233,
      "f1_score": 0.9010989010989011,
      "correct": 41,
      "true_negative": 0,
      "incorrect": 7,
      "missing": 2,
      "hallucinated": 0
    },
    "harm.severity": {
      "accuracy": 0.58,
      "precision": 0.6304347826086957,
      "recall": 0.8787878787878788,
      "f1_score": 0.7341772151898734,
      "correct": 29,
      "true_negative": 0,
      "incorrect": 17,
      "missing": 4,
      "hallucinated": 0
    },
    "harm.affected_parties": {
      "accuracy": 0.68,
      "precision": 0.7209302325581395,
      "recall": 0.8857142857142857,
      "f1_score": 0.7948717948717948,
      "correct": 31,
      "true_negative": 3,
      "incorrect": 12,
      "missing": 4,
      "hallucinated": 0
    },
    "event.event_location": {
      "accuracy": 0.98,
      "precision": 1.0,
      "recall": 0.98,
      "f1_score": 0.98989898989899,
      "correct": 49,
      "true_negative": 0,
      "incorrect": 0,
      "missing": 1,
      "hallucinated": 0
    },
    "event.event_date": {
      "accuracy": 0.92,
      "precision": 0.9583333333333334,
      "recall": 0.9583333333333334,
      "f1_score": 0.9583333333333334,
      "correct": 46,
      "true_negative": 0,
      "incorrect": 2,
      "missing": 2,
      "hallucinated": 0
    },
    "event.event_type": {
      "accuracy": 0.82,
      "precision": 0.8367346938775511,
      "recall": 0.9761904761904762,
      "f1_score": 0.9010989010989012,
      "correct": 41,
      "true_negative": 0,
      "incorrect": 8,
      "missing": 1,
      "hallucinated": 0
    },
    "organizations[0].name": {
      "accuracy": 0.9148936170212766,
      "precision": 1.0,
      "recall": 0.9148936170212766,
      "f1_score": 0.9555555555555556,
      "correct": 43,
      "true_negative": 0,
      "incorrect": 0,
      "missing": 4,
      "hallucinated": 0
    },
    "organizations[0].role": {
      "accuracy": 0.7446808510638298,
      "precision": 0.813953488372093,
      "recall": 0.8974358974358975,
      "f1_score": 0.8536585365853658,
      "correct": 35,
      "true_negative": 0,
      "incorrect": 8,
      "missing": 4,
      "hallucinated": 0
    },
    "organizations[1].name": {
      "accuracy": 0.7575757575757576,
      "precision": 0.9259259259259259,
      "recall": 0.8064516129032258,
      "f1_score": 0.8620689655172414,
      "correct": 25,
      "true_negative": 0,
      "incorrect": 2,
      "missing": 6,
      "hallucinated": 0
    },
    "organizations[1].role": {
      "accuracy": 0.45454545454545453,
      "precision": 0.5555555555555556,
      "recall": 0.7142857142857143,
      "f1_score": 0.6250000000000001,
      "correct": 15,
      "true_negative": 0,
      "incorrect": 12,
      "missing": 6,
      "hallucinated": 0
    },
    "organizations[2].name": {
      "accuracy": 0.3333333333333333,
      "precision": 1.0,
      "recall": 0.3333333333333333,
      "f1_score": 0.5,
      "correct": 5,
      "true_negative": 0,
      "incorrect": 0,
      "missing": 10,
      "hallucinated": 0
    },
    "organizations[2].role": {
      "accuracy": 0.3333333333333333,
      "precision": 1.0,
      "recall": 0.3333333333333333,
      "f1_score": 0.5,
      "correct": 5,
      "true_negative": 0,
      "incorrect": 0,
      "missing": 10,
      "hallucinated": 0
    },
    "organizations[h3].name": {
      "accuracy": 0.0,
      "precision": 0.0,
      "recall": 0.0,
      "f1_score": 0.0,
      "correct": 0,
      "true_negative": 0,
      "incorrect": 0,
      "missing": 0,
      "hallucinated": 6
    },
    "organizations[h3].role": {
      "accuracy": 0.0,
      "precision": 0.0,
      "recall": 0.0,
      "f1_score": 0.0,
      "correct": 0,
      "true_negative": 0,
      "incorrect": 0,
      "missing": 0,
      "hallucinated": 6
    },
    "organizations[h0].name": {
      "accuracy": 0.0,
      "precision": 0.0,
      "recall": 0.0,
      "f1_score": 0.0,
      "correct": 0,
      "true_negative": 0,
      "incorrect": 0,
      "missing": 0,
      "hallucinated": 6
    },
    "organizations[h0].role": {
      "accuracy": 0.0,
      "precision": 0.0,
      "recall": 0.0,
      "f1_score": 0.0,
      "correct": 0,
      "true_negative": 0,
      "incorrect": 0,
      "missing": 0,
      "hallucinated": 6
    },
    "organizations[h1].name": {
      "accuracy": 0.0,
      "precision": 0.0,
      "recall": 0.0,
      "f1_score": 0.0,
      "correct": 0,
      "true_negative": 0,
      "incorrect": 0,
      "missing": 0,
      "hallucinated": 14
    },
    "organizations[h1].role": {
      "accuracy": 0.0,
      "precision": 0.0,
      "recall": 0.0,
      "f1_score": 0.0,
      "correct": 0,
      "true_negative": 0,
      "incorrect": 0,
      "missing": 0,
      "hallucinated": 14
    },
    "organizations[h2].name": {
      "accuracy": 0.0,
      "precision": 0.0,
      "recall": 0.0,
      "f1_score": 0.0,
      "correct": 0,
      "true_negative": 0,
      "incorrect": 0,
      "missing": 0,
      "hallucinated": 11
    },
    "organizations[h2].role": {
      "accuracy": 0.0,
      "precision": 0.0,
      "recall": 0.0,
      "f1_score": 0.0,
      "correct": 0,
      "true_negative": 0,
      "incorrect": 0,
      "missing": 0,
      "hallucinated": 11
    },
    "incidents": {
      "accuracy": 0.0,
      "precision": 0.0,
      "recall": 0.0,
      "f1_score": 0.0,
      "correct": 0,
      "true_negative": 0,
      "incorrect": 0,
      "missing": 0,
      "hallucinated": 1
    },
    "organizations[3].name": {
      "accuracy": 0.3333333333333333,
      "precision": 1.0,
      "recall": 0.3333333333333333,
      "f1_score": 0.5,
      "correct": 1,
      "true_negative": 0,
      "incorrect": 0,
      "missing": 2,
      "hallucinated": 0
    },
    "organizations[3].role": {
      "accuracy": 0.3333333333333333,
      "precision": 1.0,
      "recall": 0.3333333333333333,
      "f1_score": 0.5,
      "correct": 1,
      "true_negative": 0,
      "incorrect": 0,
      "missing": 2,
      "hallucinated": 0
    },
    "organizations[h4].name": {
      "accuracy": 0.0,
      "precision": 0.0,
      "recall": 0.0,
      "f1_score": 0.0,
      "correct": 0,