{
  "model": "claude-haiku-4-5-20251001",
  "template": "PS2_KI1",
  "total_samples": 50,
  "valid_json_count": 50,
  "json_validity_rate": 1.0,
  "overall_accuracy": 0.666,
  "overall_accuracy_micro": 0.666,
  "overall_precision": 0.668987243534356,
  "overall_precision_micro": 0.6533957845433255,
  "overall_recall": 0.9205179482451287,
  "overall_recall_micro": 0.9362416107382551,
  "overall_f1": 0.7380136294629533,
  "overall_f1_micro": 0.7696551724137931,
  "overall_hallucination_rate": 0.0351288056206089,
  "avg_latency_seconds": 2.4418134593963625,
  "field_metrics": {
    "ai_system.deployer": {
      "accuracy": 0.74,
      "precision": 0.7307692307692307,
      "recall": 0.76,
      "f1_score": 0.7450980392156863,
      "correct": 19,
      "true_negative": 18,
      "incorrect": 3,
      "missing": 6,
      "hallucinated": 4
    },
    "ai_system.system_type": {
      "accuracy": 0.14,
      "precision": 0.14285714285714285,
      "recall": 0.875,
      "f1_score": 0.2456140350877193,
      "correct": 7,
      "true_negative": 0,
      "incorrect": 42,
      "missing": 1,
      "hallucinated": 0
    },
    "ai_system.developer": {
      "accuracy": 0.88,
      "precision": 0.9259259259259259,
      "recall": 0.8620689655172413,
      "f1_score": 0.8928571428571429,
      "correct": 25,
      "true_negative": 19,
      "incorrect": 2,
      "missing": 4,
      "hallucinated": 0
    },
    "ai_system.name": {
      "accuracy": 0.78,
      "precision": 0.6857142857142857,
      "recall": 1.0,
      "f1_score": 0.8135593220338984,
      "correct": 24,
      "true_negative": 15,
      "incorrect": 1,
      "missing": 0,
      "hallucinated": 10
    },
    "harm.harm_type": {
      "accuracy": 0.22,
      "precision": 0.22448979591836735,
      "recall": 0.9166666666666666,
      "f1_score": 0.36065573770491804,
      "correct": 11,
      "true_negative": 0,
      "incorrect": 38,
      "missing": 1,
      "hallucinated": 0
    },
    "harm.severity": {
      "accuracy": 0.6,
      "precision": 0.6382978723404256,
      "recall": 0.9090909090909091,
      "f1_score": 0.75,
      "correct": 30,
      "true_negative": 0,
      "incorrect": 17,
      "missing": 3,
      "hallucinated": 0
    },
    "harm.affected_parties": {
      "accuracy": 0.64,
      "precision": 0.6818181818181818,
      "recall": 0.8823529411764706,
      "f1_score": 0.7692307692307693,
      "correct": 30,
      "true_negative": 2,
      "incorrect": 13,
      "missing": 4,
      "hallucinated": 1
    },
    "event.event_location": {
      "accuracy": 1.0,
      "precision": 1.0,
      "recall": 1.0,
      "f1_score": 1.0,
      "correct": 50,
      "true_negative": 0,
      "incorrect": 0,
      "missing": 0,
      "hallucinated": 0
    },
    "event.event_date": {
      "accuracy": 0.96,
      "precision": 0.96,
      "recall": 1.0,
      "f1_score": 0.9795918367346939,
      "correct": 48,
      "true_negative": 0,
      "incorrect": 2,
      "missing": 0,
      "hallucinated": 0
    },
    "event.event_type": {
      "accuracy": 0.7,
      "precision": 0.7,
      "recall": 1.0,
      "f1_score": 0.8235294117647058,
      "correct": 35,
      "true_negative": 0,
      "incorrect": 15,
      "missing": 0,
      "hallucinated": 0
    },
    "organizations[0].name": {
      "accuracy": 0.9361702127659575,
      "precision": 1.0,
      "recall": 0.9361702127659575,
      "f1_score": 0.967032967032967,
      "correct": 44,
      "true_negative": 0,
      "incorrect": 0,
      "missing": 3,
      "hallucinated": 0
    },
    "organizations[0].role": {
      "accuracy": 0.7021276595744681,
      "precision": 0.75,
      "recall": 0.9166666666666666,
      "f1_score": 0.8250000000000001,
      "correct": 33,
      "true_negative": 0,
      "incorrect": 11,
      "missing": 3,
      "hallucinated": 0
    },
    "organizations[1].name": {
      "accuracy": 0.7878787878787878,
      "precision": 0.9285714285714286,
      "recall": 0.8387096774193549,
      "f1_score": 0.8813559322033899,
      "correct": 26,
      "true_negative": 0,
      "incorrect": 2,
      "missing": 5,
      "hallucinated": 0
    },
    "organizations[1].role": {
      "accuracy": 0.3333333333333333,
      "precision": 0.39285714285714285,
      "recall": 0.6875,
      "f1_score": 0.5,
      "correct": 11,
      "true_negative": 0,
      "incorrect": 17,
      "missing": 5,
      "hallucinated": 0
    },
    "organizations[2].name": {
      "accuracy": 0.3333333333333333,
      "precision": 1.0,
      "recall": 0.3333333333333333,
      "f1_score": 0.5,
      "correct": 5,
      "true_negative": 0,
      "incorrect": 0,
      "missing": 10,
      "hallucinated": 0
    },
    "organizations[2].role": {
      "accuracy": 0.2,
      "precision": 0.6,
      "recall": 0.23076923076923078,
      "f1_score": 0.33333333333333337,
      "correct": 3,
      "true_negative": 0,
      "incorrect": 2,
      "missing": 10,
      "hallucinated": 0
    },
    "organizations[h0].name": {
      "accuracy": 0.0,
      "precision": 0.0,
      "recall": 0.0,
      "f1_score": 0.0,
      "correct": 0,
      "true_negative": 0,
      "incorrect": 0,
      "missing": 0,
      "hallucinated": 6
    },
    "organizations[h0].role": {
      "accuracy": 0.0,
      "precision": 0.0,
      "recall": 0.0,
      "f1_score": 0.0,
      "correct": 0,
      "true_negative": 0,
      "incorrect": 0,
      "missing": 0,
      "hallucinated": 6
    },
    "organizations[h1].name": {
      "accuracy": 0.0,
      "precision": 0.0,
      "recall": 0.0,
      "f1_score": 0.0,
      "correct": 0,
      "true_negative": 0,
      "incorrect": 0,
      "missing": 0,
      "hallucinated": 19
    },
    "organizations[h1].role": {
      "accuracy": 0.0,
      "precision": 0.0,
      "recall": 0.0,
      "f1_score": 0.0,
      "correct": 0,
      "true_negative": 0,
      "incorrect": 0,
      "missing": 0,
      "hallucinated": 19
    },
    "organizations[h2].name": {
      "accuracy": 0.0,
      "precision": 0.0,
      "recall": 0.0,
      "f1_score": 0.0,
      "correct": 0,
      "true_negative": 0,
      "incorrect": 0,
      "missing": 0,
      "hallucinated": 11
    },
    "organizations[h2].role": {
      "accuracy": 0.0,
      "precision": 0.0,
      "recall": 0.0,
      "f1_score": 0.0,
      "correct": 0,
      "true_negative": 0,
      "incorrect": 0,
      "missing": 0,
      "hallucinated": 11
    },
    "organizations[h3].name": {
      "accuracy": 0.0,
      "precision": 0.0,
      "recall": 0.0,
      "f1_score": 0.0,
      "correct": 0,
      "true_negative": 0,
      "incorrect": 0,
      "missing": 0,
      "hallucinated": 5
    },
    "organizations[h3].role": {
      "accuracy": 0.0,
      "precision": 0.0,
      "recall": 0.0,
      "f1_score": 0.0,
      "correct": 0,
      "true_negative": 0,
      "incorrect": 0,
      "missing": 0,
      "hallucinated": 5
    },
    "organizations[3].name": {
      "accuracy": 0.3333333333333333,
      "precision": 1.0,
      "recall": 0.3333333333333333,
      "f1_score": 0.5,
      "correct": 1,
      "true_negative": 0,
      "incorrect": 0,
      "missing": 2,
      "hallucinated": 0
    },
    "organizations[3].role": {
      "accuracy": 0.0,
      "precision": 0.0,
      "recall": 0.0,
      "f1_score": 0.0,
      "correct": 0,
      "true_negative": 0,
      "incorrect": 1,
      "missing": 2,
      "hallucinated": 0
    },
    "organizations[4].name": {
      "accuracy": 0.0,
      "precision": 0.0,
      "recall": 0.0,
      "f1_score": 0.0,
      "correct": 0,
      "true_negative": 0,
      "incorrect": 0,
      "missing": 1,
      "hallucinated": 0
    },
    "organizations[4].role": {
      "accuracy": 0.0,
      "precision": 0.0,
      "recall": 0.0,
      "f1_score": 0.0,
      "correct": 0,
      "true_negative": 0,
      "incorrect": 0,
      "missing": 1,
      "hallucinated": 0
    }
  },
  "error_count": 0
}