{
  "model": "llama3.1:8b",
  "template": "PS3_KI1",
  "total_samples": 50,
  "valid_json_count": 50,
  "json_validity_rate": 1.0,
  "overall_accuracy": 0.12090909090909092,
  "overall_precision": 0.2360034281777979,
  "overall_recall": 0.16742628872466,
  "overall_f1": 0.17613293638290276,
  "overall_hallucination_rate": 0.14520547945205478,
  "avg_latency_seconds": 15.385382647514342,
  "field_metrics": {
    "organizations[0].name": {
      "accuracy": 0.5,
      "precision": 0.6944444444444444,
      "recall": 0.6410256410256411,
      "f1_score": 0.6666666666666666,
      "correct": 25,
      "incorrect": 11,
      "missing": 14,
      "hallucinated": 0
    },
    "organizations[0].role": {
      "accuracy": 0.36,
      "precision": 0.5142857142857142,
      "recall": 0.5454545454545454,
      "f1_score": 0.5294117647058822,
      "correct": 18,
      "incorrect": 17,
      "missing": 15,
      "hallucinated": 0
    },
    "organizations[1].name": {
      "accuracy": 0.36363636363636365,
      "precision": 0.75,
      "recall": 0.41379310344827586,
      "f1_score": 0.5333333333333333,
      "correct": 12,
      "incorrect": 4,
      "missing": 17,
      "hallucinated": 0
    },
    "organizations[1].role": {
      "accuracy": 0.18181818181818182,
      "precision": 0.375,
      "recall": 0.2608695652173913,
      "f1_score": 0.30769230769230765,
      "correct": 6,
      "incorrect": 10,
      "missing": 17,
      "hallucinated": 0
    },
    "organizations[2].name": {
      "accuracy": 0.13333333333333333,
      "precision": 0.6666666666666666,
      "recall": 0.14285714285714285,
      "f1_score": 0.23529411764705882,
      "correct": 2,
      "incorrect": 1,
      "missing": 12,
      "hallucinated": 0
    },
    "organizations[2].role": {
      "accuracy": 0.06666666666666667,
      "precision": 0.3333333333333333,
      "recall": 0.07692307692307693,
      "f1_score": 0.125,
      "correct": 1,
      "incorrect": 2,
      "missing": 12,
      "hallucinated": 0
    },
    "harm.severity": {
      "accuracy": 0.0,
      "precision": 0.0,
      "recall": 0.0,
      "f1_score": 0.0,
      "correct": 0,
      "incorrect": 10,
      "missing": 40,
      "hallucinated": 0
    },
    "harm.affected_parties": {
      "accuracy": 0.08,
      "precision": 0.3333333333333333,
      "recall": 0.09523809523809523,
      "f1_score": 0.14814814814814814,
      "correct": 4,
      "incorrect": 7,
      "missing": 38,
      "hallucinated": 1
    },
    "harm.harm_type": {
      "accuracy": 0.0,
      "precision": 0.0,
      "recall": 0.0,
      "f1_score": 0.0,
      "correct": 0,
      "incorrect": 37,
      "missing": 13,
      "hallucinated": 0
    },
    "event.event_type": {
      "accuracy": 0.0,
      "precision": 0.0,
      "recall": 0.0,
      "f1_score": 0.0,
      "correct": 0,
      "incorrect": 3,
      "missing": 47,
      "hallucinated": 0
    },
    "event.event_location": {
      "accuracy": 0.2,
      "precision": 0.5882352941176471,
      "recall": 0.23255813953488372,
      "f1_score": 0.3333333333333333,
      "correct": 10,
      "incorrect": 7,
      "missing": 33,
      "hallucinated": 0
    },
    "event.event_date": {
      "accuracy": 0.0,
      "precision": 0.0,
      "recall": 0.0,
      "f1_score": 0.0,
      "correct": 0,
      "incorrect": 0,
      "missing": 50,
      "hallucinated": 0
    },
    "ai_system.system_type": {
      "accuracy": 0.06,
      "precision": 0.06818181818181818,
      "recall": 0.3333333333333333,
      "f1_score": 0.11320754716981131,
      "correct": 3,
      "incorrect": 40,
      "missing": 6,
      "hallucinated": 1
    },
    "ai_system.developer": {
      "accuracy": 0.46,
      "precision": 0.8846153846153846,
      "recall": 0.48936170212765956,
      "f1_score": 0.6301369863013698,
      "correct": 23,
      "incorrect": 3,
      "missing": 24,
      "hallucinated": 0
    },
    "ai_system.deployer": {
      "accuracy": 0.42,
      "precision": 0.84,
      "recall": 0.45652173913043476,
      "f1_score": 0.5915492957746479,
      "correct": 21,
      "incorrect": 2,
      "missing": 25,
      "hallucinated": 2
    },
    "ai_system.name": {
      "accuracy": 0.56,
      "precision": 0.56,
      "recall": 1.0,
      "f1_score": 0.717948717948718,
      "correct": 28,
      "incorrect": 5,
      "missing": 0,
      "hallucinated": 17
    },
    "organizations[h0].name": {
      "accuracy": 0.0,
      "precision": 0.0,
      "recall": 0.0,
      "f1_score": 0.0,
      "correct": 0,
      "incorrect": 0,
      "missing": 0,
      "hallucinated": 10
    },
    "organizations[h0].role": {
      "accuracy": 0.0,
      "precision": 0.0,
      "recall": 0.0,
      "f1_score": 0.0,
      "correct": 0,
      "incorrect": 0,
      "missing": 0,
      "hallucinated": 10
    },
    "organizations[3].name": {
      "accuracy": 0.0,
      "precision": 0.0,
      "recall": 0.0,
      "f1_score": 0.0,
      "correct": 0,
      "incorrect": 0,
      "missing": 3,
      "hallucinated": 0
    },
    "organizations[3].role": {
      "accuracy": 0.0,
      "precision": 0.0,
      "recall": 0.0,
      "f1_score": 0.0,
      "correct": 0,
      "incorrect": 0,
      "missing": 3,
      "hallucinated": 0
    },
    "harm.1": {
      "accuracy": 0.0,
      "precision": 0.0,
      "recall": 0.0,
      "f1_score": 0.0,
      "correct": 0,
      "incorrect": 0,
      "missing": 0,
      "hallucinated": 1
    },
    "harm.0": {
      "accuracy": 0.0,
      "precision": 0.0,
      "recall": 0.0,
      "f1_score": 0.0,
      "correct": 0,
      "incorrect": 0,
      "missing": 0,
      "hallucinated": 1
    },
    "organizations[4].name": {
      "accuracy": 0.0,
      "precision": 0.0,
      "recall": 0.0,
      "f1_score": 0.0,
      "correct": 0,
      "incorrect": 0,
      "missing": 1,
      "hallucinated": 0
    },
    "organizations[4].role": {
      "accuracy": 0.0,
      "precision": 0.0,
      "recall": 0.0,
      "f1_score": 0.0,
      "correct": 0,
      "incorrect": 0,
      "missing": 1,
      "hallucinated": 0
    },
    "organizations[h1].name": {
      "accuracy": 0.0,
      "precision": 0.0,
      "recall": 0.0,
      "f1_score": 0.0,
      "correct": 0,
      "incorrect": 0,
      "missing": 0,
      "hallucinated": 3
    },
    "organizations[h1].role": {
      "accuracy": 0.0,
      "precision": 0.0,
      "recall": 0.0,
      "f1_score": 0.0,
      "correct": 0,
      "incorrect": 0,
      "missing": 0,
      "hallucinated": 3
    },
    "organizations[h2].name": {
      "accuracy": 0.0,
      "precision": 0.0,
      "recall": 0.0,
      "f1_score": 0.0,
      "correct": 0,
      "incorrect": 0,
      "missing": 0,
      "hallucinated": 2
    },
    "organizations[h2].role": {
      "accuracy": 0.0,
      "precision": 0.0,
      "recall": 0.0,
      "f1_score": 0.0,
      "correct": 0,
      "incorrect": 0,
      "missing": 0,
      "hallucinated": 2
    }
  },
  "error_count": 0
}