{
  "model": "claude-haiku-4-5-20251001",
  "template": "PS3_KI1",
  "total_samples": 50,
  "valid_json_count": 50,
  "json_validity_rate": 1.0,
  "overall_accuracy": 0.3548916827852998,
  "overall_precision": 0.512811808528546,
  "overall_recall": 0.4380020045140083,
  "overall_f1": 0.43096146022175247,
  "overall_hallucination_rate": 0.13874788494077833,
  "avg_latency_seconds": 4.229794778823853,
  "field_metrics": {
    "organizations[0].name": {
      "accuracy": 0.9148936170212766,
      "precision": 1.0,
      "recall": 0.9148936170212766,
      "f1_score": 0.9555555555555556,
      "correct": 43,
      "incorrect": 0,
      "missing": 4,
      "hallucinated": 0
    },
    "organizations[0].role": {
      "accuracy": 0.1702127659574468,
      "precision": 0.18181818181818182,
      "recall": 0.7272727272727273,
      "f1_score": 0.2909090909090909,
      "correct": 8,
      "incorrect": 36,
      "missing": 3,
      "hallucinated": 0
    },
    "organizations[1].name": {
      "accuracy": 0.7575757575757576,
      "precision": 0.9615384615384616,
      "recall": 0.78125,
      "f1_score": 0.8620689655172413,
      "correct": 25,
      "incorrect": 1,
      "missing": 7,
      "hallucinated": 0
    },
    "organizations[1].role": {
      "accuracy": 0.18181818181818182,
      "precision": 0.23076923076923078,
      "recall": 0.46153846153846156,
      "f1_score": 0.30769230769230776,
      "correct": 6,
      "incorrect": 20,
      "missing": 7,
      "hallucinated": 0
    },
    "organizations[2].name": {
      "accuracy": 0.3333333333333333,
      "precision": 1.0,
      "recall": 0.3333333333333333,
      "f1_score": 0.5,
      "correct": 5,
      "incorrect": 0,
      "missing": 10,
      "hallucinated": 0
    },
    "organizations[2].role": {
      "accuracy": 0.06666666666666667,
      "precision": 0.2,
      "recall": 0.09090909090909091,
      "f1_score": 0.12500000000000003,
      "correct": 1,
      "incorrect": 4,
      "missing": 10,
      "hallucinated": 0
    },
    "event.event_type": {
      "accuracy": 0.0,
      "precision": 0.0,
      "recall": 0.0,
      "f1_score": 0.0,
      "correct": 0,
      "incorrect": 41,
      "missing": 9,
      "hallucinated": 0
    },
    "event.event_location": {
      "accuracy": 0.3,
      "precision": 0.75,
      "recall": 0.3333333333333333,
      "f1_score": 0.46153846153846156,
      "correct": 15,
      "incorrect": 5,
      "missing": 30,
      "hallucinated": 0
    },
    "event.event_date": {
      "accuracy": 0.92,
      "precision": 0.9387755102040817,
      "recall": 0.9787234042553191,
      "f1_score": 0.9583333333333333,
      "correct": 46,
      "incorrect": 3,
      "missing": 1,
      "hallucinated": 0
    },
    "ai_system.system_type": {
      "accuracy": 0.1,
      "precision": 0.1388888888888889,
      "recall": 0.2631578947368421,
      "f1_score": 0.18181818181818182,
      "correct": 5,
      "incorrect": 31,
      "missing": 14,
      "hallucinated": 0
    },
    "ai_system.name": {
      "accuracy": 0.88,
      "precision": 0.9166666666666666,
      "recall": 0.9565217391304348,
      "f1_score": 0.9361702127659574,
      "correct": 44,
      "incorrect": 0,
      "missing": 2,
      "hallucinated": 4
    },
    "ai_system.developer": {
      "accuracy": 0.82,
      "precision": 0.9761904761904762,
      "recall": 0.8367346938775511,
      "f1_score": 0.9010989010989012,
      "correct": 41,
      "incorrect": 1,
      "missing": 8,
      "hallucinated": 0
    },
    "ai_system.deployer": {
      "accuracy": 0.66,
      "precision": 0.868421052631579,
      "recall": 0.7333333333333333,
      "f1_score": 0.7951807228915663,
      "correct": 33,
      "incorrect": 3,
      "missing": 12,
      "hallucinated": 2
    },
    "harm.severity": {
      "accuracy": 0.02,
      "precision": 0.3333333333333333,
      "recall": 0.020833333333333332,
      "f1_score": 0.0392156862745098,
      "correct": 1,
      "incorrect": 2,
      "missing": 47,
      "hallucinated": 0
    },
    "harm.harm_type": {
      "accuracy": 0.02,
      "precision": 0.021739130434782608,
      "recall": 0.2,
      "f1_score": 0.0392156862745098,
      "correct": 1,
      "incorrect": 45,
      "missing": 4,
      "hallucinated": 0
    },
    "harm.affected_parties": {
      "accuracy": 0.62,
      "precision": 0.7380952380952381,
      "recall": 0.7948717948717948,
      "f1_score": 0.7654320987654322,
      "correct": 31,
      "incorrect": 10,
      "missing": 8,
      "hallucinated": 1
    },
    "organizations[h0].name": {
      "accuracy": 0.0,
      "precision": 0.0,
      "recall": 0.0,
      "f1_score": 0.0,
      "correct": 0,
      "incorrect": 0,
      "missing": 0,
      "hallucinated": 8
    },
    "organizations[h0].role": {
      "accuracy": 0.0,
      "precision": 0.0,
      "recall": 0.0,
      "f1_score": 0.0,
      "correct": 0,
      "incorrect": 0,
      "missing": 0,
      "hallucinated": 8
    },
    "organizations[h1].name": {
      "accuracy": 0.0,
      "precision": 0.0,
      "recall": 0.0,
      "f1_score": 0.0,
      "correct": 0,
      "incorrect": 0,
      "missing": 0,
      "hallucinated": 12
    },
    "organizations[h1].role": {
      "accuracy": 0.0,
      "precision": 0.0,
      "recall": 0.0,
      "f1_score": 0.0,
      "correct": 0,
      "incorrect": 0,
      "missing": 0,
      "hallucinated": 12
    },
    "organizations[h2].name": {
      "accuracy": 0.0,
      "precision": 0.0,
      "recall": 0.0,
      "f1_score": 0.0,
      "correct": 0,
      "incorrect": 0,
      "missing": 0,
      "hallucinated": 7
    },
    "organizations[h2].role": {
      "accuracy": 0.0,
      "precision": 0.0,
      "recall": 0.0,
      "f1_score": 0.0,
      "correct": 0,
      "incorrect": 0,
      "missing": 0,
      "hallucinated": 7
    },
    "event.event_date_quote": {
      "accuracy": 0.0,
      "precision": 0.0,
      "recall": 0.0,
      "f1_score": 0.0,
      "correct": 0,
      "incorrect": 0,
      "missing": 0,
      "hallucinated": 2
    },
    "event.description_quote": {
      "accuracy": 0.0,
      "precision": 0.0,
      "recall": 0.0,
      "f1_score": 0.0,
      "correct": 0,
      "incorrect": 0,
      "missing": 0,
      "hallucinated": 2
    },
    "ai_system.system_type_quote": {
      "accuracy": 0.0,
      "precision": 0.0,
      "recall": 0.0,
      "f1_score": 0.0,
      "correct": 0,
      "incorrect": 0,
      "missing": 0,
      "hallucinated": 2
    },
    "ai_system.ai_system_name_quote": {
      "accuracy": 0.0,
      "precision": 0.0,
      "recall": 0.0,
      "f1_score": 0.0,
      "correct": 0,
      "incorrect": 0,
      "missing": 0,
      "hallucinated": 2
    },
    "ai_system.developer_quote": {
      "accuracy": 0.0,
      "precision": 0.0,
      "recall": 0.0,
      "f1_score": 0.0,
      "correct": 0,
      "incorrect": 0,
      "missing": 0,
      "hallucinated": 2
    },
    "harm.harm_type_quote": {
      "accuracy": 0.0,
      "precision": 0.0,
      "recall": 0.0,
      "f1_score": 0.0,
      "correct": 0,
      "incorrect": 0,
      "missing": 0,
      "hallucinated": 2
    },
    "event.event_location_quote": {
      "accuracy": 0.0,
      "precision": 0.0,
      "recall": 0.0,
      "f1_score": 0.0,
      "correct": 0,
      "incorrect": 0,
      "missing": 0,
      "hallucinated": 1
    },
    "organizations[3].name": {
      "accuracy": 0.3333333333333333,
      "precision": 1.0,
      "recall": 0.3333333333333333,
      "f1_score": 0.5,
      "correct": 1,
      "incorrect": 0,
      "missing": 2,
      "hallucinated": 0
    },
    "organizations[3].role": {
      "accuracy": 0.0,
      "precision": 0.0,
      "recall": 0.0,
      "f1_score": 0.0,
      "correct": 0,
      "incorrect": 1,
      "missing": 2,
      "hallucinated": 0
    },
    "organizations[h3].name": {
      "accuracy": 0.0,
      "precision": 0.0,
      "recall": 0.0,
      "f1_score": 0.0,
      "correct": 0,
      "incorrect": 0,