{
  "model": "claude-haiku-4-5-20251001",
  "template": "PS1_KI4",
  "total_samples": 50,
  "valid_json_count": 50,
  "json_validity_rate": 1.0,
  "overall_accuracy": 0.33810320084856804,
  "overall_precision": 0.47999498785360145,
  "overall_recall": 0.3876899795361472,
  "overall_f1": 0.40819797006677966,
  "overall_hallucination_rate": 0.13930348258706468,
  "avg_latency_seconds": 2.419959907531738,
  "field_metrics": {
    "event.event_location": {
      "accuracy": 0.48,
      "precision": 0.9230769230769231,
      "recall": 0.5,
      "f1_score": 0.6486486486486487,
      "correct": 24,
      "incorrect": 2,
      "missing": 24,
      "hallucinated": 0
    },
    "event.event_type": {
      "accuracy": 0.8,
      "precision": 0.851063829787234,
      "recall": 0.9302325581395349,
      "f1_score": 0.888888888888889,
      "correct": 40,
      "incorrect": 7,
      "missing": 3,
      "hallucinated": 0
    },
    "event.event_date": {
      "accuracy": 0.0,
      "precision": 0.0,
      "recall": 0.0,
      "f1_score": 0.0,
      "correct": 0,
      "incorrect": 1,
      "missing": 49,
      "hallucinated": 0
    },
    "ai_system.system_type": {
      "accuracy": 0.64,
      "precision": 0.6808510638297872,
      "recall": 0.9142857142857143,
      "f1_score": 0.7804878048780487,
      "correct": 32,
      "incorrect": 14,
      "missing": 3,
      "hallucinated": 1
    },
    "ai_system.deployer": {
      "accuracy": 0.72,
      "precision": 0.9,
      "recall": 0.782608695652174,
      "f1_score": 0.8372093023255814,
      "correct": 36,
      "incorrect": 2,
      "missing": 10,
      "hallucinated": 2
    },
    "ai_system.developer": {
      "accuracy": 0.78,
      "precision": 1.0,
      "recall": 0.78,
      "f1_score": 0.8764044943820225,
      "correct": 39,
      "incorrect": 0,
      "missing": 11,
      "hallucinated": 0
    },
    "ai_system.name": {
      "accuracy": 0.82,
      "precision": 0.8723404255319149,
      "recall": 0.9318181818181818,
      "f1_score": 0.9010989010989012,
      "correct": 41,
      "incorrect": 0,
      "missing": 3,
      "hallucinated": 6
    },
    "organizations[0].name": {
      "accuracy": 0.8936170212765957,
      "precision": 1.0,
      "recall": 0.8936170212765957,
      "f1_score": 0.9438202247191011,
      "correct": 42,
      "incorrect": 0,
      "missing": 5,
      "hallucinated": 0
    },
    "organizations[0].role": {
      "accuracy": 0.7021276595744681,
      "precision": 0.7857142857142857,
      "recall": 0.868421052631579,
      "f1_score": 0.825,
      "correct": 33,
      "incorrect": 8,
      "missing": 5,
      "hallucinated": 1
    },
    "organizations[1].name": {
      "accuracy": 0.7272727272727273,
      "precision": 0.9230769230769231,
      "recall": 0.7741935483870968,
      "f1_score": 0.8421052631578947,
      "correct": 24,
      "incorrect": 2,
      "missing": 7,
      "hallucinated": 0
    },
    "organizations[1].role": {
      "accuracy": 0.48484848484848486,
      "precision": 0.6153846153846154,
      "recall": 0.6956521739130435,
      "f1_score": 0.6530612244897959,
      "correct": 16,
      "incorrect": 9,
      "missing": 7,
      "hallucinated": 1
    },
    "organizations[2].name": {
      "accuracy": 0.3333333333333333,
      "precision": 1.0,
      "recall": 0.3333333333333333,
      "f1_score": 0.5,
      "correct": 5,
      "incorrect": 0,
      "missing": 10,
      "hallucinated": 0
    },
    "organizations[2].role": {
      "accuracy": 0.3333333333333333,
      "precision": 1.0,
      "recall": 0.3333333333333333,
      "f1_score": 0.5,
      "correct": 5,
      "incorrect": 0,
      "missing": 10,
      "hallucinated": 0
    },
    "organizations[h3].name": {
      "accuracy": 0.0,
      "precision": 0.0,
      "recall": 0.0,
      "f1_score": 0.0,
      "correct": 0,
      "incorrect": 0,
      "missing": 0,
      "hallucinated": 4
    },
    "organizations[h3].role": {
      "accuracy": 0.0,
      "precision": 0.0,
      "recall": 0.0,
      "f1_score": 0.0,
      "correct": 0,
      "incorrect": 0,
      "missing": 0,
      "hallucinated": 4
    },
    "harm.harm_type": {
      "accuracy": 0.8,
      "precision": 0.851063829787234,
      "recall": 0.9302325581395349,
      "f1_score": 0.888888888888889,
      "correct": 40,
      "incorrect": 7,
      "missing": 3,
      "hallucinated": 0
    },
    "harm.severity": {
      "accuracy": 0.56,
      "precision": 0.6363636363636364,
      "recall": 0.8235294117647058,
      "f1_score": 0.717948717948718,
      "correct": 28,
      "incorrect": 16,
      "missing": 6,
      "hallucinated": 0
    },
    "harm.affected_parties": {
      "accuracy": 0.74,
      "precision": 0.8409090909090909,
      "recall": 0.8604651162790697,
      "f1_score": 0.8505747126436781,
      "correct": 37,
      "incorrect": 7,
      "missing": 6,
      "hallucinated": 0
    },
    "organizations[h0].name": {
      "accuracy": 0.0,
      "precision": 0.0,
      "recall": 0.0,
      "f1_score": 0.0,
      "correct": 0,
      "incorrect": 0,
      "missing": 0,
      "hallucinated": 5
    },
    "organizations[h0].role": {
      "accuracy": 0.0,
      "precision": 0.0,
      "recall": 0.0,
      "f1_score": 0.0,
      "correct": 0,
      "incorrect": 0,
      "missing": 0,
      "hallucinated": 5
    },
    "organizations[h1].name": {
      "accuracy": 0.0,
      "precision": 0.0,
      "recall": 0.0,
      "f1_score": 0.0,
      "correct": 0,
      "incorrect": 0,
      "missing": 0,
      "hallucinated": 14
    },
    "organizations[h1].role": {
      "accuracy": 0.0,
      "precision": 0.0,
      "recall": 0.0,
      "f1_score": 0.0,
      "correct": 0,
      "incorrect": 0,
      "missing": 0,
      "hallucinated": 14
    },
    "organizations[h2].name": {
      "accuracy": 0.0,
      "precision": 0.0,
      "recall": 0.0,
      "f1_score": 0.0,
      "correct": 0,
      "incorrect": 0,
      "missing": 0,
      "hallucinated": 11
    },
    "organizations[h2].role": {
      "accuracy": 0.0,
      "precision": 0.0,
      "recall": 0.0,
      "f1_score": 0.0,
      "correct": 0,
      "incorrect": 0,
      "missing": 0,
      "hallucinated": 11
    },
    "incidents": {
      "accuracy": 0.0,
      "precision": 0.0,
      "recall": 0.0,
      "f1_score": 0.0,
      "correct": 0,
      "incorrect": 0,
      "missing": 0,
      "hallucinated": 3
    },
    "organizations[3].name": {
      "accuracy": 0.3333333333333333,
      "precision": 1.0,
      "recall": 0.3333333333333333,
      "f1_score": 0.5,
      "correct": 1,
      "incorrect": 0,
      "missing": 2,
      "hallucinated": 0
    },
    "organizations[3].role": {
      "accuracy": 0.3333333333333333,
      "precision": 1.0,
      "recall": 0.3333333333333333,
      "f1_score": 0.5,
      "correct": 1,
      "incorrect": 0,
      "missing": 2,
      "hallucinated": 0
    },
    "organizations[h4].name": {
      "accuracy": 0.0,
      "precision": 0.0,
      "recall": 0.0,
      "f1_score": 0.0,
      "correct": 0,
      "incorrect": 0,
      "missing": 0,
      "hallucinated": 1
    },
    "organizations[h4].role": {
      "accuracy": 0.0,
      "precision": 0.0,
      "recall": 0.0,
      "f1_score": 0.0,
      "correct": 0,
      "incorrect": 0,
      "missing": 0,
      "hallucinated": 1
    },
    "organizations[4].name": {
      "accuracy": 0.0,
      "precision": 0.0,
      "recall": 0.0,
      "f1_score": 0.0,
      "correct": 0,
      "incorrect": 0,
      "missing": 1,
      "hallucinated": 0
    },
    "organizations[4].role": {
      "accuracy": 0.0,
      "precision": 0.0,
      "recall": 0.0,
      "f1_score": 0.0,
      "correct": 0,
      "incorrect": 0,
      "missing": 1,
      "hallucinated": 0
    }
  },
  "error_count": 0
}