{
  "model": "claude-haiku-4-5-20251001",
  "template": "PS3_KI2",
  "total_samples": 50,
  "valid_json_count": 50,
  "json_validity_rate": 1.0,
  "overall_accuracy": 0.3774406680789659,
  "overall_precision": 0.5287011424385215,
  "overall_recall": 0.4593022865629249,
  "overall_f1": 0.45097948834593476,
  "overall_hallucination_rate": 0.15126050420168066,
  "avg_latency_seconds": 3.8763768768310545,
  "field_metrics": {
    "ai_system.developer": {
      "accuracy": 0.82,
      "precision": 0.9534883720930233,
      "recall": 0.8541666666666666,
      "f1_score": 0.9010989010989011,
      "correct": 41,
      "incorrect": 2,
      "missing": 7,
      "hallucinated": 0
    },
    "ai_system.deployer": {
      "accuracy": 0.64,
      "precision": 0.8421052631578947,
      "recall": 0.7272727272727273,
      "f1_score": 0.7804878048780488,
      "correct": 32,
      "incorrect": 3,
      "missing": 12,
      "hallucinated": 3
    },
    "ai_system.system_type": {
      "accuracy": 0.1,
      "precision": 0.14285714285714285,
      "recall": 0.25,
      "f1_score": 0.18181818181818182,
      "correct": 5,
      "incorrect": 30,
      "missing": 15,
      "hallucinated": 0
    },
    "ai_system.name": {
      "accuracy": 0.86,
      "precision": 0.8775510204081632,
      "recall": 0.9772727272727273,
      "f1_score": 0.9247311827956989,
      "correct": 43,
      "incorrect": 1,
      "missing": 1,
      "hallucinated": 5
    },
    "organizations[0].name": {
      "accuracy": 0.8936170212765957,
      "precision": 1.0,
      "recall": 0.8936170212765957,
      "f1_score": 0.9438202247191011,
      "correct": 42,
      "incorrect": 0,
      "missing": 5,
      "hallucinated": 0
    },
    "organizations[0].role": {
      "accuracy": 0.1702127659574468,
      "precision": 0.18604651162790697,
      "recall": 0.6666666666666666,
      "f1_score": 0.2909090909090909,
      "correct": 8,
      "incorrect": 35,
      "missing": 4,
      "hallucinated": 0
    },
    "organizations[1].name": {
      "accuracy": 0.7575757575757576,
      "precision": 0.9615384615384616,
      "recall": 0.78125,
      "f1_score": 0.8620689655172413,
      "correct": 25,
      "incorrect": 1,
      "missing": 7,
      "hallucinated": 0
    },
    "organizations[1].role": {
      "accuracy": 0.15151515151515152,
      "precision": 0.18518518518518517,
      "recall": 0.45454545454545453,
      "f1_score": 0.2631578947368421,
      "correct": 5,
      "incorrect": 22,
      "missing": 6,
      "hallucinated": 0
    },
    "organizations[2].name": {
      "accuracy": 0.3333333333333333,
      "precision": 1.0,
      "recall": 0.3333333333333333,
      "f1_score": 0.5,
      "correct": 5,
      "incorrect": 0,
      "missing": 10,
      "hallucinated": 0
    },
    "organizations[2].role": {
      "accuracy": 0.06666666666666667,
      "precision": 0.2,
      "recall": 0.09090909090909091,
      "f1_score": 0.12500000000000003,
      "correct": 1,
      "incorrect": 4,
      "missing": 10,
      "hallucinated": 0
    },
    "event.event_date": {
      "accuracy": 0.9,
      "precision": 0.9375,
      "recall": 0.9574468085106383,
      "f1_score": 0.9473684210526315,
      "correct": 45,
      "incorrect": 3,
      "missing": 2,
      "hallucinated": 0
    },
    "event.event_location": {
      "accuracy": 0.28,
      "precision": 0.7368421052631579,
      "recall": 0.3111111111111111,
      "f1_score": 0.4375,
      "correct": 14,
      "incorrect": 5,
      "missing": 31,
      "hallucinated": 0
    },
    "event.event_type": {
      "accuracy": 0.0,
      "precision": 0.0,
      "recall": 0.0,
      "f1_score": 0.0,
      "correct": 0,
      "incorrect": 40,
      "missing": 10,
      "hallucinated": 0
    },
    "harm.affected_parties": {
      "accuracy": 0.58,
      "precision": 0.725,
      "recall": 0.7435897435897436,
      "f1_score": 0.7341772151898733,
      "correct": 29,
      "incorrect": 11,
      "missing": 10,
      "hallucinated": 0
    },
    "harm.severity": {
      "accuracy": 0.02,
      "precision": 0.3333333333333333,
      "recall": 0.020833333333333332,
      "f1_score": 0.0392156862745098,
      "correct": 1,
      "incorrect": 2,
      "missing": 47,
      "hallucinated": 0
    },
    "harm.harm_type": {
      "accuracy": 0.02,
      "precision": 0.02127659574468085,
      "recall": 0.25,
      "f1_score": 0.0392156862745098,
      "correct": 1,
      "incorrect": 46,
      "missing": 3,
      "hallucinated": 0
    },
    "organizations[h0].name": {
      "accuracy": 0.0,
      "precision": 0.0,
      "recall": 0.0,
      "f1_score": 0.0,
      "correct": 0,
      "incorrect": 0,
      "missing": 0,
      "hallucinated": 8
    },
    "organizations[h0].role": {
      "accuracy": 0.0,
      "precision": 0.0,
      "recall": 0.0,
      "f1_score": 0.0,
      "correct": 0,
      "incorrect": 0,
      "missing": 0,
      "hallucinated": 8
    },
    "organizations[h1].name": {
      "accuracy": 0.0,
      "precision": 0.0,
      "recall": 0.0,
      "f1_score": 0.0,
      "correct": 0,
      "incorrect": 0,
      "missing": 0,
      "hallucinated": 13
    },
    "organizations[h1].role": {
      "accuracy": 0.0,
      "precision": 0.0,
      "recall": 0.0,
      "f1_score": 0.0,
      "correct": 0,
      "incorrect": 0,
      "missing": 0,
      "hallucinated": 13
    },
    "organizations[h2].name": {
      "accuracy": 0.0,
      "precision": 0.0,
      "recall": 0.0,
      "f1_score": 0.0,
      "correct": 0,
      "incorrect": 0,
      "missing": 0,
      "hallucinated": 8
    },
    "organizations[h2].role": {
      "accuracy": 0.0,
      "precision": 0.0,
      "recall": 0.0,
      "f1_score": 0.0,
      "correct": 0,
      "incorrect": 0,
      "missing": 0,
      "hallucinated": 8
    },
    "ai_system.system_type_quote": {
      "accuracy": 0.0,
      "precision": 0.0,
      "recall": 0.0,
      "f1_score": 0.0,
      "correct": 0,
      "incorrect": 0,
      "missing": 0,
      "hallucinated": 2
    },
    "ai_system.name_quote": {
      "accuracy": 0.0,
      "precision": 0.0,
      "recall": 0.0,
      "f1_score": 0.0,
      "correct": 0,
      "incorrect": 0,
      "missing": 0,
      "hallucinated": 1
    },
    "event.description_quote": {
      "accuracy": 0.0,
      "precision": 0.0,
      "recall": 0.0,
      "f1_score": 0.0,
      "correct": 0,
      "incorrect": 0,
      "missing": 0,
      "hallucinated": 2
    },
    "event.event_date_quote": {
      "accuracy": 0.0,
      "precision": 0.0,
      "recall": 0.0,
      "f1_score": 0.0,
      "correct": 0,
      "incorrect": 0,
      "missing": 0,
      "hallucinated": 2
    },
    "harm.harm_type_quote": {
      "accuracy": 0.0,
      "precision": 0.0,
      "recall": 0.0,
      "f1_score": 0.0,
      "correct": 0,
      "incorrect": 0,
      "missing": 0,
      "hallucinated": 2
    },
    "incidents": {
      "accuracy": 0.0,
      "precision": 0.0,
      "recall": 0.0,
      "f1_score": 0.0,
      "correct": 0,
      "incorrect": 0,
      "missing": 0,
      "hallucinated": 1
    },
    "ai_system.ai_system_name_quote": {
      "accuracy": 0.0,
      "precision": 0.0,
      "recall": 0.0,
      "f1_score": 0.0,
      "correct": 0,
      "incorrect": 0,
      "missing": 0,
      "hallucinated": 1
    },
    "ai_system.developer_quote": {
      "accuracy": 0.0,
      "precision": 0.0,
      "recall": 0.0,
      "f1_score": 0.0,
      "correct": 0,
      "incorrect": 0,
      "missing": 0,
      "hallucinated": 1
    },
    "ai_system.deployer_quote": {
      "accuracy": 0.0,
      "precision": 0.0,
      "recall": 0.0,
      "f1_score": 0.0,
      "correct": 0,
      "incorrect": 0,
      "missing": 0,
      "hallucinated": 1
    },
    "event.event_location_quote": {
      "accuracy": 0.0,
      "precision": 0.0,
      "recall": 0.0,
      "f1_score": 0.0,
      "correct": 0,
      "incorrect": 0,
      "missing": 0,
      "hallucinated": 1
    },