{
  "model": "llama3.1:8b",
  "template": "PS1_KI4",
  "total_samples": 50,
  "valid_json_count": 50,
  "json_validity_rate": 1.0,
  "overall_accuracy": 0.34039627039627035,
  "overall_precision": 0.48071836889598224,
  "overall_recall": 0.4533918294020738,
  "overall_f1": 0.43572559976659736,
  "overall_hallucination_rate": 0.1537190082644628,
  "avg_latency_seconds": 8.653073387145996,
  "field_metrics": {
    "organizations[0].name": {
      "accuracy": 0.84,
      "precision": 1.0,
      "recall": 0.84,
      "f1_score": 0.9130434782608696,
      "correct": 42,
      "incorrect": 0,
      "missing": 8,
      "hallucinated": 0
    },
    "organizations[0].role": {
      "accuracy": 0.56,
      "precision": 0.6666666666666666,
      "recall": 0.7777777777777778,
      "f1_score": 0.717948717948718,
      "correct": 28,
      "incorrect": 13,
      "missing": 8,
      "hallucinated": 1
    },
    "organizations[1].name": {
      "accuracy": 0.6363636363636364,
      "precision": 0.9130434782608695,
      "recall": 0.6774193548387096,
      "f1_score": 0.7777777777777777,
      "correct": 21,
      "incorrect": 2,
      "missing": 10,
      "hallucinated": 0
    },
    "organizations[1].role": {
      "accuracy": 0.3939393939393939,
      "precision": 0.5652173913043478,
      "recall": 0.5652173913043478,
      "f1_score": 0.5652173913043478,
      "correct": 13,
      "incorrect": 9,
      "missing": 10,
      "hallucinated": 1
    },
    "organizations[2].name": {
      "accuracy": 0.3333333333333333,
      "precision": 1.0,
      "recall": 0.3333333333333333,
      "f1_score": 0.5,
      "correct": 5,
      "incorrect": 0,
      "missing": 10,
      "hallucinated": 0
    },
    "organizations[2].role": {
      "accuracy": 0.2,
      "precision": 0.6,
      "recall": 0.23076923076923078,
      "f1_score": 0.33333333333333337,
      "correct": 3,
      "incorrect": 2,
      "missing": 10,
      "hallucinated": 0
    },
    "event.event_date": {
      "accuracy": 0.0,
      "precision": 0.0,
      "recall": 0.0,
      "f1_score": 0.0,
      "correct": 0,
      "incorrect": 0,
      "missing": 50,
      "hallucinated": 0
    },
    "event.event_location": {
      "accuracy": 0.34,
      "precision": 0.5666666666666667,
      "recall": 0.4594594594594595,
      "f1_score": 0.5074626865671642,
      "correct": 17,
      "incorrect": 13,
      "missing": 20,
      "hallucinated": 0
    },
    "event.event_type": {
      "accuracy": 0.74,
      "precision": 0.74,
      "recall": 1.0,
      "f1_score": 0.8505747126436781,
      "correct": 37,
      "incorrect": 13,
      "missing": 0,
      "hallucinated": 0
    },
    "harm.harm_type": {
      "accuracy": 0.54,
      "precision": 0.5510204081632653,
      "recall": 0.9642857142857143,
      "f1_score": 0.7012987012987012,
      "correct": 27,
      "incorrect": 22,
      "missing": 1,
      "hallucinated": 0
    },
    "harm.severity": {
      "accuracy": 0.44,
      "precision": 0.5,
      "recall": 0.7857142857142857,
      "f1_score": 0.6111111111111112,
      "correct": 22,
      "incorrect": 22,
      "missing": 6,
      "hallucinated": 0
    },
    "harm.affected_parties": {
      "accuracy": 0.58,
      "precision": 0.6170212765957447,
      "recall": 0.90625,
      "f1_score": 0.7341772151898734,
      "correct": 29,
      "incorrect": 17,
      "missing": 3,
      "hallucinated": 1
    },
    "ai_system.system_type": {
      "accuracy": 0.72,
      "precision": 0.7346938775510204,
      "recall": 0.972972972972973,
      "f1_score": 0.8372093023255813,
      "correct": 36,
      "incorrect": 12,
      "missing": 1,
      "hallucinated": 1
    },
    "ai_system.developer": {
      "accuracy": 0.74,
      "precision": 0.8043478260869565,
      "recall": 0.9024390243902439,
      "f1_score": 0.8505747126436782,
      "correct": 37,
      "incorrect": 4,
      "missing": 4,
      "hallucinated": 5
    },
    "ai_system.name": {
      "accuracy": 0.64,
      "precision": 0.64,
      "recall": 1.0,
      "f1_score": 0.7804878048780487,
      "correct": 32,
      "incorrect": 4,
      "missing": 0,
      "hallucinated": 14
    },
    "ai_system.deployer": {
      "accuracy": 0.48,
      "precision": 0.6,
      "recall": 0.7058823529411765,
      "f1_score": 0.6486486486486486,
      "correct": 24,
      "incorrect": 4,
      "missing": 10,
      "hallucinated": 12
    },
    "organizations[h0].name": {
      "accuracy": 0.0,
      "precision": 0.0,
      "recall": 0.0,
      "f1_score": 0.0,
      "correct": 0,
      "incorrect": 0,
      "missing": 0,
      "hallucinated": 13
    },
    "organizations[h0].role": {
      "accuracy": 0.0,
      "precision": 0.0,
      "recall": 0.0,
      "f1_score": 0.0,
      "correct": 0,
      "incorrect": 0,
      "missing": 0,
      "hallucinated": 13
    },
    "organizations[h1].name": {
      "accuracy": 0.0,
      "precision": 0.0,
      "recall": 0.0,
      "f1_score": 0.0,
      "correct": 0,
      "incorrect": 0,
      "missing": 0,
      "hallucinated": 14
    },
    "organizations[h1].role": {
      "accuracy": 0.0,
      "precision": 0.0,
      "recall": 0.0,
      "f1_score": 0.0,
      "correct": 0,
      "incorrect": 0,
      "missing": 0,
      "hallucinated": 14
    },
    "organizations[3].name": {
      "accuracy": 0.3333333333333333,
      "precision": 1.0,
      "recall": 0.3333333333333333,
      "f1_score": 0.5,
      "correct": 1,
      "incorrect": 0,
      "missing": 2,
      "hallucinated": 0
    },
    "organizations[3].role": {
      "accuracy": 0.3333333333333333,
      "precision": 1.0,
      "recall": 0.3333333333333333,
      "f1_score": 0.5,
      "correct": 1,
      "incorrect": 0,
      "missing": 2,
      "hallucinated": 0
    },
    "organizations[4].name": {
      "accuracy": 0.0,
      "precision": 0.0,
      "recall": 0.0,
      "f1_score": 0.0,
      "correct": 0,
      "incorrect": 0,
      "missing": 1,
      "hallucinated": 0
    },
    "organizations[4].role": {
      "accuracy": 0.0,
      "precision": 0.0,
      "recall": 0.0,
      "f1_score": 0.0,
      "correct": 0,
      "incorrect": 0,
      "missing": 1,
      "hallucinated": 0
    },
    "organizations[h2].name": {
      "accuracy": 0.0,
      "precision": 0.0,
      "recall": 0.0,
      "f1_score": 0.0,
      "correct": 0,
      "incorrect": 0,
      "missing": 0,
      "hallucinated": 2
    },
    "organizations[h2].role": {
      "accuracy": 0.0,
      "precision": 0.0,
      "recall": 0.0,
      "f1_score": 0.0,
      "correct": 0,
      "incorrect": 0,
      "missing": 0,
      "hallucinated": 2
    }
  },
  "error_count": 0
}