{
  "model": "claude-opus-4-6",
  "template": "PS3_KI1",
  "total_samples": 50,
  "valid_json_count": 50,
  "json_validity_rate": 1.0,
  "overall_accuracy": 0.544,
  "overall_accuracy_micro": 0.544,
  "overall_precision": 0.5410983079888627,
  "overall_precision_micro": 0.5230024213075061,
  "overall_recall": 0.7585078412210898,
  "overall_recall_micro": 0.8744939271255061,
  "overall_f1": 0.5787669445564182,
  "overall_f1_micro": 0.6545454545454547,
  "overall_hallucination_rate": 0.031476997578692496,
  "avg_latency_seconds": 17.052731714248658,
  "field_metrics": {
    "ai_system.deployer": {
      "accuracy": 0.74,
      "precision": 0.6666666666666666,
      "recall": 0.9166666666666666,
      "f1_score": 0.7719298245614035,
      "correct": 22,
      "true_negative": 15,
      "incorrect": 4,
      "missing": 2,
      "hallucinated": 7
    },
    "ai_system.system_type": {
      "accuracy": 0.08,
      "precision": 0.08333333333333333,
      "recall": 0.6666666666666666,
      "f1_score": 0.14814814814814814,
      "correct": 4,
      "true_negative": 0,
      "incorrect": 44,
      "missing": 2,
      "hallucinated": 0
    },
    "ai_system.developer": {
      "accuracy": 0.86,
      "precision": 0.8928571428571429,
      "recall": 0.8620689655172413,
      "f1_score": 0.8771929824561403,
      "correct": 25,
      "true_negative": 18,
      "incorrect": 2,
      "missing": 4,
      "hallucinated": 1
    },
    "ai_system.name": {
      "accuracy": 0.88,
      "precision": 0.7931034482758621,
      "recall": 1.0,
      "f1_score": 0.8846153846153846,
      "correct": 23,
      "true_negative": 21,
      "incorrect": 2,
      "missing": 0,
      "hallucinated": 4
    },
    "harm.harm_type": {
      "accuracy": 0.04,
      "precision": 0.04,
      "recall": 1.0,
      "f1_score": 0.07692307692307693,
      "correct": 2,
      "true_negative": 0,
      "incorrect": 48,
      "missing": 0,
      "hallucinated": 0
    },
    "harm.severity": {
      "accuracy": 0.1,
      "precision": 0.1724137931034483,
      "recall": 0.19230769230769232,
      "f1_score": 0.18181818181818185,
      "correct": 5,
      "true_negative": 0,
      "incorrect": 24,
      "missing": 21,
      "hallucinated": 0
    },
    "harm.affected_parties": {
      "accuracy": 0.76,
      "precision": 0.782608695652174,
      "recall": 0.9473684210526315,
      "f1_score": 0.8571428571428571,
      "correct": 36,
      "true_negative": 2,
      "incorrect": 9,
      "missing": 2,
      "hallucinated": 1
    },
    "event.event_location": {
      "accuracy": 1.0,
      "precision": 1.0,
      "recall": 1.0,
      "f1_score": 1.0,
      "correct": 50,
      "true_negative": 0,
      "incorrect": 0,
      "missing": 0,
      "hallucinated": 0
    },
    "event.event_date": {
      "accuracy": 0.98,
      "precision": 0.98,
      "recall": 1.0,
      "f1_score": 0.98989898989899,
      "correct": 49,
      "true_negative": 0,
      "incorrect": 1,
      "missing": 0,
      "hallucinated": 0
    },
    "event.event_type": {
      "accuracy": 0.0,
      "precision": 0.0,
      "recall": 0.0,
      "f1_score": 0.0,
      "correct": 0,
      "true_negative": 0,
      "incorrect": 50,
      "missing": 0,
      "hallucinated": 0
    },
    "organizations[0].name": {
      "accuracy": 0.9361702127659575,
      "precision": 1.0,
      "recall": 0.9361702127659575,
      "f1_score": 0.967032967032967,
      "correct": 44,
      "true_negative": 0,
      "incorrect": 0,
      "missing": 3,
      "hallucinated": 0
    },
    "organizations[0].role": {
      "accuracy": 0.0,
      "precision": 0.0,
      "recall": 0.0,
      "f1_score": 0.0,
      "correct": 0,
      "true_negative": 0,
      "incorrect": 44,
      "missing": 3,
      "hallucinated": 0
    },
    "organizations[1].name": {
      "accuracy": 0.8484848484848485,
      "precision": 0.9655172413793104,
      "recall": 0.875,
      "f1_score": 0.9180327868852458,
      "correct": 28,
      "true_negative": 0,
      "incorrect": 1,
      "missing": 4,
      "hallucinated": 0
    },
    "organizations[1].role": {
      "accuracy": 0.0,
      "precision": 0.0,
      "recall": 0.0,
      "f1_score": 0.0,
      "correct": 0,
      "true_negative": 0,
      "incorrect": 29,
      "missing": 4,
      "hallucinated": 0
    },
    "organizations[2].name": {
      "accuracy": 0.4666666666666667,
      "precision": 1.0,
      "recall": 0.4666666666666667,
      "f1_score": 0.6363636363636364,
      "correct": 7,
      "true_negative": 0,
      "incorrect": 0,
      "missing": 8,
      "hallucinated": 0
    },
    "organizations[2].role": {
      "accuracy": 0.06666666666666667,
      "precision": 0.14285714285714285,
      "recall": 0.1111111111111111,
      "f1_score": 0.125,
      "correct": 1,
      "true_negative": 0,
      "incorrect": 6,
      "missing": 8,
      "hallucinated": 0
    },
    "organizations[h0].name": {
      "accuracy": 0.0,
      "precision": 0.0,
      "recall": 0.0,
      "f1_score": 0.0,
      "correct": 0,
      "true_negative": 0,
      "incorrect": 0,
      "missing": 0,
      "hallucinated": 5
    },
    "organizations[h0].role": {
      "accuracy": 0.0,
      "precision": 0.0,
      "recall": 0.0,
      "f1_score": 0.0,
      "correct": 0,
      "true_negative": 0,
      "incorrect": 0,
      "missing": 0,
      "hallucinated": 5
    },
    "organizations[h1].name": {
      "accuracy": 0.0,
      "precision": 0.0,
      "recall": 0.0,
      "f1_score": 0.0,
      "correct": 0,
      "true_negative": 0,
      "incorrect": 0,
      "missing": 0,
      "hallucinated": 19
    },
    "organizations[h1].role": {
      "accuracy": 0.0,
      "precision": 0.0,
      "recall": 0.0,
      "f1_score": 0.0,
      "correct": 0,
      "true_negative": 0,
      "incorrect": 0,
      "missing": 0,
      "hallucinated": 19
    },
    "organizations[h2].name": {
      "accuracy": 0.0,
      "precision": 0.0,
      "recall": 0.0,
      "f1_score": 0.0,
      "correct": 0,
      "true_negative": 0,
      "incorrect": 0,
      "missing": 0,
      "hallucinated": 15
    },
    "organizations[h2].role": {
      "accuracy": 0.0,
      "precision": 0.0,
      "recall": 0.0,
      "f1_score": 0.0,
      "correct": 0,
      "true_negative": 0,
      "incorrect": 0,
      "missing": 0,
      "hallucinated": 15
    },
    "organizations[h3].name": {
      "accuracy": 0.0,
      "precision": 0.0,
      "recall": 0.0,
      "f1_score": 0.0,
      "correct": 0,
      "true_negative": 0,
      "incorrect": 0,
      "missing": 0,
      "hallucinated": 10
    },
    "organizations[h3].role": {
      "accuracy": 0.0,
      "precision": 0.0,
      "recall": 0.0,
      "f1_score": 0.0,
      "correct": 0,
      "true_negative": 0,
      "incorrect": 0,
      "missing": 0,
      "hallucinated": 10
    },
    "organizations[3].name": {
      "accuracy": 0.3333333333333333,
      "precision": 1.0,
      "recall": 0.3333333333333333,
      "f1_score": 0.5,
      "correct": 1,
      "true_negative": 0,
      "incorrect": 0,
      "missing": 2,
      "hallucinated": 0
    },
    "organizations[3].role": {
      "accuracy": 0.0,
      "precision": 0.0,
      "recall": 0.0,
      "f1_score": 0.0,
      "correct": 0,
      "true_negative": 0,
      "incorrect": 1,
      "missing": 2,
      "hallucinated": 0
    },
    "organizations[h4].name": {
      "accuracy": 0.0,
      "precision": 0.0,
      "recall": 0.0,
      "f1_score": 0.0,
      "correct": 0,
      "true_negative": 0,
      "incorrect": 0,
      "missing": 0,
      "hallucinated": 4
    },
    "organizations[h4].role": {
      "accuracy": 0.0,
      "precision": 0.0,
      "recall": 0.0,
      "f1_score": 0.0,
      "correct": 0,
      "true_negative": 0,
      "incorrect": 0,
      "missing": 0,
      "hallucinated": 4
    },
    "organizations[4].name": {
      "accuracy": 0.0,
      "precision": 0.0,
      "recall": 0.0,
      "f1_score": 0.0,
      "correct": 0,
      "true_negative": 0,