{
  "model": "llama3.1:8b",
  "template": "PS2_KI2",
  "total_samples": 50,
  "valid_json_count": 50,
  "json_validity_rate": 1.0,
  "overall_accuracy": 0.32515151515151514,
  "overall_precision": 0.4585007154003938,
  "overall_recall": 0.41690052396526317,
  "overall_f1": 0.410008393577459,
  "overall_hallucination_rate": 0.1390728476821192,
  "avg_latency_seconds": 9.410480322837829,
  "field_metrics": {
    "event.event_location": {
      "accuracy": 0.58,
      "precision": 0.90625,
      "recall": 0.6170212765957447,
      "f1_score": 0.7341772151898734,
      "correct": 29,
      "incorrect": 3,
      "missing": 18,
      "hallucinated": 0
    },
    "event.event_date": {
      "accuracy": 0.0,
      "precision": 0.0,
      "recall": 0.0,
      "f1_score": 0.0,
      "correct": 0,
      "incorrect": 0,
      "missing": 50,
      "hallucinated": 0
    },
    "event.event_type": {
      "accuracy": 0.7,
      "precision": 0.7,
      "recall": 1.0,
      "f1_score": 0.8235294117647058,
      "correct": 35,
      "incorrect": 15,
      "missing": 0,
      "hallucinated": 0
    },
    "harm.harm_type": {
      "accuracy": 0.6,
      "precision": 0.6521739130434783,
      "recall": 0.8823529411764706,
      "f1_score": 0.75,
      "correct": 30,
      "incorrect": 16,
      "missing": 4,
      "hallucinated": 0
    },
    "harm.severity": {
      "accuracy": 0.42,
      "precision": 0.4666666666666667,
      "recall": 0.8076923076923077,
      "f1_score": 0.5915492957746479,
      "correct": 21,
      "incorrect": 24,
      "missing": 5,
      "hallucinated": 0
    },
    "harm.affected_parties": {
      "accuracy": 0.56,
      "precision": 0.5714285714285714,
      "recall": 0.9655172413793104,
      "f1_score": 0.717948717948718,
      "correct": 28,
      "incorrect": 19,
      "missing": 1,
      "hallucinated": 2
    },
    "ai_system.name": {
      "accuracy": 0.76,
      "precision": 0.7755102040816326,
      "recall": 0.9743589743589743,
      "f1_score": 0.8636363636363635,
      "correct": 38,
      "incorrect": 2,
      "missing": 1,
      "hallucinated": 9
    },
    "ai_system.developer": {
      "accuracy": 0.74,
      "precision": 0.9487179487179487,
      "recall": 0.7708333333333334,
      "f1_score": 0.8505747126436781,
      "correct": 37,
      "incorrect": 1,
      "missing": 11,
      "hallucinated": 1
    },
    "ai_system.deployer": {
      "accuracy": 0.6,
      "precision": 0.75,
      "recall": 0.75,
      "f1_score": 0.75,
      "correct": 30,
      "incorrect": 5,
      "missing": 10,
      "hallucinated": 5
    },
    "ai_system.system_type": {
      "accuracy": 0.4,
      "precision": 0.5,
      "recall": 0.6666666666666666,
      "f1_score": 0.5714285714285715,
      "correct": 20,
      "incorrect": 19,
      "missing": 10,
      "hallucinated": 1
    },
    "organizations[0].name": {
      "accuracy": 0.88,
      "precision": 1.0,
      "recall": 0.88,
      "f1_score": 0.9361702127659575,
      "correct": 44,
      "incorrect": 0,
      "missing": 6,
      "hallucinated": 0
    },
    "organizations[0].role": {
      "accuracy": 0.64,
      "precision": 0.7272727272727273,
      "recall": 0.8421052631578947,
      "f1_score": 0.7804878048780488,
      "correct": 32,
      "incorrect": 11,
      "missing": 6,
      "hallucinated": 1
    },
    "organizations[1].name": {
      "accuracy": 0.7272727272727273,
      "precision": 0.96,
      "recall": 0.75,
      "f1_score": 0.8421052631578947,
      "correct": 24,
      "incorrect": 1,
      "missing": 8,
      "hallucinated": 0
    },
    "organizations[1].role": {
      "accuracy": 0.36363636363636365,
      "precision": 0.48,
      "recall": 0.6,
      "f1_score": 0.5333333333333332,
      "correct": 12,
      "incorrect": 12,
      "missing": 8,
      "hallucinated": 1
    },
    "organizations[2].name": {
      "accuracy": 0.3333333333333333,
      "precision": 1.0,
      "recall": 0.3333333333333333,
      "f1_score": 0.5,
      "correct": 5,
      "incorrect": 0,
      "missing": 10,
      "hallucinated": 0
    },
    "organizations[2].role": {
      "accuracy": 0.13333333333333333,
      "precision": 0.4,
      "recall": 0.16666666666666666,
      "f1_score": 0.23529411764705882,
      "correct": 2,
      "incorrect": 3,
      "missing": 10,
      "hallucinated": 0
    },
    "organizations[h0].name": {
      "accuracy": 0.0,
      "precision": 0.0,
      "recall": 0.0,
      "f1_score": 0.0,
      "correct": 0,
      "incorrect": 0,
      "missing": 0,
      "hallucinated": 10
    },
    "organizations[h0].role": {
      "accuracy": 0.0,
      "precision": 0.0,
      "recall": 0.0,
      "f1_score": 0.0,
      "correct": 0,
      "incorrect": 0,
      "missing": 0,
      "hallucinated": 10
    },
    "organizations[h1].name": {
      "accuracy": 0.0,
      "precision": 0.0,
      "recall": 0.0,
      "f1_score": 0.0,
      "correct": 0,
      "incorrect": 0,
      "missing": 0,
      "hallucinated": 16
    },
    "organizations[h1].role": {
      "accuracy": 0.0,
      "precision": 0.0,
      "recall": 0.0,
      "f1_score": 0.0,
      "correct": 0,
      "incorrect": 0,
      "missing": 0,
      "hallucinated": 16
    },
    "organizations[h2].name": {
      "accuracy": 0.0,
      "precision": 0.0,
      "recall": 0.0,
      "f1_score": 0.0,
      "correct": 0,
      "incorrect": 0,
      "missing": 0,
      "hallucinated": 3
    },
    "organizations[h2].role": {
      "accuracy": 0.0,
      "precision": 0.0,
      "recall": 0.0,
      "f1_score": 0.0,
      "correct": 0,
      "incorrect": 0,
      "missing": 0,
      "hallucinated": 3
    },
    "organizations[h3].name": {
      "accuracy": 0.0,
      "precision": 0.0,
      "recall": 0.0,
      "f1_score": 0.0,
      "correct": 0,
      "incorrect": 0,
      "missing": 0,
      "hallucinated": 3
    },
    "organizations[h3].role": {
      "accuracy": 0.0,
      "precision": 0.0,
      "recall": 0.0,
      "f1_score": 0.0,
      "correct": 0,
      "incorrect": 0,
      "missing": 0,
      "hallucinated": 3
    },
    "organizations[3].name": {
      "accuracy": 0.3333333333333333,
      "precision": 1.0,
      "recall": 0.3333333333333333,
      "f1_score": 0.5,
      "correct": 1,
      "incorrect": 0,
      "missing": 2,
      "hallucinated": 0
    },
    "organizations[3].role": {
      "accuracy": 0.3333333333333333,
      "precision": 1.0,
      "recall": 0.3333333333333333,
      "f1_score": 0.5,
      "correct": 1,
      "incorrect": 0,
      "missing": 2,
      "hallucinated": 0
    },
    "organizations[4].name": {
      "accuracy": 0.0,
      "precision": 0.0,
      "recall": 0.0,
      "f1_score": 0.0,
      "correct": 0,
      "incorrect": 0,
      "missing": 1,
      "hallucinated": 0
    },
    "organizations[4].role": {
      "accuracy": 0.0,
      "precision": 0.0,
      "recall": 0.0,
      "f1_score": 0.0,
      "correct": 0,
      "incorrect": 0,
      "missing": 1,
      "hallucinated": 0
    }
  },
  "error_count": 0
}