{
  "model": "claude-opus-4-6",
  "template": "PS3_KI1",
  "total_samples": 50,
  "valid_json_count": 50,
  "json_validity_rate": 1.0,
  "overall_accuracy": 0.2053939393939394,
  "overall_precision": 0.29521273044697377,
  "overall_recall": 0.2845587748420275,
  "overall_f1": 0.2487922077622988,
  "overall_hallucination_rate": 0.11538461538461539,
  "avg_latency_seconds": 9.985984239578247,
  "field_metrics": {
    "organizations[0].name": {
      "accuracy": 0.9361702127659575,
      "precision": 1.0,
      "recall": 0.9361702127659575,
      "f1_score": 0.967032967032967,
      "correct": 44,
      "incorrect": 0,
      "missing": 3,
      "hallucinated": 0
    },
    "organizations[0].role": {
      "accuracy": 0.06382978723404255,
      "precision": 0.06818181818181818,
      "recall": 0.5,
      "f1_score": 0.12000000000000001,
      "correct": 3,
      "incorrect": 40,
      "missing": 3,
      "hallucinated": 1
    },
    "organizations[1].name": {
      "accuracy": 0.7878787878787878,
      "precision": 0.9629629629629629,
      "recall": 0.8125,
      "f1_score": 0.8813559322033898,
      "correct": 26,
      "incorrect": 1,
      "missing": 6,
      "hallucinated": 0
    },
    "organizations[1].role": {
      "accuracy": 0.06060606060606061,
      "precision": 0.07142857142857142,
      "recall": 0.2857142857142857,
      "f1_score": 0.1142857142857143,
      "correct": 2,
      "incorrect": 26,
      "missing": 5,
      "hallucinated": 0
    },
    "organizations[2].name": {
      "accuracy": 0.3333333333333333,
      "precision": 1.0,
      "recall": 0.3333333333333333,
      "f1_score": 0.5,
      "correct": 5,
      "incorrect": 0,
      "missing": 10,
      "hallucinated": 0
    },
    "organizations[2].role": {
      "accuracy": 0.06666666666666667,
      "precision": 0.2,
      "recall": 0.09090909090909091,
      "f1_score": 0.12500000000000003,
      "correct": 1,
      "incorrect": 4,
      "missing": 10,
      "hallucinated": 0
    },
    "event.event_location": {
      "accuracy": 0.3,
      "precision": 0.625,
      "recall": 0.36585365853658536,
      "f1_score": 0.4615384615384615,
      "correct": 15,
      "incorrect": 9,
      "missing": 26,
      "hallucinated": 0
    },
    "event.event_date": {
      "accuracy": 0.02,
      "precision": 0.2,
      "recall": 0.021739130434782608,
      "f1_score": 0.0392156862745098,
      "correct": 1,
      "incorrect": 4,
      "missing": 45,
      "hallucinated": 0
    },
    "event.event_type": {
      "accuracy": 0.0,
      "precision": 0.0,
      "recall": 0.0,
      "f1_score": 0.0,
      "correct": 0,
      "incorrect": 50,
      "missing": 0,
      "hallucinated": 0
    },
    "ai_system.deployer": {
      "accuracy": 0.7,
      "precision": 0.813953488372093,
      "recall": 0.8333333333333334,
      "f1_score": 0.8235294117647058,
      "correct": 35,
      "incorrect": 3,
      "missing": 7,
      "hallucinated": 5
    },
    "ai_system.system_type": {
      "accuracy": 0.08,
      "precision": 0.1,
      "recall": 0.2857142857142857,
      "f1_score": 0.14814814814814817,
      "correct": 4,
      "incorrect": 36,
      "missing": 10,
      "hallucinated": 0
    },
    "ai_system.name": {
      "accuracy": 0.88,
      "precision": 0.88,
      "recall": 1.0,
      "f1_score": 0.9361702127659575,
      "correct": 44,
      "incorrect": 2,
      "missing": 0,
      "hallucinated": 4
    },
    "ai_system.developer": {
      "accuracy": 0.88,
      "precision": 0.9565217391304348,
      "recall": 0.9166666666666666,
      "f1_score": 0.9361702127659574,
      "correct": 44,
      "incorrect": 1,
      "missing": 4,
      "hallucinated": 1
    },
    "harm.harm_type": {
      "accuracy": 0.02,
      "precision": 0.02,
      "recall": 1.0,
      "f1_score": 0.0392156862745098,
      "correct": 1,
      "incorrect": 49,
      "missing": 0,
      "hallucinated": 0
    },
    "harm.affected_parties": {
      "accuracy": 0.66,
      "precision": 0.825,
      "recall": 0.7674418604651163,
      "f1_score": 0.7951807228915662,
      "correct": 33,
      "incorrect": 6,
      "missing": 10,
      "hallucinated": 1
    },
    "harm.severity": {
      "accuracy": 0.04,
      "precision": 0.13333333333333333,
      "recall": 0.05405405405405406,
      "f1_score": 0.07692307692307693,
      "correct": 2,
      "incorrect": 13,
      "missing": 35,
      "hallucinated": 0
    },
    "organizations[h0].name": {
      "accuracy": 0.0,
      "precision": 0.0,
      "recall": 0.0,
      "f1_score": 0.0,
      "correct": 0,
      "incorrect": 0,
      "missing": 0,
      "hallucinated": 6
    },
    "organizations[h0].role": {
      "accuracy": 0.0,
      "precision": 0.0,
      "recall": 0.0,
      "f1_score": 0.0,
      "correct": 0,
      "incorrect": 0,
      "missing": 0,
      "hallucinated": 6
    },
    "organizations[h1].name": {
      "accuracy": 0.0,
      "precision": 0.0,
      "recall": 0.0,
      "f1_score": 0.0,
      "correct": 0,
      "incorrect": 0,
      "missing": 0,
      "hallucinated": 11
    },
    "organizations[h1].role": {
      "accuracy": 0.0,
      "precision": 0.0,
      "recall": 0.0,
      "f1_score": 0.0,
      "correct": 0,
      "incorrect": 0,
      "missing": 0,
      "hallucinated": 11
    },
    "organizations[h2].name": {
      "accuracy": 0.0,
      "precision": 0.0,
      "recall": 0.0,
      "f1_score": 0.0,
      "correct": 0,
      "incorrect": 0,
      "missing": 0,
      "hallucinated": 8
    },
    "organizations[h2].role": {
      "accuracy": 0.0,
      "precision": 0.0,
      "recall": 0.0,
      "f1_score": 0.0,
      "correct": 0,
      "incorrect": 0,
      "missing": 0,
      "hallucinated": 8
    },
    "organizations[3].name": {
      "accuracy": 0.3333333333333333,
      "precision": 1.0,
      "recall": 0.3333333333333333,
      "f1_score": 0.5,
      "correct": 1,
      "incorrect": 0,
      "missing": 2,
      "hallucinated": 0
    },
    "organizations[3].role": {
      "accuracy": 0.0,
      "precision": 0.0,
      "recall": 0.0,
      "f1_score": 0.0,
      "correct": 0,
      "incorrect": 1,
      "missing": 2,
      "hallucinated": 0
    },
    "organizations[h3].name": {
      "accuracy": 0.0,
      "precision": 0.0,
      "recall": 0.0,
      "f1_score": 0.0,
      "correct": 0,
      "incorrect": 0,
      "missing": 0,
      "hallucinated": 1
    },
    "organizations[h3].role": {
      "accuracy": 0.0,
      "precision": 0.0,
      "recall": 0.0,
      "f1_score": 0.0,
      "correct": 0,
      "incorrect": 0,
      "missing": 0,
      "hallucinated": 1
    },
    "organizations[h4].name": {
      "accuracy": 0.0,
      "precision": 0.0,
      "recall": 0.0,
      "f1_score": 0.0,
      "correct": 0,
      "incorrect": 0,
      "missing": 0,
      "hallucinated": 1
    },
    "organizations[h4].role": {
      "accuracy": 0.0,
      "precision": 0.0,
      "recall": 0.0,
      "f1_score": 0.0,
      "correct": 0,
      "incorrect": 0,
      "missing": 0,
      "hallucinated": 1
    },
    "organizations[4].name": {
      "accuracy": 0.0,
      "precision": 0.0,
      "recall": 0.0,
      "f1_score": 0.0,
      "correct": 0,
      "incorrect": 0,
      "missing": 1,
      "hallucinated": 0
    },
    "organizations[4].role": {
      "accuracy": 0.0,
      "precision": 0.0,
      "recall": 0.0,
      "f1_score": 0.0,
      "correct": 0,
      "incorrect": 0,
      "missing": 1,
      "hallucinated": 0
    }
  },
  "error_count": 0
}