{
  "model": "claude-opus-4-6",
  "template": "PS3_KI1",
  "total_samples": 50,
  "valid_json_count": 50,
  "json_validity_rate": 1.0,
  "overall_accuracy": 0.516,
  "overall_accuracy_micro": 0.516,
  "overall_precision": 0.5739420744886583,
  "overall_precision_micro": 0.6142857142857143,
  "overall_recall": 0.617607325266577,
  "overall_recall_micro": 0.7633136094674556,
  "overall_f1": 0.5696464258296193,
  "overall_f1_micro": 0.6807387862796833,
  "overall_hallucination_rate": 0.023809523809523808,
  "avg_latency_seconds": 9.876323523521423,
  "field_metrics": {
    "organizations[0].name": {
      "accuracy": 0.9574468085106383,
      "precision": 1.0,
      "recall": 0.9574468085106383,
      "f1_score": 0.9782608695652174,
      "correct": 45,
      "incorrect": 0,
      "missing": 2,
      "hallucinated": 0
    },
    "organizations[0].role": {
      "accuracy": 0.06382978723404255,
      "precision": 0.06666666666666667,
      "recall": 0.6,
      "f1_score": 0.12000000000000001,
      "correct": 3,
      "incorrect": 42,
      "missing": 2,
      "hallucinated": 0
    },
    "organizations[1].name": {
      "accuracy": 0.7878787878787878,
      "precision": 0.9629629629629629,
      "recall": 0.8125,
      "f1_score": 0.8813559322033898,
      "correct": 26,
      "incorrect": 1,
      "missing": 6,
      "hallucinated": 0
    },
    "organizations[1].role": {
      "accuracy": 0.030303030303030304,
      "precision": 0.037037037037037035,
      "recall": 0.14285714285714285,
      "f1_score": 0.058823529411764705,
      "correct": 1,
      "incorrect": 26,
      "missing": 6,
      "hallucinated": 0
    },
    "organizations[2].name": {
      "accuracy": 0.3333333333333333,
      "precision": 1.0,
      "recall": 0.3333333333333333,
      "f1_score": 0.5,
      "correct": 5,
      "incorrect": 0,
      "missing": 10,
      "hallucinated": 0
    },
    "organizations[2].role": {
      "accuracy": 0.06666666666666667,
      "precision": 0.2,
      "recall": 0.09090909090909091,
      "f1_score": 0.12500000000000003,
      "correct": 1,
      "incorrect": 4,
      "missing": 10,
      "hallucinated": 0
    },
    "event.event_type": {
      "accuracy": 0.0,
      "precision": 0.0,
      "recall": 0.0,
      "f1_score": 0.0,
      "correct": 0,
      "incorrect": 50,
      "missing": 0,
      "hallucinated": 0
    },
    "event.event_date": {
      "accuracy": 0.92,
      "precision": 0.92,
      "recall": 1.0,
      "f1_score": 0.9583333333333334,
      "correct": 46,
      "incorrect": 4,
      "missing": 0,
      "hallucinated": 0
    },
    "event.event_location": {
      "accuracy": 1.0,
      "precision": 1.0,
      "recall": 1.0,
      "f1_score": 1.0,
      "correct": 50,
      "incorrect": 0,
      "missing": 0,
      "hallucinated": 0
    },
    "harm.severity": {
      "accuracy": 0.06,
      "precision": 0.21428571428571427,
      "recall": 0.07692307692307693,
      "f1_score": 0.11320754716981134,
      "correct": 3,
      "incorrect": 11,
      "missing": 36,
      "hallucinated": 0
    },
    "harm.harm_type": {
      "accuracy": 0.02,
      "precision": 0.02040816326530612,
      "recall": 0.5,
      "f1_score": 0.039215686274509796,
      "correct": 1,
      "incorrect": 48,
      "missing": 1,
      "hallucinated": 0
    },
    "harm.affected_parties": {
      "accuracy": 0.62,
      "precision": 0.7948717948717948,
      "recall": 0.7380952380952381,
      "f1_score": 0.7654320987654322,
      "correct": 31,
      "incorrect": 7,
      "missing": 11,
      "hallucinated": 1
    },
    "ai_system.system_type": {
      "accuracy": 0.06,
      "precision": 0.1,
      "recall": 0.13043478260869565,
      "f1_score": 0.11320754716981132,
      "correct": 3,
      "incorrect": 27,
      "missing": 20,
      "hallucinated": 0
    },
    "ai_system.deployer": {
      "accuracy": 0.7,
      "precision": 0.8333333333333334,
      "recall": 0.813953488372093,
      "f1_score": 0.8235294117647058,
      "correct": 35,
      "incorrect": 3,
      "missing": 8,
      "hallucinated": 4
    },
    "ai_system.name": {
      "accuracy": 0.9,
      "precision": 0.9,
      "recall": 1.0,
      "f1_score": 0.9473684210526316,
      "correct": 45,
      "incorrect": 1,
      "missing": 0,
      "hallucinated": 4
    },
    "ai_system.developer": {
      "accuracy": 0.88,
      "precision": 0.9565217391304348,
      "recall": 0.9166666666666666,
      "f1_score": 0.9361702127659574,
      "correct": 44,
      "incorrect": 1,
      "missing": 4,
      "hallucinated": 1
    },
    "organizations[h0].name": {
      "accuracy": 0.0,
      "precision": 0.0,
      "recall": 0.0,
      "f1_score": 0.0,
      "correct": 0,
      "incorrect": 0,
      "missing": 0,
      "hallucinated": 4
    },
    "organizations[h0].role": {
      "accuracy": 0.0,
      "precision": 0.0,
      "recall": 0.0,
      "f1_score": 0.0,
      "correct": 0,
      "incorrect": 0,
      "missing": 0,
      "hallucinated": 4
    },
    "organizations[h1].name": {
      "accuracy": 0.0,
      "precision": 0.0,
      "recall": 0.0,
      "f1_score": 0.0,
      "correct": 0,
      "incorrect": 0,
      "missing": 0,
      "hallucinated": 17
    },
    "organizations[h1].role": {
      "accuracy": 0.0,
      "precision": 0.0,
      "recall": 0.0,
      "f1_score": 0.0,
      "correct": 0,
      "incorrect": 0,
      "missing": 0,
      "hallucinated": 17
    },
    "organizations[h2].name": {
      "accuracy": 0.0,
      "precision": 0.0,
      "recall": 0.0,
      "f1_score": 0.0,
      "correct": 0,
      "incorrect": 0,
      "missing": 0,
      "hallucinated": 9
    },
    "organizations[h2].role": {
      "accuracy": 0.0,
      "precision": 0.0,
      "recall": 0.0,
      "f1_score": 0.0,
      "correct": 0,
      "incorrect": 0,
      "missing": 0,
      "hallucinated": 9
    },
    "organizations[h3].name": {
      "accuracy": 0.0,
      "precision": 0.0,
      "recall": 0.0,
      "f1_score": 0.0,
      "correct": 0,
      "incorrect": 0,
      "missing": 0,
      "hallucinated": 3
    },
    "organizations[h3].role": {
      "accuracy": 0.0,
      "precision": 0.0,
      "recall": 0.0,
      "f1_score": 0.0,
      "correct": 0,
      "incorrect": 0,
      "missing": 0,
      "hallucinated": 3
    },
    "organizations[3].name": {
      "accuracy": 0.3333333333333333,
      "precision": 1.0,
      "recall": 0.3333333333333333,
      "f1_score": 0.5,
      "correct": 1,
      "incorrect": 0,
      "missing": 2,
      "hallucinated": 0
    },
    "organizations[3].role": {
      "accuracy": 0.0,
      "precision": 0.0,
      "recall": 0.0,
      "f1_score": 0.0,
      "correct": 0,
      "incorrect": 1,
      "missing": 2,
      "hallucinated": 0
    },
    "organizations[h4].name": {
      "accuracy": 0.0,
      "precision": 0.0,
      "recall": 0.0,
      "f1_score": 0.0,
      "correct": 0,
      "incorrect": 0,
      "missing": 0,
      "hallucinated": 1
    },
    "organizations[h4].role": {
      "accuracy": 0.0,
      "precision": 0.0,
      "recall": 0.0,
      "f1_score": 0.0,
      "correct": 0,
      "incorrect": 0,
      "missing": 0,
      "hallucinated": 1
    },
    "organizations[4].name": {
      "accuracy": 0.0,
      "precision": 0.0,
      "recall": 0.0,
      "f1_score": 0.0,
      "correct": 0,
      "incorrect": 0,
      "missing": 1,
      "hallucinated": 0
    },
    "organizations[4].role": {
      "accuracy": 0.0,
      "precision": 0.0,
      "recall": 0.0,
      "f1_score": 0.0,
      "correct": 0,
      "incorrect": 0,
      "missing": 1,
      "hallucinated": 0
    }
  },
  "error_count": 0
}