{
  "model": "llama3.1:8b",
  "template": "PS3_KI1",
  "total_samples": 50,
  "valid_json_count": 50,
  "json_validity_rate": 1.0,
  "overall_accuracy": 0.24370664087685365,
  "overall_precision": 0.4466007981033012,
  "overall_recall": 0.2928120491904026,
  "overall_f1": 0.32406726059949265,
  "overall_hallucination_rate": 0.15254237288135594,
  "avg_latency_seconds": 15.059663863182069,
  "field_metrics": {
    "ai_system.developer": {
      "accuracy": 0.44,
      "precision": 1.0,
      "recall": 0.44,
      "f1_score": 0.6111111111111112,
      "correct": 22,
      "incorrect": 0,
      "missing": 28,
      "hallucinated": 0
    },
    "ai_system.deployer": {
      "accuracy": 0.46,
      "precision": 1.0,
      "recall": 0.46,
      "f1_score": 0.6301369863013699,
      "correct": 23,
      "incorrect": 0,
      "missing": 27,
      "hallucinated": 0
    },
    "ai_system.system_type": {
      "accuracy": 0.04,
      "precision": 0.045454545454545456,
      "recall": 0.25,
      "f1_score": 0.07692307692307693,
      "correct": 2,
      "incorrect": 41,
      "missing": 6,
      "hallucinated": 1
    },
    "ai_system.name": {
      "accuracy": 0.54,
      "precision": 0.574468085106383,
      "recall": 0.9,
      "f1_score": 0.7012987012987012,
      "correct": 27,
      "incorrect": 2,
      "missing": 3,
      "hallucinated": 18
    },
    "organizations[0].name": {
      "accuracy": 0.723404255319149,
      "precision": 1.0,
      "recall": 0.723404255319149,
      "f1_score": 0.8395061728395062,
      "correct": 34,
      "incorrect": 0,
      "missing": 13,
      "hallucinated": 0
    },
    "organizations[0].role": {
      "accuracy": 0.3404255319148936,
      "precision": 0.48484848484848486,
      "recall": 0.5333333333333333,
      "f1_score": 0.507936507936508,
      "correct": 16,
      "incorrect": 16,
      "missing": 14,
      "hallucinated": 1
    },
    "organizations[1].name": {
      "accuracy": 0.48484848484848486,
      "precision": 0.9411764705882353,
      "recall": 0.5,
      "f1_score": 0.6530612244897959,
      "correct": 16,
      "incorrect": 1,
      "missing": 16,
      "hallucinated": 0
    },
    "organizations[1].role": {
      "accuracy": 0.21212121212121213,
      "precision": 0.3888888888888889,
      "recall": 0.3181818181818182,
      "f1_score": 0.35000000000000003,
      "correct": 7,
      "incorrect": 11,
      "missing": 15,
      "hallucinated": 0
    },
    "organizations[2].name": {
      "accuracy": 0.26666666666666666,
      "precision": 1.0,
      "recall": 0.26666666666666666,
      "f1_score": 0.4210526315789474,
      "correct": 4,
      "incorrect": 0,
      "missing": 11,
      "hallucinated": 0
    },
    "organizations[2].role": {
      "accuracy": 0.06666666666666667,
      "precision": 0.25,
      "recall": 0.08333333333333333,
      "f1_score": 0.125,
      "correct": 1,
      "incorrect": 3,
      "missing": 11,
      "hallucinated": 0
    },
    "event.event_date": {
      "accuracy": 0.96,
      "precision": 0.96,
      "recall": 1.0,
      "f1_score": 0.9795918367346939,
      "correct": 48,
      "incorrect": 2,
      "missing": 0,
      "hallucinated": 0
    },
    "event.event_location": {
      "accuracy": 0.22,
      "precision": 0.7333333333333333,
      "recall": 0.2391304347826087,
      "f1_score": 0.36065573770491804,
      "correct": 11,
      "incorrect": 4,
      "missing": 35,
      "hallucinated": 0
    },
    "event.event_type": {
      "accuracy": 0.0,
      "precision": 0.0,
      "recall": 0.0,
      "f1_score": 0.0,
      "correct": 0,
      "incorrect": 2,
      "missing": 48,
      "hallucinated": 0
    },
    "harm.affected_parties": {
      "accuracy": 0.08,
      "precision": 0.4,
      "recall": 0.09090909090909091,
      "f1_score": 0.14814814814814814,
      "correct": 4,
      "incorrect": 5,
      "missing": 40,
      "hallucinated": 1
    },
    "harm.severity": {
      "accuracy": 0.04,
      "precision": 0.15384615384615385,
      "recall": 0.05128205128205128,
      "f1_score": 0.07692307692307693,
      "correct": 2,
      "incorrect": 11,
      "missing": 37,
      "hallucinated": 0
    },
    "harm.harm_type": {
      "accuracy": 0.0,
      "precision": 0.0,
      "recall": 0.0,
      "f1_score": 0.0,
      "correct": 0,
      "incorrect": 35,
      "missing": 15,
      "hallucinated": 0
    },
    "organizations[h0].name": {
      "accuracy": 0.0,
      "precision": 0.0,
      "recall": 0.0,
      "f1_score": 0.0,
      "correct": 0,
      "incorrect": 0,
      "missing": 0,
      "hallucinated": 12
    },
    "organizations[h0].role": {
      "accuracy": 0.0,
      "precision": 0.0,
      "recall": 0.0,
      "f1_score": 0.0,
      "correct": 0,
      "incorrect": 0,
      "missing": 0,
      "hallucinated": 12
    },
    "organizations[3].name": {
      "accuracy": 0.0,
      "precision": 0.0,
      "recall": 0.0,
      "f1_score": 0.0,
      "correct": 0,
      "incorrect": 0,
      "missing": 3,
      "hallucinated": 0
    },
    "organizations[3].role": {
      "accuracy": 0.0,
      "precision": 0.0,
      "recall": 0.0,
      "f1_score": 0.0,
      "correct": 0,
      "incorrect": 0,
      "missing": 3,
      "hallucinated": 0
    },
    "organizations[h1].name": {
      "accuracy": 0.0,
      "precision": 0.0,
      "recall": 0.0,
      "f1_score": 0.0,
      "correct": 0,
      "incorrect": 0,
      "missing": 0,
      "hallucinated": 6
    },
    "organizations[h1].role": {
      "accuracy": 0.0,
      "precision": 0.0,
      "recall": 0.0,
      "f1_score": 0.0,
      "correct": 0,
      "incorrect": 0,
      "missing": 0,
      "hallucinated": 6
    },
    "harm.1": {
      "accuracy": 0.0,
      "precision": 0.0,
      "recall": 0.0,
      "f1_score": 0.0,
      "correct": 0,
      "incorrect": 0,
      "missing": 0,
      "hallucinated": 1
    },
    "harm.0": {
      "accuracy": 0.0,
      "precision": 0.0,
      "recall": 0.0,
      "f1_score": 0.0,
      "correct": 0,
      "incorrect": 0,
      "missing": 0,
      "hallucinated": 1
    },
    "organizations[4].name": {
      "accuracy": 0.0,
      "precision": 0.0,
      "recall": 0.0,
      "f1_score": 0.0,
      "correct": 0,
      "incorrect": 0,
      "missing": 1,
      "hallucinated": 0
    },
    "organizations[4].role": {
      "accuracy": 0.0,
      "precision": 0.0,
      "recall": 0.0,
      "f1_score": 0.0,
      "correct": 0,
      "incorrect": 0,
      "missing": 1,
      "hallucinated": 0
    },
    "organizations[h2].name": {
      "accuracy": 0.0,
      "precision": 0.0,
      "recall": 0.0,
      "f1_score": 0.0,
      "correct": 0,
      "incorrect": 0,
      "missing": 0,
      "hallucinated": 2
    },
    "organizations[h2].role": {
      "accuracy": 0.0,
      "precision": 0.0,
      "recall": 0.0,
      "f1_score": 0.0,
      "correct": 0,
      "incorrect": 0,
      "missing": 0,
      "hallucinated": 2
    }
  },
  "error_count": 0
}