{
  "model": "claude-haiku-4-5-20251001",
  "template": "PS1_KI2",
  "total_samples": 50,
  "valid_json_count": 50,
  "json_validity_rate": 1.0,
  "overall_accuracy": 0.5948845905867183,
  "overall_precision": 0.7832353163712401,
  "overall_recall": 0.690131242995369,
  "overall_f1": 0.6996972541788697,
  "overall_hallucination_rate": 0.14835948644793154,
  "avg_latency_seconds": 1.7088125085830688,
  "field_metrics": {
    "ai_system.developer": {
      "accuracy": 0.84,
      "precision": 0.9767441860465116,
      "recall": 0.8571428571428571,
      "f1_score": 0.9130434782608695,
      "correct": 42,
      "incorrect": 1,
      "missing": 7,
      "hallucinated": 0
    },
    "ai_system.deployer": {
      "accuracy": 0.74,
      "precision": 0.8809523809523809,
      "recall": 0.8222222222222222,
      "f1_score": 0.8505747126436781,
      "correct": 37,
      "incorrect": 3,
      "missing": 8,
      "hallucinated": 2
    },
    "ai_system.system_type": {
      "accuracy": 0.68,
      "precision": 0.6938775510204082,
      "recall": 0.9714285714285714,
      "f1_score": 0.8095238095238094,
      "correct": 34,
      "incorrect": 14,
      "missing": 1,
      "hallucinated": 1
    },
    "ai_system.name": {
      "accuracy": 0.86,
      "precision": 0.8775510204081632,
      "recall": 0.9772727272727273,
      "f1_score": 0.9247311827956989,
      "correct": 43,
      "incorrect": 0,
      "missing": 1,
      "hallucinated": 6
    },
    "organizations[0].name": {
      "accuracy": 0.9361702127659575,
      "precision": 1.0,
      "recall": 0.9361702127659575,
      "f1_score": 0.967032967032967,
      "correct": 44,
      "incorrect": 0,
      "missing": 3,
      "hallucinated": 0
    },
    "organizations[0].role": {
      "accuracy": 0.7021276595744681,
      "precision": 0.75,
      "recall": 0.9166666666666666,
      "f1_score": 0.8250000000000001,
      "correct": 33,
      "incorrect": 10,
      "missing": 3,
      "hallucinated": 1
    },
    "organizations[1].name": {
      "accuracy": 0.7878787878787878,
      "precision": 0.9285714285714286,
      "recall": 0.8387096774193549,
      "f1_score": 0.8813559322033899,
      "correct": 26,
      "incorrect": 2,
      "missing": 5,
      "hallucinated": 0
    },
    "organizations[1].role": {
      "accuracy": 0.48484848484848486,
      "precision": 0.5714285714285714,
      "recall": 0.7619047619047619,
      "f1_score": 0.6530612244897959,
      "correct": 16,
      "incorrect": 11,
      "missing": 5,
      "hallucinated": 1
    },
    "organizations[2].name": {
      "accuracy": 0.4,
      "precision": 1.0,
      "recall": 0.4,
      "f1_score": 0.5714285714285715,
      "correct": 6,
      "incorrect": 0,
      "missing": 9,
      "hallucinated": 0
    },
    "organizations[2].role": {
      "accuracy": 0.4,
      "precision": 1.0,
      "recall": 0.4,
      "f1_score": 0.5714285714285715,
      "correct": 6,
      "incorrect": 0,
      "missing": 9,
      "hallucinated": 0
    },
    "organizations[h3].name": {
      "accuracy": 0.0,
      "precision": 0.0,
      "recall": 0.0,
      "f1_score": 0.0,
      "correct": 0,
      "incorrect": 0,
      "missing": 0,
      "hallucinated": 7
    },
    "organizations[h3].role": {
      "accuracy": 0.0,
      "precision": 0.0,
      "recall": 0.0,
      "f1_score": 0.0,
      "correct": 0,
      "incorrect": 0,
      "missing": 0,
      "hallucinated": 7
    },
    "event.event_date": {
      "accuracy": 0.92,
      "precision": 0.9387755102040817,
      "recall": 0.9787234042553191,
      "f1_score": 0.9583333333333333,
      "correct": 46,
      "incorrect": 3,
      "missing": 1,
      "hallucinated": 0
    },
    "event.event_location": {
      "accuracy": 0.54,
      "precision": 0.9642857142857143,
      "recall": 0.5510204081632653,
      "f1_score": 0.7012987012987012,
      "correct": 27,
      "incorrect": 1,
      "missing": 22,
      "hallucinated": 0
    },
    "event.event_type": {
      "accuracy": 0.86,
      "precision": 0.8775510204081632,
      "recall": 0.9772727272727273,
      "f1_score": 0.9247311827956989,
      "correct": 43,
      "incorrect": 6,
      "missing": 1,
      "hallucinated": 0
    },
    "harm.affected_parties": {
      "accuracy": 0.66,
      "precision": 0.717391304347826,
      "recall": 0.8918918918918919,
      "f1_score": 0.7951807228915664,
      "correct": 33,
      "incorrect": 13,
      "missing": 4,
      "hallucinated": 0
    },
    "harm.severity": {
      "accuracy": 0.58,
      "precision": 0.6304347826086957,
      "recall": 0.8787878787878788,
      "f1_score": 0.7341772151898734,
      "correct": 29,
      "incorrect": 17,
      "missing": 4,
      "hallucinated": 0
    },
    "harm.harm_type": {
      "accuracy": 0.84,
      "precision": 0.8571428571428571,
      "recall": 0.9767441860465116,
      "f1_score": 0.9130434782608695,
      "correct": 42,
      "incorrect": 7,
      "missing": 1,
      "hallucinated": 0
    },
    "organizations[h0].name": {
      "accuracy": 0.0,
      "precision": 0.0,
      "recall": 0.0,
      "f1_score": 0.0,
      "correct": 0,
      "incorrect": 0,
      "missing": 0,
      "hallucinated": 7
    },
    "organizations[h0].role": {
      "accuracy": 0.0,
      "precision": 0.0,
      "recall": 0.0,
      "f1_score": 0.0,
      "correct": 0,
      "incorrect": 0,
      "missing": 0,
      "hallucinated": 7
    },
    "organizations[h1].name": {
      "accuracy": 0.0,
      "precision": 0.0,
      "recall": 0.0,
      "f1_score": 0.0,
      "correct": 0,
      "incorrect": 0,
      "missing": 0,
      "hallucinated": 18
    },
    "organizations[h1].role": {
      "accuracy": 0.0,
      "precision": 0.0,
      "recall": 0.0,
      "f1_score": 0.0,
      "correct": 0,
      "incorrect": 0,
      "missing": 0,
      "hallucinated": 18
    },
    "organizations[h2].name": {
      "accuracy": 0.0,
      "precision": 0.0,
      "recall": 0.0,
      "f1_score": 0.0,
      "correct": 0,
      "incorrect": 0,
      "missing": 0,
      "hallucinated": 13
    },
    "organizations[h2].role": {
      "accuracy": 0.0,
      "precision": 0.0,
      "recall": 0.0,
      "f1_score": 0.0,
      "correct": 0,
      "incorrect": 0,
      "missing": 0,
      "hallucinated": 13
    },
    "incidents": {
      "accuracy": 0.0,
      "precision": 0.0,
      "recall": 0.0,
      "f1_score": 0.0,
      "correct": 0,
      "incorrect": 0,
      "missing": 0,
      "hallucinated": 1
    },
    "organizations[3].name": {
      "accuracy": 0.3333333333333333,
      "precision": 1.0,
      "recall": 0.3333333333333333,
      "f1_score": 0.5,
      "correct": 1,
      "incorrect": 0,
      "missing": 2,
      "hallucinated": 0
    },
    "organizations[3].role": {
      "accuracy": 0.3333333333333333,
      "precision": 1.0,
      "recall": 0.3333333333333333,
      "f1_score": 0.5,
      "correct": 1,
      "incorrect": 0,
      "missing": 2,
      "hallucinated": 0
    },
    "organizations[h4].name": {
      "accuracy": 0.0,
      "precision": 0.0,
      "recall": 0.0,
      "f1_score": 0.0,
      "correct": 0,
      "incorrect": 0,
      "missing": 0,
      "hallucinated": 1
    },
    "organizations[h4].role": {
      "accuracy": 0.0,
      "precision": 0.0,
      "recall": 0.0,
      "f1_score": 0.0,
      "correct": 0,
      "incorrect": 0,
      "missing": 0,
      "hallucinated": 1
    },
    "organizations[4].name": {
      "accuracy": 0.0,
      "precision": 0.0,
      "recall": 0.0,
      "f1_score": 0.0,
      "correct": 0,
      "incorrect": 0,
      "missing": 1,
      "hallucinated": 0
    },
    "organizations[4].role": {
      "accuracy": 0.0,
      "precision": 0.0,
      "recall": 0.0,
      "f1_score": 0.0,
      "correct": 0,
      "incorrect": 0,
      "missing": 1,
      "hallucinated": 0
    }
  },
  "error_count": 0
}