{
  "model": "llama3.1:8b",
  "template": "PS2_KI3",
  "total_samples": 50,
  "valid_json_count": 50,
  "json_validity_rate": 1.0,
  "overall_accuracy": 0.45132301740812375,
  "overall_precision": 0.5956480062353731,
  "overall_recall": 0.5991413089722766,
  "overall_f1": 0.56554524272697,
  "overall_hallucination_rate": 0.12439418416801293,
  "avg_latency_seconds": 10.457595987319946,
  "field_metrics": {
    "organizations[0].name": {
      "accuracy": 0.9148936170212766,
      "precision": 1.0,
      "recall": 0.9148936170212766,
      "f1_score": 0.9555555555555556,
      "correct": 43,
      "incorrect": 0,
      "missing": 4,
      "hallucinated": 0
    },
    "organizations[0].role": {
      "accuracy": 0.6170212765957447,
      "precision": 0.6744186046511628,
      "recall": 0.8787878787878788,
      "f1_score": 0.7631578947368421,
      "correct": 29,
      "incorrect": 13,
      "missing": 4,
      "hallucinated": 1
    },
    "organizations[1].name": {
      "accuracy": 0.7272727272727273,
      "precision": 0.96,
      "recall": 0.75,
      "f1_score": 0.8421052631578947,
      "correct": 24,
      "incorrect": 1,
      "missing": 8,
      "hallucinated": 0
    },
    "organizations[1].role": {
      "accuracy": 0.3939393939393939,
      "precision": 0.52,
      "recall": 0.6190476190476191,
      "f1_score": 0.5652173913043478,
      "correct": 13,
      "incorrect": 11,
      "missing": 8,
      "hallucinated": 1
    },
    "organizations[2].name": {
      "accuracy": 0.4666666666666667,
      "precision": 1.0,
      "recall": 0.4666666666666667,
      "f1_score": 0.6363636363636364,
      "correct": 7,
      "incorrect": 0,
      "missing": 8,
      "hallucinated": 0
    },
    "organizations[2].role": {
      "accuracy": 0.26666666666666666,
      "precision": 0.5714285714285714,
      "recall": 0.3333333333333333,
      "f1_score": 0.4210526315789474,
      "correct": 4,
      "incorrect": 3,
      "missing": 8,
      "hallucinated": 0
    },
    "event.event_type": {
      "accuracy": 0.7,
      "precision": 0.7,
      "recall": 1.0,
      "f1_score": 0.8235294117647058,
      "correct": 35,
      "incorrect": 15,
      "missing": 0,
      "hallucinated": 0
    },
    "event.event_location": {
      "accuracy": 0.52,
      "precision": 0.896551724137931,
      "recall": 0.5531914893617021,
      "f1_score": 0.6842105263157894,
      "correct": 26,
      "incorrect": 3,
      "missing": 21,
      "hallucinated": 0
    },
    "event.event_date": {
      "accuracy": 0.36,
      "precision": 1.0,
      "recall": 0.36,
      "f1_score": 0.5294117647058824,
      "correct": 18,
      "incorrect": 0,
      "missing": 32,
      "hallucinated": 0
    },
    "ai_system.developer": {
      "accuracy": 0.66,
      "precision": 0.9428571428571428,
      "recall": 0.6875,
      "f1_score": 0.7951807228915663,
      "correct": 33,
      "incorrect": 1,
      "missing": 15,
      "hallucinated": 1
    },
    "ai_system.system_type": {
      "accuracy": 0.48,
      "precision": 0.5333333333333333,
      "recall": 0.8275862068965517,
      "f1_score": 0.6486486486486487,
      "correct": 24,
      "incorrect": 20,
      "missing": 5,
      "hallucinated": 1
    },
    "ai_system.name": {
      "accuracy": 0.76,
      "precision": 0.7755102040816326,
      "recall": 0.9743589743589743,
      "f1_score": 0.8636363636363635,
      "correct": 38,
      "incorrect": 2,
      "missing": 1,
      "hallucinated": 9
    },
    "ai_system.deployer": {
      "accuracy": 0.66,
      "precision": 0.7857142857142857,
      "recall": 0.8048780487804879,
      "f1_score": 0.7951807228915663,
      "correct": 33,
      "incorrect": 3,
      "missing": 8,
      "hallucinated": 6
    },
    "harm.severity": {
      "accuracy": 0.44,
      "precision": 0.4583333333333333,
      "recall": 0.9166666666666666,
      "f1_score": 0.611111111111111,
      "correct": 22,
      "incorrect": 26,
      "missing": 2,
      "hallucinated": 0
    },
    "harm.harm_type": {
      "accuracy": 0.62,
      "precision": 0.6458333333333334,
      "recall": 0.9393939393939394,
      "f1_score": 0.7654320987654321,
      "correct": 31,
      "incorrect": 17,
      "missing": 2,
      "hallucinated": 0
    },
    "harm.affected_parties": {
      "accuracy": 0.44,
      "precision": 0.4489795918367347,
      "recall": 0.9565217391304348,
      "f1_score": 0.6111111111111112,
      "correct": 22,
      "incorrect": 25,
      "missing": 1,
      "hallucinated": 2
    },
    "organizations[h0].name": {
      "accuracy": 0.0,
      "precision": 0.0,
      "recall": 0.0,
      "f1_score": 0.0,
      "correct": 0,
      "incorrect": 0,
      "missing": 0,
      "hallucinated": 8
    },
    "organizations[h0].role": {
      "accuracy": 0.0,
      "precision": 0.0,
      "recall": 0.0,
      "f1_score": 0.0,
      "correct": 0,
      "incorrect": 0,
      "missing": 0,
      "hallucinated": 8
    },
    "organizations[h1].name": {
      "accuracy": 0.0,
      "precision": 0.0,
      "recall": 0.0,
      "f1_score": 0.0,
      "correct": 0,
      "incorrect": 0,
      "missing": 0,
      "hallucinated": 16
    },
    "organizations[h1].role": {
      "accuracy": 0.0,
      "precision": 0.0,
      "recall": 0.0,
      "f1_score": 0.0,
      "correct": 0,
      "incorrect": 0,
      "missing": 0,
      "hallucinated": 16
    },
    "organizations[h2].name": {
      "accuracy": 0.0,
      "precision": 0.0,
      "recall": 0.0,
      "f1_score": 0.0,
      "correct": 0,
      "incorrect": 0,
      "missing": 0,
      "hallucinated": 4
    },
    "organizations[h2].role": {
      "accuracy": 0.0,
      "precision": 0.0,
      "recall": 0.0,
      "f1_score": 0.0,
      "correct": 0,
      "incorrect": 0,
      "missing": 0,
      "hallucinated": 4
    },
    "organizations[3].name": {
      "accuracy": 0.0,
      "precision": 0.0,
      "recall": 0.0,
      "f1_score": 0.0,
      "correct": 0,
      "incorrect": 0,
      "missing": 3,
      "hallucinated": 0
    },
    "organizations[3].role": {
      "accuracy": 0.0,
      "precision": 0.0,
      "recall": 0.0,
      "f1_score": 0.0,
      "correct": 0,
      "incorrect": 0,
      "missing": 3,
      "hallucinated": 0
    },
    "organizations[4].name": {
      "accuracy": 0.0,
      "precision": 0.0,
      "recall": 0.0,
      "f1_score": 0.0,
      "correct": 0,
      "incorrect": 0,
      "missing": 1,
      "hallucinated": 0
    },
    "organizations[4].role": {
      "accuracy": 0.0,
      "precision": 0.0,
      "recall": 0.0,
      "f1_score": 0.0,
      "correct": 0,
      "incorrect": 0,
      "missing": 1,
      "hallucinated": 0
    }
  },
  "error_count": 0
}