{
  "model": "llama3.1:8b",
  "template": "PS3_KI2",
  "total_samples": 50,
  "valid_json_count": 50,
  "json_validity_rate": 1.0,
  "overall_accuracy": 0.366,
  "overall_accuracy_micro": 0.366,
  "overall_precision": 0.5438404452690166,
  "overall_precision_micro": 0.5941558441558441,
  "overall_recall": 0.49131262939958587,
  "overall_recall_micro": 0.488,
  "overall_f1": 0.4424705577588143,
  "overall_f1_micro": 0.5358711566617862,
  "overall_hallucination_rate": 0.05844155844155844,
  "avg_latency_seconds": 13.484556350708008,
  "field_metrics": {
    "organizations[0].name": {
      "accuracy": 0.8085106382978723,
      "precision": 1.0,
      "recall": 0.8085106382978723,
      "f1_score": 0.8941176470588235,
      "correct": 38,
      "incorrect": 0,
      "missing": 9,
      "hallucinated": 0
    },
    "organizations[0].role": {
      "accuracy": 0.3191489361702128,
      "precision": 0.42857142857142855,
      "recall": 0.5555555555555556,
      "f1_score": 0.48387096774193544,
      "correct": 15,
      "incorrect": 20,
      "missing": 12,
      "hallucinated": 0
    },
    "organizations[1].name": {
      "accuracy": 0.6363636363636364,
      "precision": 0.9545454545454546,
      "recall": 0.65625,
      "f1_score": 0.7777777777777778,
      "correct": 21,
      "incorrect": 1,
      "missing": 11,
      "hallucinated": 0
    },
    "organizations[1].role": {
      "accuracy": 0.24242424242424243,
      "precision": 0.38095238095238093,
      "recall": 0.4,
      "f1_score": 0.3902439024390244,
      "correct": 8,
      "incorrect": 13,
      "missing": 12,
      "hallucinated": 0
    },
    "organizations[2].name": {
      "accuracy": 0.3333333333333333,
      "precision": 1.0,
      "recall": 0.3333333333333333,
      "f1_score": 0.5,
      "correct": 5,
      "incorrect": 0,
      "missing": 10,
      "hallucinated": 0
    },
    "organizations[2].role": {
      "accuracy": 0.06666666666666667,
      "precision": 0.2,
      "recall": 0.09090909090909091,
      "f1_score": 0.12500000000000003,
      "correct": 1,
      "incorrect": 4,
      "missing": 10,
      "hallucinated": 0
    },
    "event.event_type": {
      "accuracy": 0.0,
      "precision": 0.0,
      "recall": 0.0,
      "f1_score": 0.0,
      "correct": 0,
      "incorrect": 3,
      "missing": 47,
      "hallucinated": 0
    },
    "event.event_date": {
      "accuracy": 0.96,
      "precision": 0.96,
      "recall": 1.0,
      "f1_score": 0.9795918367346939,
      "correct": 48,
      "incorrect": 2,
      "missing": 0,
      "hallucinated": 0
    },
    "event.event_location": {
      "accuracy": 0.94,
      "precision": 0.94,
      "recall": 1.0,
      "f1_score": 0.9690721649484536,
      "correct": 47,
      "incorrect": 3,
      "missing": 0,
      "hallucinated": 0
    },
    "harm.severity": {
      "accuracy": 0.04,
      "precision": 0.2,
      "recall": 0.047619047619047616,
      "f1_score": 0.07692307692307693,
      "correct": 2,
      "incorrect": 8,
      "missing": 40,
      "hallucinated": 0
    },
    "harm.harm_type": {
      "accuracy": 0.0,
      "precision": 0.0,
      "recall": 0.0,
      "f1_score": 0.0,
      "correct": 0,
      "incorrect": 41,
      "missing": 9,
      "hallucinated": 0
    },
    "harm.affected_parties": {
      "accuracy": 0.14,
      "precision": 0.6363636363636364,
      "recall": 0.15217391304347827,
      "f1_score": 0.2456140350877193,
      "correct": 7,
      "incorrect": 4,
      "missing": 39,
      "hallucinated": 0
    },
    "ai_system.name": {
      "accuracy": 0.6,
      "precision": 0.6,
      "recall": 1.0,
      "f1_score": 0.7499999999999999,
      "correct": 30,
      "incorrect": 2,
      "missing": 0,
      "hallucinated": 18
    },
    "ai_system.system_type": {
      "accuracy": 0.1,
      "precision": 0.10204081632653061,
      "recall": 0.8333333333333334,
      "f1_score": 0.18181818181818182,
      "correct": 5,
      "incorrect": 44,
      "missing": 1,
      "hallucinated": 0
    },
    "ai_system.developer": {
      "accuracy": 0.42,
      "precision": 1.0,
      "recall": 0.42,
      "f1_score": 0.5915492957746479,
      "correct": 21,
      "incorrect": 0,
      "missing": 29,
      "hallucinated": 0
    },
    "ai_system.deployer": {
      "accuracy": 0.46,
      "precision": 1.0,
      "recall": 0.46,
      "f1_score": 0.6301369863013699,
      "correct": 23,
      "incorrect": 0,
      "missing": 27,
      "hallucinated": 0
    },
    "organizations[h0].name": {
      "accuracy": 0.0,
      "precision": 0.0,
      "recall": 0.0,
      "f1_score": 0.0,
      "correct": 0,
      "incorrect": 0,
      "missing": 0,
      "hallucinated": 11
    },
    "organizations[h0].role": {
      "accuracy": 0.0,
      "precision": 0.0,
      "recall": 0.0,
      "f1_score": 0.0,
      "correct": 0,
      "incorrect": 0,
      "missing": 0,
      "hallucinated": 11
    },
    "organizations[h1].name": {
      "accuracy": 0.0,
      "precision": 0.0,
      "recall": 0.0,
      "f1_score": 0.0,
      "correct": 0,
      "incorrect": 0,
      "missing": 0,
      "hallucinated": 6
    },
    "organizations[h1].role": {
      "accuracy": 0.0,
      "precision": 0.0,
      "recall": 0.0,
      "f1_score": 0.0,
      "correct": 0,
      "incorrect": 0,
      "missing": 0,
      "hallucinated": 6
    },
    "organizations[h2].name": {
      "accuracy": 0.0,
      "precision": 0.0,
      "recall": 0.0,
      "f1_score": 0.0,
      "correct": 0,
      "incorrect": 0,
      "missing": 0,
      "hallucinated": 4
    },
    "organizations[h2].role": {
      "accuracy": 0.0,
      "precision": 0.0,
      "recall": 0.0,
      "f1_score": 0.0,
      "correct": 0,
      "incorrect": 0,
      "missing": 0,
      "hallucinated": 4
    },
    "organizations[3].name": {
      "accuracy": 0.0,
      "precision": 0.0,
      "recall": 0.0,
      "f1_score": 0.0,
      "correct": 0,
      "incorrect": 0,
      "missing": 3,
      "hallucinated": 0
    },
    "organizations[3].role": {
      "accuracy": 0.0,
      "precision": 0.0,
      "recall": 0.0,
      "f1_score": 0.0,
      "correct": 0,
      "incorrect": 0,
      "missing": 3,
      "hallucinated": 0
    },
    "organizations[4].name": {
      "accuracy": 0.0,
      "precision": 0.0,
      "recall": 0.0,
      "f1_score": 0.0,
      "correct": 0,
      "incorrect": 0,
      "missing": 1,
      "hallucinated": 0
    },
    "organizations[4].role": {
      "accuracy": 0.0,
      "precision": 0.0,
      "recall": 0.0,
      "f1_score": 0.0,
      "correct": 0,
      "incorrect": 0,
      "missing": 1,
      "hallucinated": 0
    }
  },
  "error_count": 0
}