{
  "model": "llama3.1:8b",
  "template": "PS2_KI4",
  "total_samples": 50,
  "valid_json_count": 50,
  "json_validity_rate": 1.0,
  "overall_accuracy": 0.45269439071566736,
  "overall_precision": 0.5950884329217349,
  "overall_recall": 0.5897214561382164,
  "overall_f1": 0.5648809464306223,
  "overall_hallucination_rate": 0.12857142857142856,
  "avg_latency_seconds": 11.323690605163574,
  "field_metrics": {
    "organizations[0].name": {
      "accuracy": 0.851063829787234,
      "precision": 1.0,
      "recall": 0.851063829787234,
      "f1_score": 0.9195402298850576,
      "correct": 40,
      "incorrect": 0,
      "missing": 7,
      "hallucinated": 0
    },
    "organizations[0].role": {
      "accuracy": 0.5319148936170213,
      "precision": 0.625,
      "recall": 0.78125,
      "f1_score": 0.6944444444444444,
      "correct": 25,
      "incorrect": 14,
      "missing": 7,
      "hallucinated": 1
    },
    "organizations[1].name": {
      "accuracy": 0.696969696969697,
      "precision": 0.9583333333333334,
      "recall": 0.71875,
      "f1_score": 0.8214285714285714,
      "correct": 23,
      "incorrect": 1,
      "missing": 9,
      "hallucinated": 0
    },
    "organizations[1].role": {
      "accuracy": 0.3939393939393939,
      "precision": 0.5416666666666666,
      "recall": 0.5909090909090909,
      "f1_score": 0.5652173913043478,
      "correct": 13,
      "incorrect": 10,
      "missing": 9,
      "hallucinated": 1
    },
    "organizations[2].name": {
      "accuracy": 0.4,
      "precision": 1.0,
      "recall": 0.4,
      "f1_score": 0.5714285714285715,
      "correct": 6,
      "incorrect": 0,
      "missing": 9,
      "hallucinated": 0
    },
    "organizations[2].role": {
      "accuracy": 0.2,
      "precision": 0.5,
      "recall": 0.25,
      "f1_score": 0.3333333333333333,
      "correct": 3,
      "incorrect": 3,
      "missing": 9,
      "hallucinated": 0
    },
    "event.event_type": {
      "accuracy": 0.7,
      "precision": 0.7,
      "recall": 1.0,
      "f1_score": 0.8235294117647058,
      "correct": 35,
      "incorrect": 15,
      "missing": 0,
      "hallucinated": 0
    },
    "event.event_location": {
      "accuracy": 0.42,
      "precision": 0.9130434782608695,
      "recall": 0.4375,
      "f1_score": 0.5915492957746479,
      "correct": 21,
      "incorrect": 2,
      "missing": 27,
      "hallucinated": 0
    },
    "event.event_date": {
      "accuracy": 0.76,
      "precision": 0.95,
      "recall": 0.7916666666666666,
      "f1_score": 0.8636363636363635,
      "correct": 38,
      "incorrect": 2,
      "missing": 10,
      "hallucinated": 0
    },
    "ai_system.developer": {
      "accuracy": 0.66,
      "precision": 0.9705882352941176,
      "recall": 0.673469387755102,
      "f1_score": 0.7951807228915663,
      "correct": 33,
      "incorrect": 1,
      "missing": 16,
      "hallucinated": 0
    },
    "ai_system.system_type": {
      "accuracy": 0.48,
      "precision": 0.5217391304347826,
      "recall": 0.8571428571428571,
      "f1_score": 0.6486486486486486,
      "correct": 24,
      "incorrect": 21,
      "missing": 4,
      "hallucinated": 1
    },
    "ai_system.name": {
      "accuracy": 0.82,
      "precision": 0.8367346938775511,
      "recall": 0.9761904761904762,
      "f1_score": 0.9010989010989012,
      "correct": 41,
      "incorrect": 3,
      "missing": 1,
      "hallucinated": 5
    },
    "ai_system.deployer": {
      "accuracy": 0.64,
      "precision": 0.8,
      "recall": 0.7619047619047619,
      "f1_score": 0.7804878048780488,
      "correct": 32,
      "incorrect": 3,
      "missing": 10,
      "hallucinated": 5
    },
    "harm.severity": {
      "accuracy": 0.4,
      "precision": 0.425531914893617,
      "recall": 0.8695652173913043,
      "f1_score": 0.5714285714285714,
      "correct": 20,
      "incorrect": 27,
      "missing": 3,
      "hallucinated": 0
    },
    "harm.harm_type": {
      "accuracy": 0.6,
      "precision": 0.6382978723404256,
      "recall": 0.9090909090909091,
      "f1_score": 0.75,
      "correct": 30,
      "incorrect": 17,
      "missing": 3,
      "hallucinated": 0
    },
    "harm.affected_parties": {
      "accuracy": 0.5,
      "precision": 0.5208333333333334,
      "recall": 0.9259259259259259,
      "f1_score": 0.6666666666666667,
      "correct": 25,
      "incorrect": 21,
      "missing": 2,
      "hallucinated": 2
    },
    "organizations[h0].name": {
      "accuracy": 0.0,
      "precision": 0.0,
      "recall": 0.0,
      "f1_score": 0.0,
      "correct": 0,
      "incorrect": 0,
      "missing": 0,
      "hallucinated": 10
    },
    "organizations[h0].role": {
      "accuracy": 0.0,
      "precision": 0.0,
      "recall": 0.0,
      "f1_score": 0.0,
      "correct": 0,
      "incorrect": 0,
      "missing": 0,
      "hallucinated": 10
    },
    "organizations[h1].name": {
      "accuracy": 0.0,
      "precision": 0.0,
      "recall": 0.0,
      "f1_score": 0.0,
      "correct": 0,
      "incorrect": 0,
      "missing": 0,
      "hallucinated": 18
    },
    "organizations[h1].role": {
      "accuracy": 0.0,
      "precision": 0.0,
      "recall": 0.0,
      "f1_score": 0.0,
      "correct": 0,
      "incorrect": 0,
      "missing": 0,
      "hallucinated": 18
    },
    "organizations[3].name": {
      "accuracy": 0.0,
      "precision": 0.0,
      "recall": 0.0,
      "f1_score": 0.0,
      "correct": 0,
      "incorrect": 0,
      "missing": 3,
      "hallucinated": 0
    },
    "organizations[3].role": {
      "accuracy": 0.0,
      "precision": 0.0,
      "recall": 0.0,
      "f1_score": 0.0,
      "correct": 0,
      "incorrect": 0,
      "missing": 3,
      "hallucinated": 0
    },
    "organizations[h2].name": {
      "accuracy": 0.0,
      "precision": 0.0,
      "recall": 0.0,
      "f1_score": 0.0,
      "correct": 0,
      "incorrect": 0,
      "missing": 0,
      "hallucinated": 4
    },
    "organizations[h2].role": {
      "accuracy": 0.0,
      "precision": 0.0,
      "recall": 0.0,
      "f1_score": 0.0,
      "correct": 0,
      "incorrect": 0,
      "missing": 0,
      "hallucinated": 4
    },
    "organizations[h3].name": {
      "accuracy": 0.0,
      "precision": 0.0,
      "recall": 0.0,
      "f1_score": 0.0,
      "correct": 0,
      "incorrect": 0,
      "missing": 0,
      "hallucinated": 1
    },
    "organizations[h3].role": {
      "accuracy": 0.0,
      "precision": 0.0,
      "recall": 0.0,
      "f1_score": 0.0,
      "correct": 0,
      "incorrect": 0,
      "missing": 0,
      "hallucinated": 1
    },
    "organizations[4].name": {
      "accuracy": 0.0,
      "precision": 0.0,
      "recall": 0.0,
      "f1_score": 0.0,
      "correct": 0,
      "incorrect": 0,
      "missing": 1,
      "hallucinated": 0
    },
    "organizations[4].role": {
      "accuracy": 0.0,
      "precision": 0.0,
      "recall": 0.0,
      "f1_score": 0.0,
      "correct": 0,
      "incorrect": 0,
      "missing": 1,
      "hallucinated": 0
    }
  },
  "error_count": 0
}