{
  "model": "claude-haiku-4-5-20251001",
  "template": "PS3_KI3",
  "total_samples": 50,
  "valid_json_count": 50,
  "json_validity_rate": 1.0,
  "overall_accuracy": 0.776,
  "overall_accuracy_micro": 0.776,
  "overall_precision": 0.8119195750008263,
  "overall_precision_micro": 0.8197530864197531,
  "overall_recall": 0.8770542626545683,
  "overall_recall_micro": 0.894878706199461,
  "overall_f1": 0.839167148114278,
  "overall_f1_micro": 0.8556701030927836,
  "overall_hallucination_rate": 0.03209876543209877,
  "avg_latency_seconds": 8.394733667373657,
  "field_metrics": {
    "ai_system.deployer": {
      "accuracy": 0.66,
      "precision": 0.68,
      "recall": 0.6538461538461539,
      "f1_score": 0.6666666666666666,
      "correct": 17,
      "true_negative": 16,
      "incorrect": 2,
      "missing": 9,
      "hallucinated": 6
    },
    "ai_system.system_type": {
      "accuracy": 0.72,
      "precision": 0.7659574468085106,
      "recall": 0.9230769230769231,
      "f1_score": 0.8372093023255814,
      "correct": 36,
      "true_negative": 0,
      "incorrect": 11,
      "missing": 3,
      "hallucinated": 0
    },
    "ai_system.developer": {
      "accuracy": 0.8,
      "precision": 0.9166666666666666,
      "recall": 0.7333333333333333,
      "f1_score": 0.8148148148148148,
      "correct": 22,
      "true_negative": 18,
      "incorrect": 1,
      "missing": 8,
      "hallucinated": 1
    },
    "ai_system.name": {
      "accuracy": 0.86,
      "precision": 0.8,
      "recall": 0.96,
      "f1_score": 0.8727272727272728,
      "correct": 24,
      "true_negative": 19,
      "incorrect": 0,
      "missing": 1,
      "hallucinated": 6
    },
    "harm.harm_type": {
      "accuracy": 0.76,
      "precision": 0.8085106382978723,
      "recall": 0.926829268292683,
      "f1_score": 0.8636363636363636,
      "correct": 38,
      "true_negative": 0,
      "incorrect": 9,
      "missing": 3,
      "hallucinated": 0
    },
    "harm.severity": {
      "accuracy": 0.56,
      "precision": 0.6363636363636364,
      "recall": 0.8235294117647058,
      "f1_score": 0.717948717948718,
      "correct": 28,
      "true_negative": 0,
      "incorrect": 16,
      "missing": 6,
      "hallucinated": 0
    },
    "harm.affected_parties": {
      "accuracy": 0.58,
      "precision": 0.6341463414634146,
      "recall": 0.8125,
      "f1_score": 0.7123287671232876,
      "correct": 26,
      "true_negative": 3,
      "incorrect": 15,
      "missing": 6,
      "hallucinated": 0
    },
    "event.event_location": {
      "accuracy": 0.98,
      "precision": 1.0,
      "recall": 0.98,
      "f1_score": 0.98989898989899,
      "correct": 49,
      "true_negative": 0,
      "incorrect": 0,
      "missing": 1,
      "hallucinated": 0
    },
    "event.event_date": {
      "accuracy": 0.94,
      "precision": 0.9591836734693877,
      "recall": 0.9791666666666666,
      "f1_score": 0.9690721649484536,
      "correct": 47,
      "true_negative": 0,
      "incorrect": 2,
      "missing": 1,
      "hallucinated": 0
    },
    "event.event_type": {
      "accuracy": 0.9,
      "precision": 0.9183673469387755,
      "recall": 0.9782608695652174,
      "f1_score": 0.9473684210526316,
      "correct": 45,
      "true_negative": 0,
      "incorrect": 4,
      "missing": 1,
      "hallucinated": 0
    },
    "organizations[0].name": {
      "accuracy": 0.9361702127659575,
      "precision": 1.0,
      "recall": 0.9361702127659575,
      "f1_score": 0.967032967032967,
      "correct": 44,
      "true_negative": 0,
      "incorrect": 0,
      "missing": 3,
      "hallucinated": 0
    },
    "organizations[0].role": {
      "accuracy": 0.6595744680851063,
      "precision": 0.7045454545454546,
      "recall": 0.9117647058823529,
      "f1_score": 0.794871794871795,
      "correct": 31,
      "true_negative": 0,
      "incorrect": 13,
      "missing": 3,
      "hallucinated": 0
    },
    "organizations[1].name": {
      "accuracy": 0.7878787878787878,
      "precision": 0.9285714285714286,
      "recall": 0.8387096774193549,
      "f1_score": 0.8813559322033899,
      "correct": 26,
      "true_negative": 0,
      "incorrect": 2,
      "missing": 5,
      "hallucinated": 0
    },
    "organizations[1].role": {
      "accuracy": 0.6060606060606061,
      "precision": 0.7142857142857143,
      "recall": 0.8,
      "f1_score": 0.7547169811320756,
      "correct": 20,
      "true_negative": 0,
      "incorrect": 8,
      "missing": 5,
      "hallucinated": 0
    },
    "organizations[2].name": {
      "accuracy": 0.4,
      "precision": 1.0,
      "recall": 0.4,
      "f1_score": 0.5714285714285715,
      "correct": 6,
      "true_negative": 0,
      "incorrect": 0,
      "missing": 9,
      "hallucinated": 0
    },
    "organizations[2].role": {
      "accuracy": 0.4,
      "precision": 1.0,
      "recall": 0.4,
      "f1_score": 0.5714285714285715,
      "correct": 6,
      "true_negative": 0,
      "incorrect": 0,
      "missing": 9,
      "hallucinated": 0
    },
    "organizations[h3].name": {
      "accuracy": 0.0,
      "precision": 0.0,
      "recall": 0.0,
      "f1_score": 0.0,
      "correct": 0,
      "true_negative": 0,
      "incorrect": 0,
      "missing": 0,
      "hallucinated": 8
    },
    "organizations[h3].role": {
      "accuracy": 0.0,
      "precision": 0.0,
      "recall": 0.0,
      "f1_score": 0.0,
      "correct": 0,
      "true_negative": 0,
      "incorrect": 0,
      "missing": 0,
      "hallucinated": 8
    },
    "organizations[h0].name": {
      "accuracy": 0.0,
      "precision": 0.0,
      "recall": 0.0,
      "f1_score": 0.0,
      "correct": 0,
      "true_negative": 0,
      "incorrect": 0,
      "missing": 0,
      "hallucinated": 6
    },
    "organizations[h0].role": {
      "accuracy": 0.0,
      "precision": 0.0,
      "recall": 0.0,
      "f1_score": 0.0,
      "correct": 0,
      "true_negative": 0,
      "incorrect": 0,
      "missing": 0,
      "hallucinated": 6
    },
    "organizations[h1].name": {
      "accuracy": 0.0,
      "precision": 0.0,
      "recall": 0.0,
      "f1_score": 0.0,
      "correct": 0,
      "true_negative": 0,
      "incorrect": 0,
      "missing": 0,
      "hallucinated": 18
    },
    "organizations[h1].role": {
      "accuracy": 0.0,
      "precision": 0.0,
      "recall": 0.0,
      "f1_score": 0.0,
      "correct": 0,
      "true_negative": 0,
      "incorrect": 0,
      "missing": 0,
      "hallucinated": 18
    },
    "organizations[h2].name": {
      "accuracy": 0.0,
      "precision": 0.0,
      "recall": 0.0,
      "f1_score": 0.0,
      "correct": 0,
      "true_negative": 0,
      "incorrect": 0,
      "missing": 0,
      "hallucinated": 12
    },
    "organizations[h2].role": {
      "accuracy": 0.0,
      "precision": 0.0,
      "recall": 0.0,
      "f1_score": 0.0,
      "correct": 0,
      "true_negative": 0,
      "incorrect": 0,
      "missing": 0,
      "hallucinated": 12
    },
    "organizations[3].name": {
      "accuracy": 0.3333333333333333,
      "precision": 1.0,
      "recall": 0.3333333333333333,
      "f1_score": 0.5,
      "correct": 1,
      "true_negative": 0,
      "incorrect": 0,
      "missing": 2,
      "hallucinated": 0
    },
    "organizations[3].role": {
      "accuracy": 0.3333333333333333,
      "precision": 1.0,
      "recall": 0.3333333333333333,
      "f1_score": 0.5,
      "correct": 1,
      "true_negative": 0,
      "incorrect": 0,
      "missing": 2,
      "hallucinated": 0
    },
    "organizations[h4].name": {
      "accuracy": 0.0,
      "precision": 0.0,
      "recall": 0.0,
      "f1_score": 0.0,
      "correct": 0,
      "true_negative": 0,
      "incorrect": 0,
      "missing": 0,
      "hallucinated": 1
    },
    "organizations[h4].role": {
      "accuracy": 0.0,
      "precision": 0.0,
      "recall": 0.0,
      "f1_score": 0.0,
      "correct": 0,
      "true_negative": 0,
      "incorrect": 0,
      "missing": 0,
      "hallucinated": 1
    },