{
  "model": "llama3.1:8b",
  "template": "PS3_KI2",
  "total_samples": 50,
  "valid_json_count": 50,
  "json_validity_rate": 1.0,
  "overall_accuracy": 0.18600790513833992,
  "overall_precision": 0.33023264292696075,
  "overall_recall": 0.24628198137031404,
  "overall_f1": 0.25321331976720973,
  "overall_hallucination_rate": 0.1575,
  "avg_latency_seconds": 14.314546003341675,
  "field_metrics": {
    "ai_system.developer": {
      "accuracy": 0.44,
      "precision": 1.0,
      "recall": 0.44,
      "f1_score": 0.6111111111111112,
      "correct": 22,
      "incorrect": 0,
      "missing": 28,
      "hallucinated": 0
    },
    "ai_system.system_type": {
      "accuracy": 0.06,
      "precision": 0.06521739130434782,
      "recall": 0.42857142857142855,
      "f1_score": 0.11320754716981131,
      "correct": 3,
      "incorrect": 42,
      "missing": 4,
      "hallucinated": 1
    },
    "ai_system.name": {
      "accuracy": 0.64,
      "precision": 0.64,
      "recall": 1.0,
      "f1_score": 0.7804878048780487,
      "correct": 32,
      "incorrect": 3,
      "missing": 0,
      "hallucinated": 15
    },
    "ai_system.deployer": {
      "accuracy": 0.38,
      "precision": 0.8636363636363636,
      "recall": 0.40425531914893614,
      "f1_score": 0.5507246376811594,
      "correct": 19,
      "incorrect": 0,
      "missing": 28,
      "hallucinated": 3
    },
    "event.event_date": {
      "accuracy": 0.0,
      "precision": 0.0,
      "recall": 0.0,
      "f1_score": 0.0,
      "correct": 0,
      "incorrect": 0,
      "missing": 50,
      "hallucinated": 0
    },
    "event.event_location": {
      "accuracy": 0.2,
      "precision": 0.5882352941176471,
      "recall": 0.23255813953488372,
      "f1_score": 0.3333333333333333,
      "correct": 10,
      "incorrect": 7,
      "missing": 33,
      "hallucinated": 0
    },
    "event.event_type": {
      "accuracy": 0.0,
      "precision": 0.0,
      "recall": 0.0,
      "f1_score": 0.0,
      "correct": 0,
      "incorrect": 3,
      "missing": 47,
      "hallucinated": 0
    },
    "harm.severity": {
      "accuracy": 0.0,
      "precision": 0.0,
      "recall": 0.0,
      "f1_score": 0.0,
      "correct": 0,
      "incorrect": 11,
      "missing": 39,
      "hallucinated": 0
    },
    "harm.harm_type": {
      "accuracy": 0.02,
      "precision": 0.023809523809523808,
      "recall": 0.1111111111111111,
      "f1_score": 0.0392156862745098,
      "correct": 1,
      "incorrect": 41,
      "missing": 8,
      "hallucinated": 0
    },
    "harm.affected_parties": {
      "accuracy": 0.12,
      "precision": 0.5,
      "recall": 0.13636363636363635,
      "f1_score": 0.21428571428571427,
      "correct": 6,
      "incorrect": 5,
      "missing": 38,
      "hallucinated": 1
    },
    "organizations[0].name": {
      "accuracy": 0.82,
      "precision": 1.0,
      "recall": 0.82,
      "f1_score": 0.9010989010989011,
      "correct": 41,
      "incorrect": 0,
      "missing": 9,
      "hallucinated": 0
    },
    "organizations[0].role": {
      "accuracy": 0.38,
      "precision": 0.48717948717948717,
      "recall": 0.6333333333333333,
      "f1_score": 0.5507246376811593,
      "correct": 19,
      "incorrect": 19,
      "missing": 11,
      "hallucinated": 1
    },
    "organizations[1].name": {
      "accuracy": 0.6060606060606061,
      "precision": 0.9090909090909091,
      "recall": 0.6451612903225806,
      "f1_score": 0.7547169811320754,
      "correct": 20,
      "incorrect": 2,
      "missing": 11,
      "hallucinated": 0
    },
    "organizations[1].role": {
      "accuracy": 0.21212121212121213,
      "precision": 0.3181818181818182,
      "recall": 0.3888888888888889,
      "f1_score": 0.35000000000000003,
      "correct": 7,
      "incorrect": 14,
      "missing": 11,
      "hallucinated": 1
    },
    "organizations[2].name": {
      "accuracy": 0.3333333333333333,
      "precision": 1.0,
      "recall": 0.3333333333333333,
      "f1_score": 0.5,
      "correct": 5,
      "incorrect": 0,
      "missing": 10,
      "hallucinated": 0
    },
    "organizations[2].role": {
      "accuracy": 0.06666666666666667,
      "precision": 0.2,
      "recall": 0.09090909090909091,
      "f1_score": 0.12500000000000003,
      "correct": 1,
      "incorrect": 4,
      "missing": 10,
      "hallucinated": 0
    },
    "organizations[h0].name": {
      "accuracy": 0.0,
      "precision": 0.0,
      "recall": 0.0,
      "f1_score": 0.0,
      "correct": 0,
      "incorrect": 0,
      "missing": 0,
      "hallucinated": 10
    },
    "organizations[h0].role": {
      "accuracy": 0.0,
      "precision": 0.0,
      "recall": 0.0,
      "f1_score": 0.0,
      "correct": 0,
      "incorrect": 0,
      "missing": 0,
      "hallucinated": 10
    },
    "organizations[3].name": {
      "accuracy": 0.0,
      "precision": 0.0,
      "recall": 0.0,
      "f1_score": 0.0,
      "correct": 0,
      "incorrect": 0,
      "missing": 3,
      "hallucinated": 0
    },
    "organizations[3].role": {
      "accuracy": 0.0,
      "precision": 0.0,
      "recall": 0.0,
      "f1_score": 0.0,
      "correct": 0,
      "incorrect": 0,
      "missing": 3,
      "hallucinated": 0
    },
    "organizations[h1].name": {
      "accuracy": 0.0,
      "precision": 0.0,
      "recall": 0.0,
      "f1_score": 0.0,
      "correct": 0,
      "incorrect": 0,
      "missing": 0,
      "hallucinated": 5
    },
    "organizations[h1].role": {
      "accuracy": 0.0,
      "precision": 0.0,
      "recall": 0.0,
      "f1_score": 0.0,
      "correct": 0,
      "incorrect": 0,
      "missing": 0,
      "hallucinated": 5
    },
    "harm.type[0]": {
      "accuracy": 0.0,
      "precision": 0.0,
      "recall": 0.0,
      "f1_score": 0.0,
      "correct": 0,
      "incorrect": 0,
      "missing": 0,
      "hallucinated": 1
    },
    "organizations[4].name": {
      "accuracy": 0.0,
      "precision": 0.0,
      "recall": 0.0,
      "f1_score": 0.0,
      "correct": 0,
      "incorrect": 0,
      "missing": 1,
      "hallucinated": 0
    },
    "organizations[4].role": {
      "accuracy": 0.0,
      "precision": 0.0,
      "recall": 0.0,
      "f1_score": 0.0,
      "correct": 0,
      "incorrect": 0,
      "missing": 1,
      "hallucinated": 0
    },
    "organizations[h2].name": {
      "accuracy": 0.0,
      "precision": 0.0,
      "recall": 0.0,
      "f1_score": 0.0,
      "correct": 0,
      "incorrect": 0,
      "missing": 0,
      "hallucinated": 4
    },
    "organizations[h2].role": {
      "accuracy": 0.0,
      "precision": 0.0,
      "recall": 0.0,
      "f1_score": 0.0,
      "correct": 0,
      "incorrect": 0,
      "missing": 0,
      "hallucinated": 4
    },
    "harm.1": {
      "accuracy": 0.0,
      "precision": 0.0,
      "recall": 0.0,
      "f1_score": 0.0,
      "correct": 0,
      "incorrect": 0,
      "missing": 0,
      "hallucinated": 1
    },
    "harm.0": {
      "accuracy": 0.0,
      "precision": 0.0,
      "recall": 0.0,
      "f1_score": 0.0,
      "correct": 0,
      "incorrect": 0,
      "missing": 0,
      "hallucinated": 1
    }
  },
  "error_count": 0
}