{
  "model": "claude-haiku-4-5-20251001",
  "template": "PS3_KI3",
  "total_samples": 50,
  "valid_json_count": 50,
  "json_validity_rate": 1.0,
  "overall_accuracy": 0.3763667065794725,
  "overall_precision": 0.5282731724706179,
  "overall_recall": 0.4527760128254049,
  "overall_f1": 0.45008105767274453,
  "overall_hallucination_rate": 0.14213197969543148,
  "avg_latency_seconds": 4.064076833724975,
  "field_metrics": {
    "organizations[0].name": {
      "accuracy": 0.8723404255319149,
      "precision": 1.0,
      "recall": 0.8723404255319149,
      "f1_score": 0.9318181818181819,
      "correct": 41,
      "incorrect": 0,
      "missing": 6,
      "hallucinated": 0
    },
    "organizations[0].role": {
      "accuracy": 0.14893617021276595,
      "precision": 0.16666666666666666,
      "recall": 0.5833333333333334,
      "f1_score": 0.25925925925925924,
      "correct": 7,
      "incorrect": 35,
      "missing": 5,
      "hallucinated": 0
    },
    "organizations[1].name": {
      "accuracy": 0.7575757575757576,
      "precision": 0.9615384615384616,
      "recall": 0.78125,
      "f1_score": 0.8620689655172413,
      "correct": 25,
      "incorrect": 1,
      "missing": 7,
      "hallucinated": 0
    },
    "organizations[1].role": {
      "accuracy": 0.15151515151515152,
      "precision": 0.18518518518518517,
      "recall": 0.45454545454545453,
      "f1_score": 0.2631578947368421,
      "correct": 5,
      "incorrect": 22,
      "missing": 6,
      "hallucinated": 0
    },
    "organizations[2].name": {
      "accuracy": 0.3333333333333333,
      "precision": 1.0,
      "recall": 0.3333333333333333,
      "f1_score": 0.5,
      "correct": 5,
      "incorrect": 0,
      "missing": 10,
      "hallucinated": 0
    },
    "organizations[2].role": {
      "accuracy": 0.06666666666666667,
      "precision": 0.2,
      "recall": 0.09090909090909091,
      "f1_score": 0.12500000000000003,
      "correct": 1,
      "incorrect": 4,
      "missing": 10,
      "hallucinated": 0
    },
    "event.event_type": {
      "accuracy": 0.0,
      "precision": 0.0,
      "recall": 0.0,
      "f1_score": 0.0,
      "correct": 0,
      "incorrect": 41,
      "missing": 9,
      "hallucinated": 0
    },
    "event.event_location": {
      "accuracy": 0.3,
      "precision": 0.7142857142857143,
      "recall": 0.3409090909090909,
      "f1_score": 0.4615384615384615,
      "correct": 15,
      "incorrect": 6,
      "missing": 29,
      "hallucinated": 0
    },
    "event.event_date": {
      "accuracy": 0.88,
      "precision": 0.9361702127659575,
      "recall": 0.9361702127659575,
      "f1_score": 0.9361702127659575,
      "correct": 44,
      "incorrect": 3,
      "missing": 3,
      "hallucinated": 0
    },
    "ai_system.system_type": {
      "accuracy": 0.1,
      "precision": 0.13513513513513514,
      "recall": 0.2777777777777778,
      "f1_score": 0.18181818181818182,
      "correct": 5,
      "incorrect": 32,
      "missing": 13,
      "hallucinated": 0
    },
    "ai_system.name": {
      "accuracy": 0.86,
      "precision": 0.8958333333333334,
      "recall": 0.9555555555555556,
      "f1_score": 0.924731182795699,
      "correct": 43,
      "incorrect": 1,
      "missing": 2,
      "hallucinated": 4
    },
    "ai_system.developer": {
      "accuracy": 0.84,
      "precision": 0.9767441860465116,
      "recall": 0.8571428571428571,
      "f1_score": 0.9130434782608695,
      "correct": 42,
      "incorrect": 1,
      "missing": 7,
      "hallucinated": 0
    },
    "ai_system.deployer": {
      "accuracy": 0.64,
      "precision": 0.8421052631578947,
      "recall": 0.7272727272727273,
      "f1_score": 0.7804878048780488,
      "correct": 32,
      "incorrect": 4,
      "missing": 12,
      "hallucinated": 2
    },
    "harm.severity": {
      "accuracy": 0.02,
      "precision": 0.3333333333333333,
      "recall": 0.020833333333333332,
      "f1_score": 0.0392156862745098,
      "correct": 1,
      "incorrect": 2,
      "missing": 47,
      "hallucinated": 0
    },
    "harm.harm_type": {
      "accuracy": 0.02,
      "precision": 0.021739130434782608,
      "recall": 0.2,
      "f1_score": 0.0392156862745098,
      "correct": 1,
      "incorrect": 45,
      "missing": 4,
      "hallucinated": 0
    },
    "harm.affected_parties": {
      "accuracy": 0.58,
      "precision": 0.725,
      "recall": 0.7435897435897436,
      "f1_score": 0.7341772151898733,
      "correct": 29,
      "incorrect": 11,
      "missing": 10,
      "hallucinated": 0
    },
    "organizations[h0].name": {
      "accuracy": 0.0,
      "precision": 0.0,
      "recall": 0.0,
      "f1_score": 0.0,
      "correct": 0,
      "incorrect": 0,
      "missing": 0,
      "hallucinated": 8
    },
    "organizations[h0].role": {
      "accuracy": 0.0,
      "precision": 0.0,
      "recall": 0.0,
      "f1_score": 0.0,
      "correct": 0,
      "incorrect": 0,
      "missing": 0,
      "hallucinated": 8
    },
    "organizations[h1].name": {
      "accuracy": 0.0,
      "precision": 0.0,
      "recall": 0.0,
      "f1_score": 0.0,
      "correct": 0,
      "incorrect": 0,
      "missing": 0,
      "hallucinated": 12
    },
    "organizations[h1].role": {
      "accuracy": 0.0,
      "precision": 0.0,
      "recall": 0.0,
      "f1_score": 0.0,
      "correct": 0,
      "incorrect": 0,
      "missing": 0,
      "hallucinated": 12
    },
    "organizations[h2].name": {
      "accuracy": 0.0,
      "precision": 0.0,
      "recall": 0.0,
      "f1_score": 0.0,
      "correct": 0,
      "incorrect": 0,
      "missing": 0,
      "hallucinated": 7
    },
    "organizations[h2].role": {
      "accuracy": 0.0,
      "precision": 0.0,
      "recall": 0.0,
      "f1_score": 0.0,
      "correct": 0,
      "incorrect": 0,
      "missing": 0,
      "hallucinated": 7
    },
    "event.event_date_quote": {
      "accuracy": 0.0,
      "precision": 0.0,
      "recall": 0.0,
      "f1_score": 0.0,
      "correct": 0,
      "incorrect": 0,
      "missing": 0,
      "hallucinated": 2
    },
    "event.description_quote": {
      "accuracy": 0.0,
      "precision": 0.0,
      "recall": 0.0,
      "f1_score": 0.0,
      "correct": 0,
      "incorrect": 0,
      "missing": 0,
      "hallucinated": 2
    },
    "ai_system.system_type_quote": {
      "accuracy": 0.0,
      "precision": 0.0,
      "recall": 0.0,
      "f1_score": 0.0,
      "correct": 0,
      "incorrect": 0,
      "missing": 0,
      "hallucinated": 2
    },
    "ai_system.ai_system_name_quote": {
      "accuracy": 0.0,
      "precision": 0.0,
      "recall": 0.0,
      "f1_score": 0.0,
      "correct": 0,
      "incorrect": 0,
      "missing": 0,
      "hallucinated": 2
    },
    "ai_system.developer_quote": {
      "accuracy": 0.0,
      "precision": 0.0,
      "recall": 0.0,
      "f1_score": 0.0,
      "correct": 0,
      "incorrect": 0,
      "missing": 0,
      "hallucinated": 2
    },
    "harm.harm_type_quote": {
      "accuracy": 0.0,
      "precision": 0.0,
      "recall": 0.0,
      "f1_score": 0.0,
      "correct": 0,
      "incorrect": 0,
      "missing": 0,
      "hallucinated": 2
    },
    "incidents": {
      "accuracy": 0.0,
      "precision": 0.0,
      "recall": 0.0,
      "f1_score": 0.0,
      "correct": 0,
      "incorrect": 0,
      "missing": 0,
      "hallucinated": 2
    },
    "event.event_location_quote": {
      "accuracy": 0.0,
      "precision": 0.0,
      "recall": 0.0,
      "f1_score": 0.0,
      "correct": 0,
      "incorrect": 0,
      "missing": 0,
      "hallucinated": 1
    },
    "ai_system.deployer_quote": {
      "accuracy": 0.0,
      "precision": 0.0,
      "recall": 0.0,
      "f1_score": 0.0,
      "correct": 0,
      "incorrect": 0,
      "missing": 0,
      "hallucinated": 1
    },
    "organizations[3].name": {
      "accuracy": 0.3333333333333333,
      "precision": 1.0,
      "recall": 0.3333333333333333,
      "f1_score": 0.5,
      "correct": 1,
      "incorrect": 0,
      "missing": 2,