{
  "model": "claude-opus-4-6",
  "template": "PS3_KI3",
  "total_samples": 50,
  "valid_json_count": 50,
  "json_validity_rate": 1.0,
  "overall_accuracy": 0.836,
  "overall_accuracy_micro": 0.836,
  "overall_precision": 0.8319433106575964,
  "overall_precision_micro": 0.8341121495327103,
  "overall_recall": 0.9624036281179139,
  "overall_recall_micro": 0.970108695652174,
  "overall_f1": 0.8875900102626304,
  "overall_f1_micro": 0.8969849246231156,
  "overall_hallucination_rate": 0.018691588785046728,
  "avg_latency_seconds": 17.93193232536316,
  "field_metrics": {
    "ai_system.deployer": {
      "accuracy": 0.76,
      "precision": 0.7142857142857143,
      "recall": 0.8333333333333334,
      "f1_score": 0.7692307692307692,
      "correct": 20,
      "true_negative": 18,
      "incorrect": 4,
      "missing": 4,
      "hallucinated": 4
    },
    "ai_system.system_type": {
      "accuracy": 0.78,
      "precision": 0.78,
      "recall": 1.0,
      "f1_score": 0.8764044943820225,
      "correct": 39,
      "true_negative": 0,
      "incorrect": 11,
      "missing": 0,
      "hallucinated": 0
    },
    "ai_system.developer": {
      "accuracy": 0.88,
      "precision": 0.9285714285714286,
      "recall": 0.8666666666666667,
      "f1_score": 0.896551724137931,
      "correct": 26,
      "true_negative": 18,
      "incorrect": 1,
      "missing": 4,
      "hallucinated": 1
    },
    "ai_system.name": {
      "accuracy": 0.9,
      "precision": 0.8214285714285714,
      "recall": 1.0,
      "f1_score": 0.9019607843137255,
      "correct": 23,
      "true_negative": 22,
      "incorrect": 2,
      "missing": 0,
      "hallucinated": 3
    },
    "harm.harm_type": {
      "accuracy": 0.8,
      "precision": 0.8,
      "recall": 1.0,
      "f1_score": 0.888888888888889,
      "correct": 40,
      "true_negative": 0,
      "incorrect": 10,
      "missing": 0,
      "hallucinated": 0
    },
    "harm.severity": {
      "accuracy": 0.62,
      "precision": 0.62,
      "recall": 1.0,
      "f1_score": 0.7654320987654321,
      "correct": 31,
      "true_negative": 0,
      "incorrect": 19,
      "missing": 0,
      "hallucinated": 0
    },
    "harm.affected_parties": {
      "accuracy": 0.74,
      "precision": 0.7555555555555555,
      "recall": 0.9444444444444444,
      "f1_score": 0.8395061728395062,
      "correct": 34,
      "true_negative": 3,
      "incorrect": 11,
      "missing": 2,
      "hallucinated": 0
    },
    "event.event_location": {
      "accuracy": 1.0,
      "precision": 1.0,
      "recall": 1.0,
      "f1_score": 1.0,
      "correct": 50,
      "true_negative": 0,
      "incorrect": 0,
      "missing": 0,
      "hallucinated": 0
    },
    "event.event_date": {
      "accuracy": 0.96,
      "precision": 0.9795918367346939,
      "recall": 0.9795918367346939,
      "f1_score": 0.9795918367346939,
      "correct": 48,
      "true_negative": 0,
      "incorrect": 1,
      "missing": 1,
      "hallucinated": 0
    },
    "event.event_type": {
      "accuracy": 0.92,
      "precision": 0.92,
      "recall": 1.0,
      "f1_score": 0.9583333333333334,
      "correct": 46,
      "true_negative": 0,
      "incorrect": 4,
      "missing": 0,
      "hallucinated": 0
    },
    "organizations[0].name": {
      "accuracy": 0.9574468085106383,
      "precision": 1.0,
      "recall": 0.9574468085106383,
      "f1_score": 0.9782608695652174,
      "correct": 45,
      "true_negative": 0,
      "incorrect": 0,
      "missing": 2,
      "hallucinated": 0
    },
    "organizations[0].role": {
      "accuracy": 0.8085106382978723,
      "precision": 0.8444444444444444,
      "recall": 0.95,
      "f1_score": 0.8941176470588236,
      "correct": 38,
      "true_negative": 0,
      "incorrect": 7,
      "missing": 2,
      "hallucinated": 0
    },
    "organizations[1].name": {
      "accuracy": 0.8181818181818182,
      "precision": 0.9642857142857143,
      "recall": 0.84375,
      "f1_score": 0.8999999999999999,
      "correct": 27,
      "true_negative": 0,
      "incorrect": 1,
      "missing": 5,
      "hallucinated": 0
    },
    "organizations[1].role": {
      "accuracy": 0.45454545454545453,
      "precision": 0.5357142857142857,
      "recall": 0.75,
      "f1_score": 0.6250000000000001,
      "correct": 15,
      "true_negative": 0,
      "incorrect": 13,
      "missing": 5,
      "hallucinated": 0
    },
    "organizations[2].name": {
      "accuracy": 0.3333333333333333,
      "precision": 1.0,
      "recall": 0.3333333333333333,
      "f1_score": 0.5,
      "correct": 5,
      "true_negative": 0,
      "incorrect": 0,
      "missing": 10,
      "hallucinated": 0
    },
    "organizations[2].role": {
      "accuracy": 0.3333333333333333,
      "precision": 1.0,
      "recall": 0.3333333333333333,
      "f1_score": 0.5,
      "correct": 5,
      "true_negative": 0,
      "incorrect": 0,
      "missing": 10,
      "hallucinated": 0
    },
    "organizations[h0].name": {
      "accuracy": 0.0,
      "precision": 0.0,
      "recall": 0.0,
      "f1_score": 0.0,
      "correct": 0,
      "true_negative": 0,
      "incorrect": 0,
      "missing": 0,
      "hallucinated": 5
    },
    "organizations[h0].role": {
      "accuracy": 0.0,
      "precision": 0.0,
      "recall": 0.0,
      "f1_score": 0.0,
      "correct": 0,
      "true_negative": 0,
      "incorrect": 0,
      "missing": 0,
      "hallucinated": 5
    },
    "organizations[h1].name": {
      "accuracy": 0.0,
      "precision": 0.0,
      "recall": 0.0,
      "f1_score": 0.0,
      "correct": 0,
      "true_negative": 0,
      "incorrect": 0,
      "missing": 0,
      "hallucinated": 17
    },
    "organizations[h1].role": {
      "accuracy": 0.0,
      "precision": 0.0,
      "recall": 0.0,
      "f1_score": 0.0,
      "correct": 0,
      "true_negative": 0,
      "incorrect": 0,
      "missing": 0,
      "hallucinated": 17
    },
    "organizations[h2].name": {
      "accuracy": 0.0,
      "precision": 0.0,
      "recall": 0.0,
      "f1_score": 0.0,
      "correct": 0,
      "true_negative": 0,
      "incorrect": 0,
      "missing": 0,
      "hallucinated": 17
    },
    "organizations[h2].role": {
      "accuracy": 0.0,
      "precision": 0.0,
      "recall": 0.0,
      "f1_score": 0.0,
      "correct": 0,
      "true_negative": 0,
      "incorrect": 0,
      "missing": 0,
      "hallucinated": 17
    },
    "organizations[h3].name": {
      "accuracy": 0.0,
      "precision": 0.0,
      "recall": 0.0,
      "f1_score": 0.0,
      "correct": 0,
      "true_negative": 0,
      "incorrect": 0,
      "missing": 0,
      "hallucinated": 7
    },
    "organizations[h3].role": {
      "accuracy": 0.0,
      "precision": 0.0,
      "recall": 0.0,
      "f1_score": 0.0,
      "correct": 0,
      "true_negative": 0,
      "incorrect": 0,
      "missing": 0,
      "hallucinated": 7
    },
    "organizations[3].name": {
      "accuracy": 0.3333333333333333,
      "precision": 1.0,
      "recall": 0.3333333333333333,
      "f1_score": 0.5,
      "correct": 1,
      "true_negative": 0,
      "incorrect": 0,
      "missing": 2,
      "hallucinated": 0
    },
    "organizations[3].role": {
      "accuracy": 0.3333333333333333,
      "precision": 1.0,
      "recall": 0.3333333333333333,
      "f1_score": 0.5,
      "correct": 1,
      "true_negative": 0,
      "incorrect": 0,
      "missing": 2,
      "hallucinated": 0
    },
    "organizations[h4].name": {
      "accuracy": 0.0,
      "precision": 0.0,
      "recall": 0.0,
      "f1_score": 0.0,
      "correct": 0,
      "true_negative": 0,
      "incorrect": 0,
      "missing": 0,
      "hallucinated": 2
    },
    "organizations[h4].role": {
      "accuracy": 0.0,
      "precision": 0.0,
      "recall": 0.0,
      "f1_score": 0.0,
      "correct": 0,
      "true_negative": 0,
      "incorrect": 0,
      "missing": 0,
      "hallucinated": 2
    },
    "organizations[4].name": {
      "accuracy": 0.0,
      "precision": 0.0,